transaction_id,amount,transaction_hour,merchant_category,customer_age,account_age_days,transactions_last_24h,avg_amount_30d,distance_from_home_km,device_trust_score,failed_login_attempts,is_international,card_present,is_new_device,is_fraud
TXN-00000001,55.7,13,travel,49,1470,1,26.99,1.6,60.81,0,1,1,0,0
TXN-00000002,13.57,6,online_shopping,40,809,1,21.11,0.87,79.94,0,1,1,0,0
TXN-00000003,88.94,14,electronics,64,791,3,10.03,23.63,58.98,1,1,1,0,1
TXN-00000004,108.59,15,gaming,63,1056,2,12.85,7.81,77.6,0,1,1,0,1
TXN-00000005,5.21,3,electronics,26,629,0,27.71,0.17,77.35,0,0,1,0,0
TXN-00000006,10.31,4,restaurant,44,574,3,22.9,29.0,69.88,1,0,1,1,0
TXN-00000007,46.26,6,travel,41,1272,4,27.68,23.22,83.04,0,0,1,0,0
TXN-00000008,29.02,13,jewelry,44,1328,1,81.77,1.62,77.42,1,1,0,0,0
TXN-00000009,39.74,3,online_shopping,38,582,3,34.78,0.89,78.26,0,0,0,0,0
TXN-00000010,16.52,18,restaurant,65,707,1,10.0,0.57,84.28,0,0,0,0,0
TXN-00000011,101.84,2,restaurant,75,1183,2,19.4,19.94,80.84,0,0,1,1,0
TXN-00000012,91.53,22,fuel,19,1134,1,36.79,3.84,75.52,1,0,1,0,0
TXN-00000013,43.35,16,fuel,67,1087,0,18.89,3.39,68.92,1,0,0,0,0
TXN-00000014,132.11,8,restaurant,68,598,4,15.37,60.65,77.76,1,0,0,0,0
TXN-00000015,66.08,8,online_shopping,39,2752,3,52.88,10.41,81.87,1,0,1,0,0
TXN-00000016,16.41,16,online_shopping,46,754,2,22.32,10.93,91.82,0,0,0,0,0
TXN-00000017,59.57,2,electronics,23,1207,0,16.63,20.69,84.75,1,0,1,0,0
TXN-00000018,14.78,17,online_shopping,38,505,6,16.76,0.5,57.03,0,1,1,0,0
TXN-00000019,101.74,13,fuel,31,933,3,87.51,8.22,84.88,0,0,1,0,0
TXN-00000020,38.38,5,restaurant,70,574,2,13.95,15.24,82.26,0,1,1,0,1
TXN-00000021,33.31,21,grocery,24,738,4,25.68,1.91,66.45,1,0,0,0,0
TXN-00000022,19.79,15,jewelry,37,1097,1,26.69,5.6,92.39,2,1,1,0,0
TXN-00000023,146.01,3,electronics,45,1781,0,45.83,7.95,57.14,0,0,1,0,0
TXN-00000024,34.39,15,pharmacy,74,697,5,17.29,15.09,38.16,2,0,0,1,0
TXN-00000025,25.8,9,fuel,65,1071,3,16.95,4.39,74.73,1,0,1,0,0
TXN-00000026,27.95,18,online_shopping,72,1199,3,49.54,65.98,93.15,0,1,0,0,0
TXN-00000027,70.73,11,fuel,35,1358,0,146.92,7.7,80.19,0,0,0,0,0
TXN-00000028,59.37,23,travel,33,316,5,20.28,7.09,62.62,0,0,1,0,1
TXN-00000029,62.39,22,grocery,51,1456,1,19.41,7.52,72.93,0,0,1,0,0
TXN-00000030,63.58,0,restaurant,37,1206,2,147.47,9.23,77.51,1,0,1,0,0
TXN-00000031,383.27,9,online_shopping,18,1086,2,23.21,37.38,62.82,0,0,0,0,0
TXN-00000032,26.4,4,online_shopping,65,2661,4,23.81,6.78,75.37,1,0,0,0,0
TXN-00000033,23.62,10,fuel,23,653,2,33.69,7.36,76.4,0,1,1,0,0
TXN-00000034,17.21,3,electronics,29,1135,4,39.03,3.79,72.49,0,1,1,0,1
TXN-00000035,77.23,12,cash_withdrawal,72,2382,3,35.18,21.42,87.2,0,0,0,0,0
TXN-00000036,132.35,3,online_shopping,60,1684,2,55.99,15.09,75.78,1,0,1,0,0
TXN-00000037,35.89,14,restaurant,55,788,4,12.09,24.4,88.79,0,0,1,0,1
TXN-00000038,16.74,10,jewelry,25,1078,2,25.83,6.23,50.08,2,0,1,0,0
TXN-00000039,17.02,23,grocery,32,1095,2,60.74,0.57,54.0,0,0,0,0,0
TXN-00000040,80.09,21,grocery,29,849,3,10.0,17.12,95.06,0,0,1,0,1
TXN-00000041,88.27,14,fuel,55,456,0,12.73,15.09,87.6,1,0,0,0,0
TXN-00000042,71.54,10,pharmacy,47,795,5,47.45,6.81,68.81,2,0,1,0,0
TXN-00000043,20.11,17,fuel,38,1251,1,31.62,52.24,65.41,1,0,1,0,0
TXN-00000044,51.61,16,restaurant,61,785,3,19.68,2.0,87.67,1,0,0,0,0
TXN-00000045,45.72,3,grocery,63,933,3,36.76,2.21,81.93,0,1,1,0,1
TXN-00000046,50.89,9,grocery,60,1792,0,39.86,15.88,78.34,0,0,1,0,0
TXN-00000047,100.99,23,restaurant,24,936,1,16.81,21.22,98.52,0,0,0,1,0
TXN-00000048,51.15,7,travel,53,967,4,28.51,12.6,93.39,0,0,0,1,0
TXN-00000049,82.51,0,online_shopping,30,1030,1,13.95,21.76,60.94,0,0,0,1,0
TXN-00000050,43.42,20,grocery,33,748,2,63.41,8.44,63.55,1,0,1,0,0
TXN-00000051,54.79,22,travel,74,1479,2,10.87,1.86,84.15,2,0,0,0,0
TXN-00000052,78.48,15,restaurant,42,506,2,27.55,22.32,81.9,1,1,1,0,0
TXN-00000053,8.76,15,travel,63,746,6,50.17,22.44,80.99,1,0,1,0,0
TXN-00000054,28.91,8,grocery,32,1081,2,110.04,37.59,88.95,0,0,0,0,0
TXN-00000055,24.68,8,fuel,74,810,3,26.44,11.71,90.56,0,0,0,0,0
TXN-00000056,20.68,21,travel,34,2020,5,179.07,43.6,80.46,1,0,0,0,0
TXN-00000057,30.3,20,electronics,28,971,1,14.32,5.27,83.9,0,0,0,0,0
TXN-00000058,194.36,11,pharmacy,36,958,4,43.91,11.48,73.21,0,1,0,0,1
TXN-00000059,16.3,7,grocery,28,581,1,19.03,35.05,77.38,1,0,0,0,0
TXN-00000060,111.8,4,grocery,52,819,0,86.98,11.83,61.81,1,0,1,0,0
TXN-00000061,6.91,0,gaming,26,1448,3,28.29,4.1,91.81,0,0,1,0,0
TXN-00000062,28.46,11,online_shopping,30,671,4,15.33,71.53,91.55,0,0,1,0,0
TXN-00000063,47.99,13,grocery,58,362,1,67.08,0.01,60.42,0,0,1,0,0
TXN-00000064,74.85,16,electronics,20,891,1,22.53,6.52,89.49,1,1,1,1,1
TXN-00000065,85.35,19,travel,43,995,2,12.88,24.93,83.14,0,0,1,0,0
TXN-00000066,93.04,8,restaurant,58,773,1,24.32,12.52,72.43,0,0,1,0,0
TXN-00000067,28.05,4,restaurant,43,1805,2,57.74,33.69,68.52,0,0,0,1,1
TXN-00000068,24.89,20,electronics,19,2574,5,27.2,13.08,87.31,0,0,1,0,0
TXN-00000069,99.57,18,gaming,27,1077,1,23.21,32.07,78.57,1,0,1,0,0
TXN-00000070,33.09,12,fuel,74,815,3,29.9,38.58,77.13,1,0,1,0,0
TXN-00000071,10.6,0,online_shopping,62,1251,0,10.0,72.75,43.95,0,0,1,0,0
TXN-00000072,12.31,11,fuel,38,1811,3,192.27,24.79,83.03,0,0,0,0,0
TXN-00000073,15.4,14,pharmacy,68,698,7,28.89,23.13,73.27,1,0,1,0,0
TXN-00000074,68.17,20,gaming,18,1410,1,56.05,12.61,74.8,1,0,1,0,0
TXN-00000075,46.97,12,cash_withdrawal,20,891,1,79.16,10.84,85.86,1,0,0,0,0
TXN-00000076,83.51,11,travel,69,1634,3,14.87,8.39,93.17,1,0,1,0,0
TXN-00000077,25.83,9,electronics,57,581,0,13.02,9.31,89.06,0,0,1,0,0
TXN-00000078,47.77,9,travel,52,1922,1,84.27,0.99,77.29,0,0,1,0,0
TXN-00000079,78.01,0,online_shopping,37,1095,0,17.56,1.17,75.68,0,0,1,0,0
TXN-00000080,29.23,2,online_shopping,65,1249,3,23.18,5.66,85.97,1,0,1,0,0
TXN-00000081,65.34,18,fuel,53,531,5,18.22,21.85,58.08,1,0,0,0,0
TXN-00000082,20.19,8,grocery,43,523,0,10.0,31.42,79.67,1,0,0,0,0
TXN-00000083,27.63,20,online_shopping,40,1151,3,25.77,27.73,77.25,0,0,1,0,0
TXN-00000084,27.09,9,fuel,38,1268,6,28.45,6.9,67.37,0,1,1,0,0
TXN-00000085,11.52,23,fuel,51,852,1,59.85,25.47,80.27,0,0,0,0,0
TXN-00000086,67.45,4,restaurant,56,1334,3,22.22,13.05,86.19,1,0,1,0,0
TXN-00000087,24.71,4,jewelry,64,529,0,20.01,6.67,85.94,0,0,1,0,0
TXN-00000088,40.98,14,online_shopping,41,437,3,42.3,4.11,97.05,0,0,1,0,0
TXN-00000089,67.01,19,electronics,32,1033,3,53.36,21.61,62.65,0,1,0,0,0
TXN-00000090,64.64,3,fuel,50,518,1,13.94,1.16,74.41,0,0,0,0,0
TXN-00000091,81.34,12,online_shopping,51,367,0,10.0,2.42,80.1,2,0,0,0,0
TXN-00000092,36.47,5,pharmacy,34,606,1,126.96,3.6,69.61,1,0,1,0,0
TXN-00000093,25.93,17,grocery,22,1246,2,82.2,18.29,81.71,1,1,1,0,0
TXN-00000094,37.2,13,electronics,37,1084,3,19.21,0.5,61.61,1,0,0,1,0
TXN-00000095,6.88,15,restaurant,22,1823,1,23.95,5.52,78.15,1,1,0,1,0
TXN-00000096,8.85,6,jewelry,22,1120,1,28.87,19.43,62.2,0,0,0,0,0
TXN-00000097,10.09,6,grocery,74,541,3,16.93,31.28,94.96,0,0,1,0,0
TXN-00000098,14.2,15,online_shopping,63,1287,0,20.17,89.03,82.98,0,0,1,0,0
TXN-00000099,61.54,8,grocery,20,688,1,27.32,14.55,76.18,1,0,1,0,0
TXN-00000100,15.63,16,cash_withdrawal,38,843,4,11.73,10.14,94.95,0,0,1,1,0
TXN-00000101,27.19,3,restaurant,32,695,1,135.34,6.21,61.07,0,0,0,0,0
TXN-00000102,158.25,7,jewelry,74,500,1,10.0,13.44,87.24,0,0,1,0,0
TXN-00000103,27.82,2,cash_withdrawal,43,3246,1,10.0,25.1,80.12,0,0,1,0,0
TXN-00000104,87.74,2,grocery,33,632,1,53.21,4.79,79.62,0,0,1,1,0
TXN-00000105,15.18,6,online_shopping,54,339,0,22.81,55.9,97.18,0,0,0,1,0
TXN-00000106,32.6,11,grocery,45,1363,2,38.95,1.84,72.5,0,0,1,0,0
TXN-00000107,14.92,3,fuel,28,287,0,29.55,48.83,91.29,0,0,1,0,0
TXN-00000108,28.33,2,fuel,35,895,3,23.06,6.55,84.51,0,1,1,0,0
TXN-00000109,97.74,21,fuel,25,1465,1,27.74,5.06,63.58,0,0,1,0,0
TXN-00000110,6.6,12,online_shopping,58,464,4,38.44,0.53,97.83,1,0,1,1,0
TXN-00000111,63.82,17,gaming,74,972,4,61.94,12.09,50.99,1,0,1,0,0
TXN-00000112,51.92,17,fuel,64,826,2,18.08,12.02,68.14,2,0,0,0,0
TXN-00000113,21.67,2,grocery,39,627,1,40.15,60.67,75.56,0,0,1,0,0
TXN-00000114,8.86,14,online_shopping,46,1825,1,21.86,24.27,90.52,0,0,0,0,0
TXN-00000115,43.63,20,electronics,21,822,3,23.31,20.57,82.11,1,0,1,0,0
TXN-00000116,23.2,10,electronics,39,1349,0,16.7,13.36,66.59,2,0,1,0,0
TXN-00000117,51.64,20,gaming,19,1527,2,24.45,5.04,70.05,0,0,1,0,0
TXN-00000118,41.39,22,grocery,61,874,1,13.31,13.68,78.05,1,0,0,0,0
TXN-00000119,217.43,13,restaurant,70,547,5,14.11,6.22,96.92,0,0,1,1,1
TXN-00000120,31.46,2,fuel,29,1546,4,16.35,34.59,83.51,1,0,1,0,0
TXN-00000121,13.81,14,jewelry,57,896,2,10.0,5.45,93.73,0,0,1,0,0
TXN-00000122,48.82,21,online_shopping,52,946,1,15.95,1.14,87.03,1,0,0,0,0
TXN-00000123,50.96,13,jewelry,42,795,5,21.31,9.29,81.78,0,0,1,0,0
TXN-00000124,168.54,19,restaurant,60,1518,3,37.27,0.37,84.85,1,0,0,0,0
TXN-00000125,97.21,12,fuel,57,510,4,11.92,21.2,56.22,0,0,1,0,0
TXN-00000126,58.83,10,pharmacy,33,952,3,28.72,24.95,71.48,1,1,1,0,0
TXN-00000127,188.0,22,electronics,64,554,4,37.53,10.03,85.35,0,0,1,0,0
TXN-00000128,11.61,3,travel,56,793,2,24.64,1.09,71.35,0,0,0,1,1
TXN-00000129,20.66,10,restaurant,36,1620,3,33.14,64.35,88.64,0,0,1,0,0
TXN-00000130,15.29,3,cash_withdrawal,60,1610,3,33.66,6.43,69.25,0,0,1,0,0
TXN-00000131,26.86,15,grocery,55,857,2,23.09,0.9,79.31,2,0,1,0,0
TXN-00000132,9.53,22,electronics,24,1120,2,18.94,11.37,89.99,1,0,1,0,0
TXN-00000133,78.8,23,online_shopping,27,1109,0,32.58,17.94,85.29,0,0,0,0,1
TXN-00000134,32.03,5,online_shopping,36,556,7,14.4,3.33,54.53,1,1,0,0,0
TXN-00000135,8.63,17,restaurant,20,1262,6,10.0,2.3,84.89,0,0,1,1,1
TXN-00000136,13.92,20,online_shopping,41,588,4,18.13,22.9,79.07,1,0,1,0,0
TXN-00000137,56.22,20,online_shopping,44,769,1,20.09,3.05,60.34,0,0,1,0,0
TXN-00000138,97.52,12,restaurant,63,347,3,31.99,11.34,83.28,0,0,0,0,0
TXN-00000139,329.17,4,cash_withdrawal,27,1370,3,31.07,17.33,80.08,0,0,0,0,1
TXN-00000140,862.26,11,restaurant,50,1522,1,19.08,41.85,75.11,1,0,1,0,0
TXN-00000141,62.5,18,online_shopping,56,1141,6,30.63,4.72,92.43,1,0,1,0,0
TXN-00000142,14.31,14,electronics,44,975,2,52.12,15.34,89.76,3,0,0,0,0
TXN-00000143,5.0,9,electronics,70,748,1,25.73,23.24,50.14,2,0,1,0,0
TXN-00000144,53.58,5,restaurant,36,1387,2,15.84,13.18,59.5,0,0,0,0,0
TXN-00000145,17.23,15,jewelry,41,2040,2,22.26,24.26,71.12,0,0,0,0,0
TXN-00000146,26.15,10,restaurant,18,632,6,46.05,22.69,85.06,0,0,0,0,0
TXN-00000147,21.27,11,pharmacy,41,868,0,11.35,6.31,93.33,1,0,0,0,0
TXN-00000148,34.89,22,cash_withdrawal,19,537,3,44.44,6.61,69.84,0,0,0,0,0
TXN-00000149,123.88,0,online_shopping,75,978,1,20.17,7.42,63.61,1,1,0,0,1
TXN-00000150,47.7,5,restaurant,31,789,1,58.56,14.42,76.65,0,0,1,0,0
TXN-00000151,34.24,22,grocery,65,901,2,34.42,1.51,65.48,0,0,0,0,0
TXN-00000152,13.63,22,restaurant,24,1396,1,42.5,34.81,84.4,0,0,1,0,0
TXN-00000153,6.97,7,restaurant,33,1592,2,52.0,1.15,80.02,1,1,0,0,0
TXN-00000154,24.27,23,electronics,24,492,5,58.31,21.9,77.73,1,0,1,0,0
TXN-00000155,38.23,5,online_shopping,39,1103,0,49.69,12.98,97.88,0,0,1,0,0
TXN-00000156,258.87,1,grocery,52,1829,2,15.59,46.43,57.05,0,0,1,0,0
TXN-00000157,46.38,7,jewelry,42,1224,1,46.62,9.71,85.87,0,0,1,1,0
TXN-00000158,113.51,12,pharmacy,53,562,2,11.96,27.97,89.22,0,0,1,0,0
TXN-00000159,23.94,0,fuel,64,1557,1,13.28,4.02,68.18,0,0,1,0,0
TXN-00000160,11.66,4,pharmacy,20,1266,1,27.14,16.73,69.55,0,1,1,0,0
TXN-00000161,14.68,18,restaurant,42,1206,3,64.53,2.04,69.12,0,0,0,0,0
TXN-00000162,18.89,14,online_shopping,52,855,2,26.74,4.17,78.61,0,0,0,0,0
TXN-00000163,378.0,14,electronics,48,1169,1,17.11,18.04,68.4,0,0,0,0,0
TXN-00000164,17.07,23,pharmacy,26,3149,1,42.99,7.46,82.55,0,0,1,0,0
TXN-00000165,97.55,5,fuel,29,313,1,21.25,11.59,90.26,0,0,0,0,0
TXN-00000166,15.67,21,online_shopping,39,765,3,38.72,19.51,69.26,1,0,0,0,0
TXN-00000167,107.57,8,gaming,55,804,2,31.35,27.89,80.35,1,0,0,0,1
TXN-00000168,60.59,22,online_shopping,75,198,4,15.44,47.59,89.49,0,0,1,0,0
TXN-00000169,34.31,18,travel,39,2420,1,60.33,14.6,90.02,0,0,1,0,0
TXN-00000170,38.75,5,online_shopping,48,537,0,10.0,25.36,90.52,0,0,1,0,0
TXN-00000171,20.34,5,grocery,35,519,0,16.11,16.1,74.17,2,0,1,0,0
TXN-00000172,64.61,13,jewelry,19,397,3,43.81,22.97,82.45,0,0,1,0,0
TXN-00000173,25.08,12,restaurant,41,760,0,186.51,25.16,79.53,1,0,1,0,0
TXN-00000174,11.17,5,travel,38,1203,2,10.0,2.26,67.76,1,0,0,0,0
TXN-00000175,10.57,6,grocery,26,940,1,26.63,2.53,67.03,0,0,1,0,0
TXN-00000176,48.48,21,online_shopping,56,581,4,10.0,1.3,53.76,1,0,1,0,1
TXN-00000177,212.31,18,travel,32,1170,1,26.29,12.81,62.14,0,0,1,0,0
TXN-00000178,47.85,4,cash_withdrawal,31,946,0,18.92,1.22,93.28,0,0,1,0,0
TXN-00000179,35.71,17,fuel,40,1723,4,29.65,52.0,90.07,0,0,1,0,0
TXN-00000180,54.6,3,fuel,73,674,2,72.48,2.81,95.17,1,0,1,0,0
TXN-00000181,159.38,10,fuel,54,641,4,50.77,15.25,85.04,0,0,0,0,1
TXN-00000182,50.92,0,grocery,42,1430,3,23.03,5.37,92.92,1,0,0,0,0
TXN-00000183,26.27,15,restaurant,65,526,2,45.9,13.66,92.24,0,0,0,0,0
TXN-00000184,129.23,4,restaurant,19,390,3,30.52,4.35,76.26,2,0,0,0,0
TXN-00000185,63.45,5,pharmacy,37,931,3,14.82,4.34,96.04,2,0,1,0,1
TXN-00000186,202.87,4,electronics,49,1222,1,28.1,23.68,61.99,1,1,1,0,1
TXN-00000187,49.03,4,grocery,46,373,4,39.65,13.4,60.49,2,0,1,0,0
TXN-00000188,11.18,1,fuel,57,1508,4,326.41,6.29,53.29,0,1,0,0,0
TXN-00000189,9.62,13,fuel,58,350,2,68.91,0.31,65.31,1,0,1,0,0
TXN-00000190,228.94,20,restaurant,44,693,1,46.78,16.82,86.31,0,0,1,0,0
TXN-00000191,247.11,7,online_shopping,71,944,1,10.0,13.4,74.98,1,0,1,0,0
TXN-00000192,33.5,18,electronics,71,1805,0,33.32,18.6,48.83,1,0,0,0,0
TXN-00000193,27.05,13,restaurant,45,1860,1,74.76,38.84,68.01,0,0,1,0,0
TXN-00000194,187.64,6,cash_withdrawal,70,1036,4,42.23,3.02,84.85,0,0,0,0,0
TXN-00000195,12.65,1,electronics,55,756,2,62.59,6.46,77.24,1,0,0,0,0
TXN-00000196,15.81,18,grocery,26,780,1,41.36,10.62,78.91,1,0,0,0,0
TXN-00000197,79.48,0,fuel,24,2301,4,57.96,44.95,77.77,1,0,0,0,0
TXN-00000198,26.73,10,restaurant,22,1654,4,10.0,15.51,51.07,3,0,1,0,0
TXN-00000199,40.23,0,fuel,30,1145,3,86.88,4.53,94.65,0,0,1,0,0
TXN-00000200,34.07,18,electronics,36,1053,3,50.52,10.98,79.46,0,0,1,0,0
TXN-00000201,57.65,23,cash_withdrawal,22,1004,4,64.26,29.45,73.87,0,0,1,0,0
TXN-00000202,177.3,7,fuel,53,304,2,32.6,49.44,86.94,1,0,0,0,0
TXN-00000203,44.48,7,travel,41,151,8,42.37,34.19,74.62,0,0,1,0,0
TXN-00000204,79.53,13,travel,52,841,5,48.17,8.84,85.65,1,0,0,0,0
TXN-00000205,5.0,12,grocery,47,490,2,26.71,6.92,51.35,0,0,0,0,0
TXN-00000206,38.43,9,grocery,33,1059,4,17.85,2.56,93.72,0,0,1,0,0
TXN-00000207,16.69,8,pharmacy,53,1019,1,14.52,9.93,72.07,0,0,0,0,0
TXN-00000208,11.25,4,travel,73,384,2,27.52,11.99,66.52,0,0,0,0,0
TXN-00000209,16.09,6,fuel,36,1070,1,17.03,0.36,84.8,0,0,0,1,0
TXN-00000210,28.48,14,gaming,35,1101,2,18.69,5.64,76.48,0,1,1,0,0
TXN-00000211,105.82,17,cash_withdrawal,47,1086,2,77.88,49.52,85.64,0,1,0,0,1
TXN-00000212,10.05,18,grocery,64,678,0,85.98,10.11,94.95,0,0,0,0,0
TXN-00000213,41.77,12,online_shopping,48,1193,0,23.8,3.14,84.42,1,0,1,0,0
TXN-00000214,24.33,18,restaurant,66,1233,1,69.79,13.05,89.31,1,0,0,0,0
TXN-00000215,28.67,14,grocery,22,1188,3,26.5,19.22,78.55,0,0,1,0,0
TXN-00000216,115.92,8,restaurant,23,819,2,23.45,27.86,86.22,1,0,1,0,1
TXN-00000217,71.17,8,fuel,41,1927,3,38.08,10.14,83.06,1,0,0,0,0
TXN-00000218,164.72,12,restaurant,31,1729,1,18.44,25.79,76.15,0,0,0,0,0
TXN-00000219,34.39,7,grocery,19,976,5,24.07,20.98,85.87,1,0,1,0,0
TXN-00000220,19.48,18,cash_withdrawal,30,645,3,71.65,6.54,82.88,2,0,1,0,0
TXN-00000221,31.97,4,online_shopping,33,605,5,37.17,4.1,52.88,0,0,1,0,0
TXN-00000222,52.18,1,grocery,71,1246,2,38.35,24.43,90.16,0,0,1,0,0
TXN-00000223,48.69,11,electronics,63,449,2,25.84,3.82,88.04,1,0,0,0,0
TXN-00000224,12.95,1,online_shopping,38,1291,7,24.36,0.72,93.06,0,0,1,0,0
TXN-00000225,44.48,4,online_shopping,73,413,1,32.27,16.68,81.64,0,0,0,0,0
TXN-00000226,51.4,9,fuel,66,895,0,49.61,13.04,84.76,0,0,1,0,0
TXN-00000227,568.7,0,pharmacy,32,1241,4,37.43,5.94,76.41,1,1,1,0,0
TXN-00000228,290.23,5,restaurant,45,619,2,44.48,16.3,75.89,0,0,0,0,0
TXN-00000229,16.51,13,restaurant,71,1493,1,10.0,47.19,85.46,1,0,1,0,0
TXN-00000230,29.91,8,restaurant,44,769,0,15.59,11.62,76.0,1,0,0,0,0
TXN-00000231,8.7,21,online_shopping,39,939,6,20.1,64.59,79.3,1,0,1,0,0
TXN-00000232,21.75,2,electronics,70,269,2,39.74,47.85,52.0,0,0,1,0,0
TXN-00000233,56.34,17,electronics,56,406,1,37.97,75.89,67.46,0,0,1,0,0
TXN-00000234,143.47,14,gaming,43,283,2,45.69,7.6,90.29,2,0,1,0,1
TXN-00000235,18.81,15,restaurant,68,1357,3,23.94,4.75,61.74,1,0,1,0,0
TXN-00000236,20.35,16,grocery,61,750,2,32.12,5.05,48.55,0,0,1,1,0
TXN-00000237,5.0,1,electronics,38,1568,0,94.77,10.31,58.69,0,0,0,0,0
TXN-00000238,34.1,19,electronics,42,216,4,30.61,12.69,64.24,2,0,1,0,0
TXN-00000239,13.26,7,online_shopping,20,1166,3,10.0,38.3,69.3,0,0,0,0,0
TXN-00000240,23.2,15,grocery,23,268,4,41.06,4.64,69.94,2,0,0,0,0
TXN-00000241,16.11,7,fuel,73,580,2,64.66,17.77,75.42,3,0,1,0,0
TXN-00000242,36.64,9,gaming,21,887,1,62.93,52.01,95.26,0,0,1,0,0
TXN-00000243,6.39,16,online_shopping,66,737,4,24.22,29.22,84.41,0,0,1,0,0
TXN-00000244,8.67,22,online_shopping,30,1086,4,25.31,20.32,70.52,0,0,1,0,0
TXN-00000245,378.31,21,grocery,49,675,1,49.0,17.93,58.3,1,1,0,0,0
TXN-00000246,10.47,17,travel,59,835,4,32.86,26.66,67.44,0,0,0,0,0
TXN-00000247,12.79,12,online_shopping,75,522,2,42.77,5.77,75.86,0,0,1,0,0
TXN-00000248,278.32,12,restaurant,39,1275,2,20.64,37.11,77.39,0,1,0,0,0
TXN-00000249,854.33,23,electronics,71,996,2,37.98,9.83,85.81,1,0,1,0,1
TXN-00000250,11.82,4,jewelry,44,1160,8,21.12,1.21,88.24,0,0,0,0,0
TXN-00000251,27.48,22,electronics,68,923,2,26.07,3.57,67.51,0,0,0,0,0
TXN-00000252,57.9,15,gaming,23,1390,4,14.83,2.21,92.56,0,0,1,0,0
TXN-00000253,248.42,14,fuel,33,682,1,17.67,10.08,81.05,0,0,0,0,0
TXN-00000254,14.35,14,restaurant,54,969,5,11.79,8.86,71.49,0,0,1,0,0
TXN-00000255,31.26,19,electronics,58,3346,2,10.8,32.76,97.19,0,0,1,0,0
TXN-00000256,91.49,16,online_shopping,64,472,4,16.26,11.68,90.96,1,0,0,0,1
TXN-00000257,63.85,2,gaming,38,1611,2,39.44,9.56,86.63,1,1,1,0,1
TXN-00000258,27.25,18,pharmacy,54,2590,2,34.94,4.52,91.89,1,1,1,0,0
TXN-00000259,35.15,17,online_shopping,54,1217,5,51.51,21.09,52.97,2,0,1,0,0
TXN-00000260,9.55,21,restaurant,75,170,3,22.22,22.0,79.36,1,0,1,0,0
TXN-00000261,31.5,22,online_shopping,24,486,2,11.21,11.24,72.24,0,0,0,0,0
TXN-00000262,30.58,22,online_shopping,18,289,3,37.63,0.56,67.87,0,0,1,0,0
TXN-00000263,51.61,1,electronics,51,1092,3,29.55,37.03,66.71,0,0,0,0,0
TXN-00000264,22.58,15,fuel,18,929,4,27.37,2.78,91.34,1,0,1,0,0
TXN-00000265,66.36,22,fuel,29,1967,4,14.74,10.1,91.05,0,0,1,0,0
TXN-00000266,117.14,23,grocery,47,2000,5,23.55,15.17,99.45,0,0,1,0,1
TXN-00000267,47.62,13,pharmacy,33,892,2,46.42,4.52,93.9,1,0,0,0,0
TXN-00000268,58.52,21,fuel,33,928,4,13.67,6.99,71.65,1,0,1,1,0
TXN-00000269,42.77,21,online_shopping,38,706,4,10.0,0.99,85.64,0,0,1,0,0
TXN-00000270,40.45,0,online_shopping,57,1188,5,32.87,7.92,92.2,0,0,0,0,0
TXN-00000271,18.96,21,restaurant,39,562,5,17.68,11.21,97.49,0,0,1,1,0
TXN-00000272,56.39,15,cash_withdrawal,64,874,4,48.41,1.16,66.37,1,0,0,0,0
TXN-00000273,36.52,13,restaurant,27,586,1,24.04,5.05,88.49,0,0,1,0,0
TXN-00000274,364.25,4,cash_withdrawal,23,1054,0,15.14,25.03,71.76,1,0,1,0,0
TXN-00000275,211.03,22,electronics,27,1560,3,32.83,24.17,66.83,1,1,0,1,0
TXN-00000276,60.65,7,grocery,71,411,2,29.2,14.87,88.82,0,0,1,0,0
TXN-00000277,18.15,10,fuel,34,843,2,29.22,13.3,94.23,1,0,1,1,0
TXN-00000278,12.58,7,online_shopping,19,1806,4,14.81,3.17,66.64,3,0,1,0,0
TXN-00000279,141.27,23,grocery,36,2077,3,65.5,11.74,76.68,0,0,1,1,0
TXN-00000280,53.3,11,gaming,57,709,3,20.29,0.8,77.38,1,0,0,0,1
TXN-00000281,66.96,2,grocery,38,601,4,76.02,35.72,84.29,0,0,1,0,0
TXN-00000282,6.48,0,online_shopping,40,132,2,10.0,12.9,93.28,0,0,0,0,0
TXN-00000283,107.11,23,grocery,23,1646,0,52.47,6.31,79.6,1,0,0,0,0
TXN-00000284,65.18,5,fuel,56,1593,6,41.4,6.82,78.32,0,0,0,0,0
TXN-00000285,12.6,18,grocery,30,993,1,24.61,11.44,96.99,1,0,0,0,0
TXN-00000286,24.65,0,electronics,23,2736,1,10.14,44.32,50.97,1,1,1,0,0
TXN-00000287,53.35,21,online_shopping,59,929,2,31.01,2.38,70.84,0,0,0,1,0
TXN-00000288,42.74,15,restaurant,72,1672,1,10.0,23.87,72.1,0,0,1,0,0
TXN-00000289,29.76,5,fuel,53,732,3,22.18,1.54,65.12,1,0,0,0,0
TXN-00000290,36.28,21,gaming,72,824,9,49.79,4.42,94.89,1,0,0,0,1
TXN-00000291,31.04,7,travel,41,1090,6,26.23,2.78,91.81,0,0,0,0,0
TXN-00000292,47.47,23,restaurant,48,590,4,26.19,9.73,90.46,0,0,1,0,0
TXN-00000293,189.63,14,restaurant,38,1445,4,73.06,3.09,80.3,0,0,1,0,0
TXN-00000294,5.0,10,online_shopping,47,1012,4,32.5,14.3,95.31,0,0,0,0,0
TXN-00000295,31.54,1,online_shopping,69,312,2,90.86,16.1,90.38,2,0,0,0,0
TXN-00000296,48.68,6,restaurant,54,1692,4,24.05,2.28,91.47,0,0,0,1,0
TXN-00000297,55.19,1,grocery,19,562,1,57.79,18.31,91.08,0,0,0,0,0
TXN-00000298,27.37,20,pharmacy,51,593,2,27.02,7.77,64.88,0,0,1,0,0
TXN-00000299,6.39,2,pharmacy,39,822,3,37.31,6.27,80.01,1,0,0,0,1
TXN-00000300,57.08,2,online_shopping,49,1204,1,17.43,2.47,82.46,0,1,1,0,0
TXN-00000301,248.07,2,pharmacy,50,1126,0,35.06,4.55,75.09,0,0,1,0,0
TXN-00000302,8.08,23,electronics,52,1975,1,36.59,19.3,72.14,2,0,1,0,1
TXN-00000303,100.19,23,restaurant,68,1096,4,32.33,10.33,85.65,0,0,1,0,0
TXN-00000304,28.65,17,grocery,67,389,2,10.0,3.05,91.57,0,0,0,0,0
TXN-00000305,37.92,1,grocery,74,519,1,58.14,6.78,63.78,0,0,0,0,0
TXN-00000306,13.39,12,restaurant,53,369,2,36.43,5.49,72.56,0,0,0,0,0
TXN-00000307,28.47,22,jewelry,34,365,2,39.72,3.18,78.07,0,1,1,0,0
TXN-00000308,158.39,2,cash_withdrawal,29,770,0,79.71,18.32,82.76,1,1,1,0,0
TXN-00000309,74.57,19,online_shopping,67,1631,6,28.41,17.33,82.92,1,0,0,0,1
TXN-00000310,249.37,0,travel,71,1009,3,46.4,6.45,91.76,0,0,1,0,0
TXN-00000311,139.25,19,restaurant,20,1228,4,49.25,14.21,99.54,1,0,1,0,1
TXN-00000312,64.14,13,electronics,30,1432,3,24.95,22.72,75.01,0,0,0,0,0
TXN-00000313,252.43,21,travel,57,1690,3,29.97,3.55,69.03,0,0,1,1,0
TXN-00000314,64.13,9,restaurant,27,629,3,17.87,21.67,88.07,0,0,0,0,0
TXN-00000315,96.49,18,restaurant,20,1575,1,10.0,0.62,78.77,0,0,1,0,0
TXN-00000316,29.62,20,online_shopping,75,1469,1,18.33,14.3,91.61,0,0,0,1,0
TXN-00000317,43.37,7,travel,23,753,3,12.18,23.98,90.04,1,0,1,0,0
TXN-00000318,19.45,15,pharmacy,30,606,3,11.26,5.47,86.75,0,0,0,0,0
TXN-00000319,114.33,11,fuel,75,868,1,18.87,59.2,78.08,3,0,1,0,0
TXN-00000320,11.74,10,restaurant,23,1946,2,138.94,7.63,93.67,1,0,1,0,0
TXN-00000321,91.97,19,grocery,64,1676,1,14.01,44.62,67.21,0,0,0,0,1
TXN-00000322,33.11,5,online_shopping,50,749,1,41.65,10.53,85.65,2,0,0,0,0
TXN-00000323,138.35,2,online_shopping,49,1599,3,10.0,24.5,56.09,1,0,1,1,0
TXN-00000324,88.98,11,grocery,65,1331,5,36.19,26.95,90.93,1,0,1,0,0
TXN-00000325,273.6,19,cash_withdrawal,19,1209,3,46.33,47.72,80.04,1,0,1,0,0
TXN-00000326,87.12,3,grocery,21,1866,3,14.47,8.87,66.5,0,0,1,0,1
TXN-00000327,7.76,8,travel,29,1118,3,19.57,3.63,91.5,1,1,1,1,1
TXN-00000328,37.7,16,grocery,46,977,1,16.27,9.18,75.54,1,0,0,0,0
TXN-00000329,11.82,11,restaurant,73,277,5,41.26,16.19,87.97,0,0,1,0,0
TXN-00000330,23.47,14,fuel,21,1426,4,35.98,13.26,42.1,1,0,1,1,1
TXN-00000331,197.71,12,restaurant,42,578,0,50.13,56.15,77.49,0,0,0,0,0
TXN-00000332,79.0,19,cash_withdrawal,42,527,3,26.94,6.08,86.27,1,1,1,0,0
TXN-00000333,19.42,21,cash_withdrawal,29,994,0,11.01,5.37,90.33,0,0,1,0,0
TXN-00000334,13.95,10,travel,37,521,2,14.48,3.68,97.24,1,0,0,0,0
TXN-00000335,41.86,10,travel,29,1166,3,12.32,10.36,91.81,0,0,1,0,0
TXN-00000336,11.28,6,gaming,25,1064,1,17.03,18.08,75.63,0,0,1,0,0
TXN-00000337,19.99,10,electronics,48,1016,3,20.36,1.25,81.45,1,0,1,0,0
TXN-00000338,56.13,20,grocery,71,868,2,21.96,15.46,89.4,1,0,0,0,0
TXN-00000339,136.06,12,grocery,41,1403,4,27.01,6.37,83.14,1,0,0,0,0
TXN-00000340,76.65,16,travel,54,1168,0,10.0,6.17,70.21,0,0,1,0,0
TXN-00000341,5.0,10,electronics,56,1158,5,50.5,20.15,68.45,0,0,0,0,0
TXN-00000342,55.68,16,pharmacy,66,610,5,35.71,31.03,79.4,0,0,1,1,0
TXN-00000343,43.63,17,online_shopping,65,910,2,23.23,4.28,82.72,1,1,1,0,0
TXN-00000344,62.46,12,restaurant,70,605,2,20.79,2.44,97.71,0,0,1,0,0
TXN-00000345,220.75,22,restaurant,65,903,3,21.18,38.07,96.97,0,0,1,0,0
TXN-00000346,5.0,21,restaurant,71,656,1,23.41,9.86,96.67,0,0,0,0,0
TXN-00000347,21.74,3,travel,74,891,1,39.7,2.75,86.1,0,1,1,1,1
TXN-00000348,75.22,5,electronics,61,910,2,26.83,14.04,59.76,2,0,1,1,0
TXN-00000349,7.69,22,jewelry,46,891,3,35.7,25.47,76.11,1,1,0,0,1
TXN-00000350,190.52,9,electronics,35,1419,1,31.34,4.5,45.43,1,1,0,0,0
TXN-00000351,59.55,7,travel,51,1247,5,20.13,7.05,71.87,0,0,0,0,0
TXN-00000352,98.39,19,online_shopping,66,450,1,10.44,3.46,68.89,0,1,0,0,0
TXN-00000353,22.21,14,online_shopping,61,842,0,72.68,16.86,49.72,0,0,0,0,0
TXN-00000354,95.05,3,grocery,48,1015,2,44.44,8.11,97.38,1,0,0,0,0
TXN-00000355,124.2,2,online_shopping,22,641,0,68.64,2.7,88.13,0,0,0,0,0
TXN-00000356,51.65,19,fuel,33,1065,2,21.53,0.32,78.61,0,1,1,0,0
TXN-00000357,51.73,18,grocery,51,683,2,37.11,3.73,86.2,1,0,0,0,0
TXN-00000358,53.72,8,pharmacy,40,941,4,20.04,14.89,89.64,1,0,1,0,0
TXN-00000359,16.34,20,restaurant,44,570,0,45.79,0.67,77.91,0,0,1,1,0
TXN-00000360,34.64,3,fuel,35,889,3,82.92,3.57,89.46,0,1,1,0,0
TXN-00000361,34.46,20,online_shopping,22,1263,1,80.18,26.36,66.78,0,0,0,0,0
TXN-00000362,60.5,1,online_shopping,45,1350,0,30.63,0.16,61.61,1,0,0,1,0
TXN-00000363,115.56,15,electronics,43,950,2,48.3,7.34,69.26,0,0,1,1,1
TXN-00000364,13.31,20,fuel,63,2356,1,41.89,17.76,89.77,0,0,1,1,0
TXN-00000365,35.47,14,online_shopping,24,1118,2,32.76,9.31,78.63,1,0,1,0,0
TXN-00000366,191.62,18,restaurant,46,1370,2,39.59,29.82,86.01,1,0,1,0,0
TXN-00000367,18.53,8,restaurant,67,1724,3,18.13,0.0,85.09,0,0,1,0,0
TXN-00000368,17.06,6,online_shopping,33,648,1,11.02,14.16,49.3,0,1,1,0,0
TXN-00000369,50.02,6,online_shopping,36,1257,2,39.66,25.19,71.98,1,1,1,0,0
TXN-00000370,98.16,2,fuel,23,1059,4,14.69,9.58,87.73,0,0,1,0,0
TXN-00000371,40.94,6,restaurant,51,1279,6,17.26,3.43,94.74,3,0,1,0,0
TXN-00000372,163.27,5,grocery,67,1520,3,22.49,23.0,77.53,0,0,1,0,1
TXN-00000373,99.45,18,restaurant,45,590,1,79.62,14.86,88.82,1,0,0,1,0
TXN-00000374,97.9,5,online_shopping,42,2307,2,28.67,14.99,77.43,0,0,0,0,0
TXN-00000375,72.37,3,restaurant,61,972,4,16.88,7.25,91.08,0,0,0,0,1
TXN-00000376,465.93,17,grocery,43,801,3,13.44,51.14,95.42,1,0,1,0,0
TXN-00000377,32.61,12,pharmacy,41,226,3,26.69,51.41,70.69,1,1,0,0,1
TXN-00000378,5.0,5,restaurant,62,1667,3,26.04,8.85,76.2,0,0,1,0,0
TXN-00000379,217.99,16,electronics,34,1468,2,14.02,0.25,73.9,0,0,0,0,0
TXN-00000380,25.01,5,cash_withdrawal,67,857,3,32.67,12.25,56.21,0,0,1,0,0
TXN-00000381,45.3,18,online_shopping,33,322,3,10.29,22.42,91.75,0,1,1,0,0
TXN-00000382,159.98,0,online_shopping,47,993,2,14.87,12.98,86.45,0,0,1,0,0
TXN-00000383,7.52,14,cash_withdrawal,32,421,2,72.62,9.87,94.48,2,0,0,0,0
TXN-00000384,10.87,14,grocery,54,1584,3,14.0,9.43,93.93,0,0,0,0,0
TXN-00000385,7.53,8,restaurant,43,843,2,27.43,33.51,72.35,0,0,1,0,0
TXN-00000386,17.57,16,restaurant,31,563,3,38.42,10.77,89.85,0,0,1,0,0
TXN-00000387,64.18,9,restaurant,61,1079,2,97.63,12.82,89.94,2,0,0,0,0
TXN-00000388,70.13,15,grocery,72,1159,0,80.5,69.62,51.23,0,0,1,0,0
TXN-00000389,54.06,5,restaurant,19,1227,0,45.66,28.57,80.96,2,1,1,0,0
TXN-00000390,9.18,13,pharmacy,50,582,0,14.86,20.99,78.57,0,0,1,0,0
TXN-00000391,5.0,18,grocery,59,1513,1,16.05,68.55,75.56,1,0,1,0,0
TXN-00000392,42.82,23,restaurant,59,854,2,21.91,14.48,74.83,0,0,0,0,0
TXN-00000393,24.65,8,travel,30,267,0,145.73,13.5,85.59,0,0,1,0,0
TXN-00000394,65.52,11,grocery,24,905,0,41.29,14.98,82.92,1,0,1,0,0
TXN-00000395,84.53,11,pharmacy,47,899,3,28.83,49.1,85.19,3,0,1,0,0
TXN-00000396,46.77,20,cash_withdrawal,54,891,3,33.77,21.28,74.43,1,0,1,0,0
TXN-00000397,89.85,23,online_shopping,34,1090,0,72.46,24.38,76.07,0,0,0,0,0
TXN-00000398,51.45,15,online_shopping,39,2062,2,20.12,4.83,54.04,0,0,0,1,0
TXN-00000399,70.57,19,cash_withdrawal,48,919,2,31.35,4.93,79.5,1,0,0,0,0
TXN-00000400,19.3,2,online_shopping,44,977,3,25.75,11.6,86.3,1,1,0,0,0
TXN-00000401,33.5,18,travel,46,711,4,18.66,21.54,85.91,0,0,0,0,0
TXN-00000402,49.73,19,electronics,57,918,0,25.38,16.51,79.41,0,0,0,0,0
TXN-00000403,95.73,17,online_shopping,75,1241,2,37.51,54.21,90.19,0,0,1,0,0
TXN-00000404,26.75,14,restaurant,64,1255,3,36.12,25.42,92.92,1,0,0,0,0
TXN-00000405,69.91,21,pharmacy,18,1789,1,73.98,34.6,47.88,0,1,1,0,0
TXN-00000406,30.6,15,jewelry,38,308,4,19.9,1.59,61.39,1,0,1,0,0
TXN-00000407,35.75,20,jewelry,18,1432,1,34.78,16.38,76.65,1,1,0,0,0
TXN-00000408,96.64,4,pharmacy,68,1328,4,13.73,10.17,86.55,1,0,1,0,0
TXN-00000409,5.0,15,online_shopping,55,389,3,28.42,10.19,45.56,0,0,0,0,0
TXN-00000410,10.37,10,online_shopping,30,1770,1,10.97,4.08,89.47,2,0,1,0,0
TXN-00000411,8.53,20,online_shopping,66,438,7,40.65,4.04,73.11,1,0,1,1,1
TXN-00000412,5.0,21,gaming,50,1258,4,97.05,48.13,93.49,0,1,0,0,0
TXN-00000413,19.84,20,restaurant,20,273,4,58.37,43.4,91.91,1,1,1,1,0
TXN-00000414,88.85,5,fuel,26,560,7,23.17,2.38,90.74,0,1,1,0,0
TXN-00000415,29.99,11,pharmacy,64,1276,1,56.24,33.94,78.28,2,0,1,0,0
TXN-00000416,49.78,0,fuel,34,1303,5,11.37,2.21,94.76,0,0,0,0,0
TXN-00000417,126.94,23,electronics,48,873,2,39.68,39.87,57.89,0,0,1,0,0
TXN-00000418,163.05,6,grocery,69,1853,2,155.73,11.67,65.04,0,1,1,0,0
TXN-00000419,37.62,14,grocery,34,1262,2,39.45,9.35,92.01,0,0,1,0,0
TXN-00000420,167.55,11,online_shopping,18,1532,0,25.09,13.78,72.18,1,1,1,0,0
TXN-00000421,44.56,21,online_shopping,22,894,0,24.0,26.69,92.73,0,0,0,0,0
TXN-00000422,16.79,19,travel,71,515,2,35.68,0.16,56.1,0,0,1,0,0
TXN-00000423,21.67,18,electronics,52,512,3,28.91,26.73,89.74,0,1,0,0,0
TXN-00000424,8.55,15,fuel,37,793,1,21.81,0.18,96.24,2,0,0,0,0
TXN-00000425,15.92,2,online_shopping,22,574,3,26.89,73.91,76.13,2,0,0,0,0
TXN-00000426,27.77,22,online_shopping,58,553,1,10.06,2.74,88.11,0,0,0,0,0
TXN-00000427,94.04,1,travel,20,349,1,47.84,3.95,70.28,0,0,0,1,0
TXN-00000428,246.36,10,electronics,23,821,1,59.69,0.12,51.48,1,0,0,0,0
TXN-00000429,9.48,9,grocery,52,344,2,46.57,0.59,96.86,1,1,1,0,0
TXN-00000430,61.1,9,online_shopping,55,812,2,23.6,27.13,74.04,0,1,1,0,0
TXN-00000431,13.56,23,gaming,51,292,2,37.47,5.33,66.52,1,1,0,0,0
TXN-00000432,66.58,5,pharmacy,70,771,2,38.69,25.38,86.4,0,0,1,0,0
TXN-00000433,35.25,13,gaming,33,1240,4,24.39,9.96,55.07,0,1,0,0,1
TXN-00000434,5.92,5,restaurant,50,563,3,62.63,28.21,96.45,0,0,1,1,1
TXN-00000435,107.2,21,electronics,35,1097,2,51.13,18.16,87.77,1,0,1,0,0
TXN-00000436,21.43,17,grocery,39,1061,1,56.88,32.29,93.41,0,0,1,0,0
TXN-00000437,23.09,9,restaurant,26,652,5,36.7,16.16,72.96,0,0,0,1,0
TXN-00000438,13.15,1,fuel,64,334,2,11.15,4.83,77.4,1,0,1,0,0
TXN-00000439,20.35,3,electronics,58,1887,2,10.0,52.41,84.38,1,0,0,0,0
TXN-00000440,63.39,5,pharmacy,59,1437,1,21.55,21.28,54.49,0,0,0,0,0
TXN-00000441,33.16,9,grocery,26,649,2,17.12,40.82,60.62,3,0,0,0,0
TXN-00000442,57.12,21,grocery,24,1975,3,28.4,20.6,38.59,0,0,1,0,0
TXN-00000443,59.15,2,grocery,63,1401,1,13.99,135.95,74.18,1,0,0,0,1
TXN-00000444,161.85,13,restaurant,56,1282,4,14.05,11.04,87.93,1,0,1,0,0
TXN-00000445,28.22,8,online_shopping,19,433,3,10.0,7.69,55.87,1,0,0,0,0
TXN-00000446,8.58,1,travel,56,1286,3,12.04,23.74,75.17,0,0,0,0,0
TXN-00000447,124.04,14,fuel,74,1620,3,22.13,12.28,95.34,1,1,1,0,0
TXN-00000448,28.56,16,electronics,61,981,3,20.13,23.83,85.58,1,0,1,0,1
TXN-00000449,130.36,23,pharmacy,34,1106,5,58.13,20.52,75.97,2,0,0,0,0
TXN-00000450,60.49,12,cash_withdrawal,36,1244,5,23.96,44.2,98.18,3,0,0,0,0
TXN-00000451,35.24,7,cash_withdrawal,61,1713,4,10.43,25.69,83.78,1,1,1,0,0
TXN-00000452,58.34,20,online_shopping,41,1158,1,24.57,2.97,61.62,0,0,1,1,1
TXN-00000453,313.74,5,gaming,60,1224,1,40.27,7.65,82.29,0,1,1,0,1
TXN-00000454,358.11,16,online_shopping,73,1078,0,10.0,5.81,70.04,1,1,1,0,1
TXN-00000455,43.5,22,grocery,41,2005,2,65.21,19.73,76.04,1,0,0,0,0
TXN-00000456,47.86,0,travel,51,995,2,38.96,2.06,81.05,0,0,0,0,1
TXN-00000457,125.22,22,restaurant,46,1220,2,73.5,11.37,50.23,2,0,1,0,0
TXN-00000458,16.64,4,fuel,47,1765,2,40.33,5.65,81.77,0,0,1,1,0
TXN-00000459,57.38,11,restaurant,22,745,3,22.4,34.28,72.48,1,0,1,0,0
TXN-00000460,39.36,6,online_shopping,75,2189,3,28.44,21.43,66.6,0,0,1,0,0
TXN-00000461,56.24,3,grocery,49,705,1,21.63,3.51,61.71,0,0,0,0,1
TXN-00000462,16.86,16,grocery,31,567,2,50.76,2.73,63.18,0,0,1,0,0
TXN-00000463,7.62,11,restaurant,51,1238,2,17.84,4.19,96.97,0,0,0,1,1
TXN-00000464,5.0,12,online_shopping,41,686,2,36.91,3.27,85.53,0,1,1,0,0
TXN-00000465,12.51,11,travel,65,1959,2,62.47,0.64,82.05,0,0,0,0,0
TXN-00000466,24.99,17,fuel,62,2535,2,34.38,3.75,81.12,1,0,1,0,0
TXN-00000467,29.73,23,cash_withdrawal,40,579,4,31.21,6.44,89.61,1,1,0,0,0
TXN-00000468,309.23,12,restaurant,59,549,2,38.99,8.72,94.36,1,1,1,0,0
TXN-00000469,129.19,3,cash_withdrawal,19,535,0,19.02,0.41,97.45,0,0,1,0,0
TXN-00000470,14.73,7,fuel,74,267,3,10.0,9.77,92.22,1,0,0,0,1
TXN-00000471,58.27,11,online_shopping,47,675,1,15.61,10.26,79.52,1,0,1,0,0
TXN-00000472,26.38,2,online_shopping,55,1586,2,17.89,43.08,61.71,1,0,0,0,0
TXN-00000473,30.01,5,grocery,55,1270,3,37.06,1.19,69.04,1,0,0,0,0
TXN-00000474,49.14,4,grocery,36,854,1,16.55,1.35,88.57,0,0,0,0,0
TXN-00000475,77.49,23,travel,58,1196,4,18.01,17.8,66.79,0,0,0,1,1
TXN-00000476,28.33,9,online_shopping,41,336,1,48.65,0.9,71.09,1,0,1,0,0
TXN-00000477,123.6,21,restaurant,57,453,1,38.47,27.76,88.24,1,0,0,0,0
TXN-00000478,12.19,13,pharmacy,23,993,1,65.2,1.06,83.37,2,0,1,0,0
TXN-00000479,40.72,12,grocery,26,1087,2,27.88,11.12,68.63,0,0,1,0,0
TXN-00000480,618.66,22,grocery,71,1053,3,11.04,2.96,79.73,1,0,0,0,0
TXN-00000481,51.12,16,fuel,60,664,2,119.53,11.59,73.25,0,0,1,0,0
TXN-00000482,182.16,5,grocery,25,650,1,44.36,4.73,81.11,0,0,0,0,0
TXN-00000483,44.53,6,grocery,30,1330,1,20.37,12.73,52.37,0,0,0,1,0
TXN-00000484,74.43,15,fuel,49,1288,3,52.42,31.63,58.82,1,0,1,0,0
TXN-00000485,38.11,0,jewelry,18,277,2,33.96,7.99,90.22,0,0,1,0,0
TXN-00000486,33.82,3,grocery,41,273,2,66.08,0.72,89.86,0,0,1,0,0
TXN-00000487,17.84,1,grocery,36,2437,4,34.78,12.07,92.01,0,0,0,0,0
TXN-00000488,63.55,17,restaurant,25,1105,1,22.75,5.98,84.94,0,0,0,0,0
TXN-00000489,16.54,10,online_shopping,35,1055,5,35.77,28.04,90.06,0,0,1,0,0
TXN-00000490,81.36,0,pharmacy,34,592,3,56.21,18.33,96.62,1,0,0,0,0
TXN-00000491,126.41,17,restaurant,21,799,2,17.89,0.22,86.29,0,0,0,0,0
TXN-00000492,59.43,15,grocery,54,694,1,30.97,13.9,78.78,0,0,1,0,0
TXN-00000493,29.95,17,cash_withdrawal,33,1592,4,13.68,121.77,92.55,2,0,1,0,0
TXN-00000494,65.15,3,fuel,19,1555,3,40.94,36.67,67.3,1,0,0,0,0
TXN-00000495,29.25,20,online_shopping,19,1115,5,30.98,10.91,78.56,1,0,0,1,0
TXN-00000496,108.02,4,fuel,74,1028,2,45.18,6.68,84.0,0,0,1,0,0
TXN-00000497,5.91,13,online_shopping,24,1214,2,57.58,22.79,68.54,0,0,0,0,0
TXN-00000498,28.43,13,restaurant,70,1020,1,19.43,12.03,95.98,2,0,1,0,0
TXN-00000499,5.0,5,pharmacy,27,1330,1,33.81,11.0,85.48,0,0,1,1,0
TXN-00000500,8.42,9,restaurant,22,1847,3,34.75,1.66,98.27,1,0,1,0,0
TXN-00000501,169.36,1,electronics,49,920,0,19.68,4.9,79.72,1,1,0,0,1
TXN-00000502,103.54,11,fuel,68,597,1,15.67,28.89,54.48,1,1,0,0,0
TXN-00000503,19.0,16,online_shopping,22,1034,3,80.88,13.55,90.24,0,0,1,0,0
TXN-00000504,8.35,7,restaurant,37,710,4,22.81,3.1,66.18,0,1,0,0,0
TXN-00000505,5.0,12,restaurant,61,392,3,22.74,6.2,86.59,0,0,0,0,0
TXN-00000506,22.86,22,grocery,21,511,2,25.39,13.08,80.03,0,0,0,0,0
TXN-00000507,513.6,5,online_shopping,27,1718,2,41.62,33.07,90.93,0,0,0,0,0
TXN-00000508,63.86,6,grocery,35,1004,2,21.99,30.35,72.65,1,0,0,0,0
TXN-00000509,22.48,2,grocery,64,795,3,18.02,3.18,49.36,1,1,1,0,0
TXN-00000510,65.91,13,grocery,64,1083,1,33.09,72.02,94.54,0,0,0,0,0
TXN-00000511,7.85,4,grocery,59,740,3,47.39,1.97,65.15,0,0,0,0,0
TXN-00000512,29.6,20,travel,56,1744,1,40.32,33.16,68.57,0,1,0,0,0
TXN-00000513,44.9,6,restaurant,19,2423,4,19.99,16.65,87.92,1,0,0,1,0
TXN-00000514,36.95,15,pharmacy,31,762,1,14.73,7.46,73.45,0,0,0,0,0
TXN-00000515,92.79,4,online_shopping,71,897,4,15.98,2.66,84.48,0,1,1,0,0
TXN-00000516,58.08,7,online_shopping,59,1156,4,37.12,18.64,79.06,0,0,1,0,0
TXN-00000517,81.59,4,electronics,31,480,3,42.27,2.46,80.31,0,1,1,0,0
TXN-00000518,19.63,13,grocery,59,300,1,21.88,2.35,84.02,0,0,1,0,0
TXN-00000519,103.82,0,travel,60,1647,4,21.0,20.08,80.14,1,0,1,0,1
TXN-00000520,223.72,1,fuel,61,786,3,13.67,42.89,60.58,0,0,1,0,0
TXN-00000521,14.6,12,electronics,74,750,2,28.66,7.17,60.67,1,0,1,0,1
TXN-00000522,15.93,13,online_shopping,49,1196,2,46.78,79.19,75.17,0,1,0,0,0
TXN-00000523,164.44,7,electronics,21,596,4,19.31,0.17,73.95,0,0,1,0,0
TXN-00000524,33.09,10,fuel,65,741,5,59.22,1.99,85.45,0,0,0,0,0
TXN-00000525,176.62,9,online_shopping,18,485,3,15.15,13.83,73.81,1,0,0,0,0
TXN-00000526,25.41,18,fuel,55,334,1,17.88,2.38,71.9,1,0,0,0,0
TXN-00000527,186.38,10,pharmacy,64,735,1,27.05,59.9,73.64,0,0,1,0,0
TXN-00000528,46.44,20,fuel,25,593,2,33.14,8.98,79.2,0,0,1,0,0
TXN-00000529,53.04,5,gaming,64,551,1,25.47,6.12,78.55,0,0,0,0,0
TXN-00000530,209.13,4,fuel,64,974,0,35.55,0.77,98.1,3,0,0,0,1
TXN-00000531,27.66,9,electronics,55,1403,3,34.64,5.99,86.34,1,0,0,0,0
TXN-00000532,15.06,1,pharmacy,36,1416,2,64.76,21.44,80.05,0,0,1,0,0
TXN-00000533,25.25,16,grocery,29,1388,0,31.37,13.04,91.15,1,0,1,0,0
TXN-00000534,65.04,9,jewelry,58,641,0,24.13,42.65,79.94,0,0,0,0,0
TXN-00000535,7.81,8,electronics,27,925,3,38.88,3.89,88.9,0,0,1,0,0
TXN-00000536,78.99,12,online_shopping,57,719,5,10.0,20.29,63.91,0,0,0,0,1
TXN-00000537,22.97,1,restaurant,27,646,3,12.25,22.0,86.32,3,0,1,0,0
TXN-00000538,134.99,9,fuel,37,667,3,53.67,16.56,77.07,0,0,0,0,0
TXN-00000539,5.0,23,online_shopping,47,526,0,21.09,17.89,75.64,1,0,1,0,0
TXN-00000540,17.71,15,pharmacy,27,1090,1,17.81,11.52,82.59,0,0,0,0,0
TXN-00000541,6.88,13,grocery,64,1604,3,39.81,35.56,98.04,0,0,1,0,0
TXN-00000542,16.99,12,fuel,58,710,4,27.52,0.65,82.61,1,0,1,0,0
TXN-00000543,52.46,11,grocery,18,670,2,55.64,30.78,87.59,0,0,1,0,0
TXN-00000544,33.51,22,restaurant,67,295,1,22.83,4.51,80.78,0,0,1,0,0
TXN-00000545,31.0,22,online_shopping,59,1281,1,68.41,1.74,88.62,0,0,1,0,0
TXN-00000546,34.22,9,travel,66,255,3,23.85,18.08,75.39,2,0,1,0,1
TXN-00000547,50.08,22,fuel,52,998,4,54.75,28.41,88.3,1,0,1,0,0
TXN-00000548,14.03,1,restaurant,54,612,4,31.69,7.89,91.83,2,0,1,0,1
TXN-00000549,84.96,7,pharmacy,40,834,1,17.59,33.31,93.13,1,1,1,0,0
TXN-00000550,81.11,7,gaming,31,1027,2,28.55,14.22,82.09,1,0,1,0,0
TXN-00000551,60.6,16,grocery,31,995,0,32.13,14.65,79.36,2,0,0,0,0
TXN-00000552,72.56,14,fuel,36,1508,0,28.14,8.49,69.02,0,0,1,0,0
TXN-00000553,55.22,11,restaurant,34,263,0,18.01,80.17,80.89,0,1,0,0,1
TXN-00000554,342.69,6,online_shopping,61,1419,2,76.03,3.38,72.98,0,0,0,0,0
TXN-00000555,36.91,12,online_shopping,48,1049,2,35.1,58.65,78.86,0,0,1,0,0
TXN-00000556,29.3,6,electronics,41,1586,1,10.0,15.89,68.39,1,0,1,0,0
TXN-00000557,18.33,11,restaurant,60,963,2,34.21,4.06,84.46,0,0,1,0,0
TXN-00000558,13.68,8,gaming,60,414,2,41.66,13.58,77.5,1,0,0,0,0
TXN-00000559,10.95,21,grocery,72,893,3,10.0,3.47,63.88,0,0,1,0,0
TXN-00000560,15.91,17,grocery,35,1262,2,18.87,2.3,85.44,0,1,1,0,0
TXN-00000561,37.55,4,grocery,32,1374,1,54.65,12.49,86.23,0,0,1,1,0
TXN-00000562,57.46,22,cash_withdrawal,18,909,0,33.26,4.27,72.31,1,0,0,0,0
TXN-00000563,42.68,15,electronics,27,853,1,33.3,0.46,69.62,0,0,0,0,0
TXN-00000564,18.1,8,travel,53,1040,3,13.75,7.19,57.0,0,0,0,0,0
TXN-00000565,104.08,12,restaurant,64,1485,2,17.19,10.12,83.68,2,0,0,0,1
TXN-00000566,87.92,4,online_shopping,52,744,1,12.39,25.61,65.8,0,0,1,0,0
TXN-00000567,34.2,1,cash_withdrawal,75,1160,3,10.0,13.26,62.35,1,0,1,0,0
TXN-00000568,20.38,10,electronics,54,2094,2,10.0,73.88,91.11,0,0,0,0,0
TXN-00000569,71.94,18,online_shopping,69,2763,1,116.06,0.28,93.91,1,0,0,1,0
TXN-00000570,49.27,8,online_shopping,33,1481,0,18.66,4.89,88.59,0,0,0,0,0
TXN-00000571,8.84,9,fuel,36,840,1,36.02,9.48,71.42,0,0,1,0,0
TXN-00000572,37.66,23,travel,65,479,3,62.3,42.89,90.55,0,1,0,0,0
TXN-00000573,53.26,23,grocery,56,1130,0,33.02,25.03,74.6,0,0,0,0,0
TXN-00000574,15.73,11,electronics,46,1866,2,28.14,26.08,77.16,1,0,1,0,0
TXN-00000575,49.37,1,cash_withdrawal,73,910,4,37.82,8.73,86.95,0,0,0,0,0
TXN-00000576,8.78,16,online_shopping,62,1566,2,113.39,3.89,66.58,0,0,0,0,0
TXN-00000577,164.51,17,electronics,35,1505,0,31.06,0.57,82.46,0,0,0,0,0
TXN-00000578,149.96,21,restaurant,53,961,1,11.61,0.65,48.22,0,0,1,0,0
TXN-00000579,31.03,22,online_shopping,40,1439,3,14.67,45.43,93.52,0,0,1,1,0
TXN-00000580,59.24,15,restaurant,42,510,4,16.17,0.78,55.62,0,0,1,0,0
TXN-00000581,5.0,2,electronics,64,862,4,26.29,22.06,87.26,0,1,1,0,0
TXN-00000582,12.01,5,travel,57,1195,3,13.66,3.12,77.81,0,0,0,0,0
TXN-00000583,29.71,17,pharmacy,18,949,2,20.3,21.82,77.82,1,0,1,0,0
TXN-00000584,13.12,14,gaming,51,539,3,26.81,7.47,83.18,0,0,1,0,0
TXN-00000585,85.64,10,gaming,55,1439,2,56.67,5.18,69.79,2,0,0,0,0
TXN-00000586,329.36,9,online_shopping,47,1187,5,16.65,2.43,74.84,0,0,0,0,0
TXN-00000587,11.76,17,electronics,35,1045,4,43.78,23.88,64.89,3,0,0,0,0
TXN-00000588,16.79,10,grocery,55,1727,2,34.85,17.33,90.04,1,0,1,0,0
TXN-00000589,51.79,3,online_shopping,72,1454,4,46.67,16.71,65.65,0,0,0,0,0
TXN-00000590,219.57,23,jewelry,22,208,6,10.0,10.24,71.83,1,1,1,1,1
TXN-00000591,11.21,8,grocery,52,1054,4,10.0,55.3,55.65,2,1,0,0,0
TXN-00000592,52.54,6,electronics,70,1038,2,11.01,7.75,86.13,0,0,1,0,0
TXN-00000593,273.79,1,pharmacy,41,801,3,71.55,74.7,69.79,2,0,1,0,0
TXN-00000594,7.14,11,cash_withdrawal,37,264,0,17.93,4.08,88.8,0,0,1,0,0
TXN-00000595,10.54,23,electronics,32,628,0,13.89,4.99,92.38,0,0,1,0,0
TXN-00000596,25.93,3,restaurant,31,227,3,27.55,3.18,65.19,1,0,1,0,0
TXN-00000597,23.42,5,travel,40,2447,5,113.7,0.35,76.73,0,0,1,0,0
TXN-00000598,94.94,4,fuel,62,951,5,19.11,2.35,72.28,0,0,1,0,0
TXN-00000599,52.13,2,fuel,28,1227,2,19.32,13.9,81.67,1,0,0,0,1
TXN-00000600,6.27,14,electronics,31,534,4,55.51,0.14,87.33,1,0,1,0,0
TXN-00000601,69.49,7,electronics,75,283,0,34.83,3.08,75.85,1,0,0,0,0
TXN-00000602,22.06,18,restaurant,75,771,2,29.69,1.88,73.14,0,0,1,0,0
TXN-00000603,154.19,9,electronics,31,714,1,21.91,26.24,73.44,1,1,0,0,1
TXN-00000604,20.93,15,restaurant,42,1082,3,35.93,1.06,59.91,0,0,0,0,0
TXN-00000605,20.73,2,travel,41,789,4,10.0,5.41,70.91,1,0,1,0,0
TXN-00000606,71.39,7,restaurant,35,2713,3,35.47,11.29,84.48,2,0,0,0,0
TXN-00000607,90.11,9,online_shopping,26,1600,4,13.14,10.28,66.51,1,0,0,0,0
TXN-00000608,64.75,1,restaurant,21,1943,2,76.66,14.77,84.79,0,0,0,0,0
TXN-00000609,6.89,10,fuel,53,955,2,58.59,9.48,57.26,0,0,1,0,0
TXN-00000610,71.16,11,electronics,20,1072,4,48.78,2.93,89.6,0,1,0,0,0
TXN-00000611,13.65,9,fuel,54,1855,3,107.73,15.18,89.7,0,0,1,0,0
TXN-00000612,51.78,12,grocery,23,757,0,167.03,2.31,71.88,0,0,0,0,0
TXN-00000613,9.07,19,online_shopping,26,1195,4,29.58,6.89,70.68,0,0,1,1,0
TXN-00000614,64.63,18,restaurant,18,789,1,30.45,9.43,75.25,0,1,0,0,0
TXN-00000615,17.34,0,electronics,41,1229,2,47.38,13.11,98.67,1,0,1,0,0
TXN-00000616,10.52,15,online_shopping,36,445,2,44.34,60.16,92.74,0,0,1,0,0
TXN-00000617,85.59,21,online_shopping,37,696,0,10.0,3.26,81.7,1,0,1,0,0
TXN-00000618,52.13,20,pharmacy,36,1084,2,24.72,2.41,70.46,0,0,1,0,0
TXN-00000619,21.23,7,jewelry,72,1149,1,16.45,15.51,90.05,0,0,1,0,0
TXN-00000620,185.63,18,online_shopping,42,1371,3,38.59,38.07,52.5,1,0,0,0,0
TXN-00000621,25.47,19,electronics,64,495,1,39.56,22.99,66.28,0,0,1,0,0
TXN-00000622,41.83,8,gaming,31,1062,5,29.81,1.21,85.6,1,0,0,1,0
TXN-00000623,53.64,20,electronics,46,372,2,18.72,4.4,80.78,1,0,1,0,0
TXN-00000624,21.1,15,online_shopping,21,813,3,20.72,9.96,88.03,2,1,1,0,0
TXN-00000625,66.33,18,travel,32,971,1,97.66,27.07,94.26,1,0,1,1,0
TXN-00000626,23.1,17,pharmacy,22,897,1,10.0,25.08,49.51,0,1,1,0,0
TXN-00000627,26.25,18,pharmacy,19,2067,2,213.44,43.34,80.69,0,0,1,0,0
TXN-00000628,169.15,22,online_shopping,28,975,4,99.75,45.15,77.06,1,0,1,0,0
TXN-00000629,13.56,20,restaurant,27,1275,3,26.59,44.32,57.68,0,0,1,0,0
TXN-00000630,5.0,10,pharmacy,36,1085,1,45.06,5.81,75.56,0,0,0,0,0
TXN-00000631,219.53,13,restaurant,61,943,1,27.53,1.23,72.12,1,0,0,0,0
TXN-00000632,588.04,15,restaurant,26,1229,1,26.56,12.29,85.22,0,0,1,0,0
TXN-00000633,26.43,20,restaurant,53,1036,0,22.05,13.73,90.22,1,0,1,0,0
TXN-00000634,5.29,9,gaming,39,991,1,19.16,13.67,71.79,0,0,1,0,0
TXN-00000635,29.19,7,restaurant,41,852,5,47.01,10.57,78.49,1,1,1,0,0
TXN-00000636,29.95,17,online_shopping,71,757,3,16.87,33.08,92.67,3,0,1,0,0
TXN-00000637,33.13,22,online_shopping,44,702,2,30.85,15.62,83.42,2,0,1,0,0
TXN-00000638,12.57,21,online_shopping,33,992,8,22.8,24.52,54.72,1,0,0,1,1
TXN-00000639,74.33,3,online_shopping,31,956,3,105.76,5.45,94.58,0,0,0,0,0
TXN-00000640,70.16,22,online_shopping,27,1828,2,60.09,6.81,84.97,0,0,0,0,0
TXN-00000641,8.42,18,grocery,64,417,3,18.33,1.75,75.59,0,1,1,1,0
TXN-00000642,84.28,3,grocery,56,2147,3,69.2,4.95,58.18,0,0,0,1,0
TXN-00000643,349.09,0,restaurant,33,502,5,38.34,5.89,66.27,0,0,1,0,1
TXN-00000644,48.45,4,fuel,46,938,0,61.25,31.77,91.68,0,0,1,0,0
TXN-00000645,28.38,22,travel,47,1155,4,55.11,3.77,94.59,0,1,0,0,0
TXN-00000646,34.84,18,electronics,20,566,2,11.67,12.0,76.42,1,0,0,0,0
TXN-00000647,77.17,13,grocery,70,496,2,43.06,12.26,56.59,0,1,1,0,0
TXN-00000648,6.57,15,electronics,63,884,3,28.61,2.01,93.33,1,0,0,0,0
TXN-00000649,48.07,9,pharmacy,49,1291,2,105.21,53.41,88.94,3,1,0,0,0
TXN-00000650,26.84,21,gaming,59,1464,4,16.25,47.94,79.73,0,0,0,0,0
TXN-00000651,281.52,3,grocery,24,455,3,47.46,8.17,82.84,0,0,1,1,1
TXN-00000652,33.69,7,grocery,74,865,1,13.51,7.13,70.72,1,0,0,0,0
TXN-00000653,233.06,4,online_shopping,55,337,3,122.19,15.33,93.86,0,0,1,0,0
TXN-00000654,12.69,20,online_shopping,72,573,1,43.37,6.98,70.17,0,0,0,0,0
TXN-00000655,74.94,12,cash_withdrawal,68,1665,6,21.21,13.02,81.89,0,0,0,0,1
TXN-00000656,56.56,16,fuel,51,1123,0,76.36,78.58,91.63,1,0,1,0,0
TXN-00000657,16.24,22,fuel,34,601,2,94.25,27.05,59.38,0,0,0,0,0
TXN-00000658,48.73,4,fuel,57,1587,2,38.92,6.45,79.34,0,0,0,0,0
TXN-00000659,144.48,23,online_shopping,47,648,1,26.23,33.95,68.24,2,0,0,0,1
TXN-00000660,28.79,3,gaming,41,927,2,13.99,13.65,78.88,0,0,1,0,0
TXN-00000661,6.84,18,restaurant,59,295,1,15.47,10.54,92.01,1,0,0,0,0
TXN-00000662,39.71,16,jewelry,69,602,4,12.89,6.05,59.64,0,0,1,0,1
TXN-00000663,15.68,19,restaurant,27,1071,4,62.38,22.24,69.46,1,0,0,0,0
TXN-00000664,28.23,3,travel,50,1045,2,64.43,11.87,87.07,0,0,0,0,0
TXN-00000665,37.13,23,restaurant,63,756,0,14.51,6.08,91.9,0,0,1,0,0
TXN-00000666,6.75,19,online_shopping,36,880,1,66.09,2.52,66.7,0,0,0,1,0
TXN-00000667,7.42,2,pharmacy,37,1340,1,24.22,27.28,82.07,0,1,1,0,0
TXN-00000668,67.1,13,online_shopping,18,844,4,20.18,11.16,68.41,4,1,0,1,1
TXN-00000669,23.36,19,pharmacy,36,1157,2,40.07,8.38,71.09,0,0,1,0,0
TXN-00000670,5.0,11,fuel,52,691,1,28.06,1.12,48.88,0,0,1,1,0
TXN-00000671,92.21,9,pharmacy,74,920,2,10.0,7.32,71.12,1,0,0,0,0
TXN-00000672,53.84,6,electronics,48,282,3,23.29,15.21,87.31,0,0,0,0,0
TXN-00000673,19.11,12,restaurant,34,718,0,11.94,2.62,79.35,0,0,0,0,0
TXN-00000674,10.15,23,restaurant,65,975,1,10.0,4.35,60.77,1,1,0,0,0
TXN-00000675,97.28,14,pharmacy,28,893,4,19.45,27.19,63.62,0,0,0,0,0
TXN-00000676,58.37,17,online_shopping,28,690,3,27.68,17.01,85.26,0,0,1,0,0
TXN-00000677,493.6,18,grocery,48,535,2,12.13,8.86,93.97,1,0,1,0,0
TXN-00000678,62.88,18,restaurant,65,991,2,30.71,12.62,59.35,0,0,1,1,0
TXN-00000679,60.77,9,travel,30,878,1,31.17,4.02,89.75,0,0,1,1,0
TXN-00000680,33.94,18,grocery,18,1100,4,46.62,12.59,58.91,2,0,0,1,0
TXN-00000681,95.36,7,travel,59,637,1,25.95,3.59,82.69,1,0,1,0,0
TXN-00000682,77.97,14,fuel,52,1238,2,47.26,6.14,85.46,0,0,0,0,0
TXN-00000683,150.55,7,grocery,57,490,2,50.01,11.11,90.71,1,0,1,0,0
TXN-00000684,23.4,22,fuel,41,392,2,10.75,26.82,90.2,1,0,1,0,0
TXN-00000685,25.61,17,online_shopping,24,1672,2,92.82,16.98,93.61,1,0,0,0,0
TXN-00000686,24.46,14,grocery,37,507,0,66.21,37.64,59.3,1,1,0,0,0
TXN-00000687,92.79,10,grocery,45,996,5,24.47,20.8,76.69,1,0,0,1,1
TXN-00000688,195.06,12,cash_withdrawal,43,797,0,15.8,31.18,75.24,0,0,1,0,0
TXN-00000689,24.98,18,gaming,69,1692,3,51.79,12.64,59.23,0,0,1,0,0
TXN-00000690,25.89,6,restaurant,30,1262,3,18.91,3.46,79.24,0,0,1,0,0
TXN-00000691,56.25,19,online_shopping,36,399,3,14.82,0.77,80.88,0,1,1,0,0
TXN-00000692,31.25,6,fuel,28,1937,4,23.69,1.89,86.19,0,1,1,0,0
TXN-00000693,109.91,3,fuel,51,1479,2,65.19,4.58,64.06,0,0,0,0,0
TXN-00000694,5.0,17,fuel,64,747,3,77.47,15.27,78.71,0,0,1,0,0
TXN-00000695,16.98,17,electronics,69,487,1,100.41,3.03,86.85,1,0,1,0,0
TXN-00000696,17.79,8,grocery,31,1030,2,25.44,18.29,82.74,0,0,0,0,0
TXN-00000697,5.0,15,fuel,42,1059,2,26.89,18.62,74.29,1,0,1,1,0
TXN-00000698,14.7,17,cash_withdrawal,60,311,1,27.0,4.94,88.39,1,0,1,0,0
TXN-00000699,15.47,18,fuel,20,994,0,19.68,23.86,73.28,0,0,0,0,0
TXN-00000700,32.75,22,electronics,59,1420,2,19.27,12.73,71.25,0,0,1,0,0
TXN-00000701,130.14,20,grocery,25,967,6,22.54,7.67,89.27,0,0,0,0,0
TXN-00000702,31.27,10,grocery,19,889,0,101.39,19.34,67.81,2,1,1,0,0
TXN-00000703,13.7,5,restaurant,24,835,0,17.13,3.98,52.9,0,0,0,0,0
TXN-00000704,38.1,2,grocery,69,596,2,34.53,20.28,95.39,0,0,1,0,0
TXN-00000705,121.71,13,cash_withdrawal,57,1560,1,44.35,1.97,67.88,2,0,1,0,0
TXN-00000706,14.52,15,travel,63,769,4,118.76,11.94,79.82,0,0,0,0,0
TXN-00000707,15.55,16,fuel,58,1030,3,36.4,15.03,86.71,0,0,1,0,0
TXN-00000708,72.71,0,fuel,64,435,3,25.0,1.07,67.44,0,1,1,0,0
TXN-00000709,32.05,16,electronics,46,873,0,15.82,36.6,64.87,3,0,1,1,0
TXN-00000710,79.83,18,online_shopping,64,1184,1,16.76,13.1,98.97,1,0,1,0,0
TXN-00000711,39.87,17,restaurant,21,759,2,29.74,11.03,76.68,1,0,0,0,0
TXN-00000712,84.5,12,pharmacy,51,771,3,24.54,2.08,77.13,0,0,1,0,0
TXN-00000713,13.64,0,travel,61,919,3,28.84,5.56,62.73,0,0,0,0,0
TXN-00000714,39.94,11,online_shopping,75,1161,1,43.7,12.22,81.02,0,0,0,0,0
TXN-00000715,32.42,15,fuel,38,990,1,19.59,55.99,88.45,0,0,0,0,0
TXN-00000716,11.28,13,restaurant,28,2284,3,38.25,18.18,73.02,1,0,1,0,0
TXN-00000717,7.83,13,travel,59,1673,5,58.89,93.51,80.05,0,1,0,0,1
TXN-00000718,83.1,12,grocery,22,684,4,10.0,15.38,82.03,0,0,0,0,0
TXN-00000719,27.98,13,travel,63,1518,3,33.6,8.87,47.37,1,0,1,0,0
TXN-00000720,13.83,7,travel,58,308,4,76.21,0.7,97.35,1,0,1,0,0
TXN-00000721,36.56,14,electronics,58,795,2,39.41,2.52,90.63,1,0,0,0,0
TXN-00000722,132.21,6,pharmacy,35,381,5,19.95,7.51,76.82,0,0,0,0,0
TXN-00000723,5.0,11,grocery,24,1225,2,44.7,6.16,82.02,3,1,1,0,0
TXN-00000724,8.4,9,restaurant,53,759,2,21.32,4.85,90.08,0,0,1,0,0
TXN-00000725,15.35,17,grocery,39,470,7,53.24,1.73,84.72,0,0,1,0,1
TXN-00000726,187.59,21,electronics,40,1351,3,40.7,17.46,67.3,0,0,0,0,0
TXN-00000727,54.42,15,cash_withdrawal,28,507,2,103.6,13.93,81.66,1,0,1,0,0
TXN-00000728,90.53,3,fuel,37,1287,1,28.02,8.21,82.28,0,0,1,0,0
TXN-00000729,12.22,16,fuel,66,1046,4,40.03,35.72,61.59,0,0,0,0,0
TXN-00000730,12.48,7,pharmacy,69,832,5,24.04,4.3,71.81,1,0,1,0,0
TXN-00000731,64.73,1,restaurant,38,1439,2,32.15,16.54,51.31,0,0,1,0,0
TXN-00000732,43.0,4,fuel,26,561,0,17.23,34.43,85.16,0,0,0,0,1
TXN-00000733,71.96,23,jewelry,19,338,3,70.87,2.69,64.97,0,0,1,0,0
TXN-00000734,33.21,10,gaming,28,490,1,34.98,1.15,74.82,1,0,1,1,0
TXN-00000735,54.17,4,pharmacy,18,2270,1,30.64,66.34,97.15,0,0,1,0,0
TXN-00000736,47.75,3,electronics,56,600,4,54.17,88.19,76.51,0,0,1,0,0
TXN-00000737,91.53,15,travel,55,737,1,81.19,15.34,82.51,0,0,0,0,0
TXN-00000738,94.38,18,restaurant,63,1856,1,131.33,1.25,95.58,0,0,1,1,1
TXN-00000739,7.38,8,online_shopping,37,738,3,17.32,4.56,62.78,1,0,1,0,0
TXN-00000740,5.0,2,restaurant,66,1242,4,47.19,18.82,60.54,1,0,0,0,0
TXN-00000741,115.8,8,grocery,27,1961,3,55.84,64.51,95.95,0,0,0,1,0
TXN-00000742,140.77,15,cash_withdrawal,31,1144,2,28.34,3.25,89.42,1,0,0,0,0
TXN-00000743,13.85,2,online_shopping,71,908,1,19.8,29.81,59.49,0,0,1,0,0
TXN-00000744,5.74,6,fuel,69,1372,2,64.35,31.32,66.87,0,0,1,0,0
TXN-00000745,44.88,0,grocery,52,247,2,16.58,61.72,89.22,0,0,1,0,0
TXN-00000746,107.49,11,cash_withdrawal,53,733,3,39.18,1.57,77.25,0,0,1,0,0
TXN-00000747,267.06,4,online_shopping,58,1687,6,19.08,14.27,90.95,2,0,1,0,0
TXN-00000748,69.55,4,gaming,65,605,1,30.95,6.95,76.41,0,0,1,0,0
TXN-00000749,27.38,2,pharmacy,31,178,5,10.96,14.14,85.69,0,0,1,1,0
TXN-00000750,15.83,17,fuel,21,988,2,15.31,18.95,66.42,0,1,0,0,0
TXN-00000751,40.94,11,grocery,28,1249,1,10.0,0.7,70.59,0,0,1,1,0
TXN-00000752,29.54,22,travel,38,784,5,169.92,6.91,58.63,1,1,0,0,0
TXN-00000753,13.93,9,fuel,31,1258,3,11.78,8.66,76.04,0,0,0,0,0
TXN-00000754,347.65,5,online_shopping,48,1050,5,53.22,57.55,70.62,0,0,1,0,0
TXN-00000755,263.6,4,travel,26,3158,2,18.32,23.06,86.97,1,0,1,0,0
TXN-00000756,133.33,22,travel,51,1385,3,10.0,8.89,78.9,1,0,1,0,0
TXN-00000757,15.38,14,travel,59,1050,4,35.58,9.2,95.18,0,0,0,0,0
TXN-00000758,99.26,7,electronics,23,283,2,160.31,6.19,59.22,0,0,0,0,0
TXN-00000759,79.17,15,electronics,34,632,0,18.05,14.4,75.75,0,0,0,0,0
TXN-00000760,64.37,13,electronics,49,513,0,99.36,4.38,82.42,0,0,0,0,0
TXN-00000761,150.23,2,restaurant,21,1831,4,107.8,13.72,86.16,1,0,1,0,0
TXN-00000762,78.82,16,restaurant,56,477,5,14.9,5.7,85.76,0,0,0,0,0
TXN-00000763,87.97,2,pharmacy,61,777,4,10.0,20.19,81.64,1,1,1,0,1
TXN-00000764,78.95,4,grocery,38,1113,3,18.0,3.02,89.43,0,0,1,0,0
TXN-00000765,57.85,17,fuel,18,694,1,60.85,4.69,81.66,0,1,1,0,0
TXN-00000766,6.22,10,travel,47,755,1,10.0,4.75,79.23,2,1,1,1,0
TXN-00000767,44.16,5,online_shopping,68,1050,4,41.33,8.18,93.51,0,0,1,0,0
TXN-00000768,22.56,1,online_shopping,34,604,1,31.92,40.47,66.34,0,0,0,1,1
TXN-00000769,10.55,14,fuel,67,985,4,19.54,11.93,82.46,1,0,0,0,0
TXN-00000770,236.49,16,online_shopping,68,1350,5,21.74,9.35,96.25,1,0,1,0,0
TXN-00000771,248.5,4,fuel,34,655,3,26.62,2.15,54.07,2,0,0,0,0
TXN-00000772,168.54,9,fuel,52,503,1,31.75,33.46,77.63,1,0,0,0,0
TXN-00000773,52.88,8,fuel,20,2028,0,87.09,6.44,69.6,1,1,1,0,0
TXN-00000774,167.03,21,cash_withdrawal,49,2043,2,22.87,2.25,94.89,1,0,0,0,0
TXN-00000775,40.96,18,online_shopping,69,888,4,28.15,25.33,72.51,0,0,1,0,0
TXN-00000776,50.05,6,grocery,72,970,2,44.81,0.32,82.11,1,0,1,0,0
TXN-00000777,12.83,12,electronics,29,966,2,15.74,0.61,93.3,2,0,1,0,0
TXN-00000778,61.37,22,restaurant,56,729,3,85.11,11.69,49.61,0,0,0,0,0
TXN-00000779,43.09,8,electronics,21,876,2,17.43,4.71,97.07,1,1,1,0,0
TXN-00000780,10.3,3,restaurant,34,286,5,40.7,2.01,42.56,0,0,1,0,0
TXN-00000781,38.33,7,electronics,66,417,2,25.23,15.96,91.47,1,0,1,0,0
TXN-00000782,37.2,14,travel,55,757,0,30.05,9.41,90.68,0,0,1,0,0
TXN-00000783,267.05,23,gaming,40,658,2,109.92,26.34,75.45,0,0,0,0,0
TXN-00000784,103.43,7,grocery,73,453,1,35.52,5.56,71.76,3,0,0,0,0
TXN-00000785,40.94,1,gaming,61,874,1,19.01,3.99,83.02,0,0,0,0,0
TXN-00000786,52.52,4,electronics,19,1276,2,16.37,5.08,82.44,0,0,1,0,0
TXN-00000787,42.37,9,jewelry,22,605,1,68.12,18.4,70.39,2,1,1,0,0
TXN-00000788,32.69,2,grocery,54,225,2,40.07,13.68,83.51,0,0,1,0,0
TXN-00000789,12.98,0,fuel,68,1051,2,21.54,17.47,80.21,0,1,0,0,0
TXN-00000790,34.52,15,fuel,27,768,0,61.3,0.73,66.66,0,0,1,0,0
TXN-00000791,18.48,19,travel,49,1383,2,17.55,5.36,79.94,0,0,0,0,0
TXN-00000792,10.88,5,restaurant,65,397,4,16.93,1.43,67.25,1,0,0,0,0
TXN-00000793,69.18,12,fuel,68,489,2,27.25,32.36,84.58,0,0,0,0,0
TXN-00000794,61.0,13,restaurant,55,744,2,24.62,0.8,89.94,0,1,1,1,0
TXN-00000795,6.2,16,grocery,75,549,4,10.0,4.53,77.39,2,0,1,0,0
TXN-00000796,35.56,23,online_shopping,72,1594,4,21.42,21.63,82.04,0,0,0,0,0
TXN-00000797,115.06,21,grocery,66,411,2,43.1,3.25,49.34,0,0,1,0,0
TXN-00000798,123.0,7,cash_withdrawal,56,731,1,23.32,34.14,70.29,1,0,1,0,0
TXN-00000799,118.76,23,restaurant,75,2254,1,29.21,8.94,91.57,0,1,1,0,0
TXN-00000800,42.13,0,online_shopping,18,392,0,15.39,50.58,76.88,1,0,0,0,0
TXN-00000801,16.65,23,pharmacy,23,919,4,35.97,4.25,58.29,0,0,0,0,0
TXN-00000802,12.96,3,jewelry,47,776,3,41.18,16.55,83.32,1,1,1,0,0
TXN-00000803,58.08,2,grocery,56,1130,3,74.61,6.29,91.05,0,0,0,0,0
TXN-00000804,60.23,2,grocery,70,1072,6,24.28,5.29,54.23,2,0,0,0,1
TXN-00000805,156.29,2,cash_withdrawal,57,1037,4,25.29,1.78,89.2,1,1,1,0,0
TXN-00000806,128.38,11,fuel,31,1430,0,45.22,10.04,88.01,1,0,0,0,1
TXN-00000807,35.2,15,electronics,70,1412,3,27.1,9.69,88.07,1,0,1,1,0
TXN-00000808,10.95,17,electronics,22,654,4,45.11,13.97,98.15,1,0,0,0,0
TXN-00000809,28.93,0,fuel,23,640,1,48.16,16.21,71.01,0,0,1,0,0
TXN-00000810,50.81,7,travel,59,1248,1,14.95,8.33,92.94,0,0,1,1,0
TXN-00000811,32.71,3,online_shopping,73,989,5,14.49,58.34,76.86,0,0,0,1,0
TXN-00000812,22.05,3,restaurant,47,1084,4,20.53,7.14,52.61,0,0,0,0,0
TXN-00000813,52.75,17,gaming,25,927,2,10.0,18.48,90.19,0,0,0,0,0
TXN-00000814,23.83,15,online_shopping,20,704,2,100.12,17.85,86.25,0,0,0,0,0
TXN-00000815,20.92,5,grocery,74,1216,2,13.08,4.85,93.13,1,0,1,0,0
TXN-00000816,56.09,7,online_shopping,34,589,0,63.44,7.92,83.95,0,0,0,0,0
TXN-00000817,26.52,22,fuel,55,2279,1,15.34,3.62,83.38,1,0,1,0,0
TXN-00000818,52.26,13,grocery,36,2168,3,60.37,9.65,87.53,0,0,1,0,0
TXN-00000819,53.89,5,fuel,30,2539,1,64.68,6.55,71.81,1,1,1,0,0
TXN-00000820,12.23,22,online_shopping,56,1022,0,10.0,10.06,93.54,0,0,1,0,0
TXN-00000821,24.4,4,online_shopping,60,753,1,27.87,2.48,54.47,1,0,0,0,0
TXN-00000822,183.03,6,grocery,45,1781,1,91.02,1.21,81.89,0,0,1,0,0
TXN-00000823,11.94,16,grocery,47,938,1,32.02,37.63,94.39,0,0,1,0,0
TXN-00000824,5.0,12,pharmacy,46,1382,3,53.89,38.99,60.97,0,0,0,0,0
TXN-00000825,5.73,1,online_shopping,52,1377,3,35.51,22.42,96.48,0,0,1,0,0
TXN-00000826,41.7,19,pharmacy,64,598,5,53.41,36.64,89.04,0,0,1,0,0
TXN-00000827,41.78,5,gaming,59,1201,1,68.22,8.11,48.92,1,0,1,1,0
TXN-00000828,35.75,16,fuel,34,1347,3,26.58,21.99,63.86,0,0,0,0,0
TXN-00000829,144.73,8,travel,32,880,2,30.05,36.06,81.34,0,0,1,0,0
TXN-00000830,5.0,18,restaurant,57,414,5,24.45,21.44,88.56,0,0,1,0,0
TXN-00000831,61.3,21,travel,55,1801,1,13.4,5.53,79.11,0,0,1,0,0
TXN-00000832,208.41,18,grocery,39,2253,4,47.31,17.03,56.86,0,0,0,0,0
TXN-00000833,12.38,22,online_shopping,66,968,1,31.58,7.95,84.92,0,0,1,0,0
TXN-00000834,27.15,12,fuel,42,790,3,67.96,17.85,87.18,0,0,0,0,0
TXN-00000835,18.35,1,grocery,37,372,1,106.16,8.03,80.76,1,0,1,0,0
TXN-00000836,15.81,12,online_shopping,50,996,2,21.13,5.41,98.21,1,0,1,0,0
TXN-00000837,28.72,11,restaurant,29,725,2,22.92,5.53,82.93,0,1,1,0,0
TXN-00000838,181.07,17,gaming,58,371,1,20.04,19.01,45.54,1,0,1,0,0
TXN-00000839,278.45,5,pharmacy,70,1440,3,76.92,5.11,89.61,0,1,0,0,1
TXN-00000840,28.42,16,fuel,72,1234,2,12.27,10.02,70.02,1,0,0,0,0
TXN-00000841,298.96,10,electronics,43,675,2,37.47,10.83,90.08,0,0,0,0,0
TXN-00000842,41.99,16,restaurant,33,2036,3,11.41,11.71,58.82,0,0,1,0,0
TXN-00000843,255.03,10,jewelry,45,901,3,78.04,5.8,90.06,0,0,0,0,0
TXN-00000844,36.67,9,grocery,24,978,1,48.13,14.07,88.65,0,0,1,0,0
TXN-00000845,46.41,5,pharmacy,56,835,1,19.88,8.63,90.83,0,0,0,0,0
TXN-00000846,59.37,19,fuel,42,1540,1,96.61,2.01,88.74,1,0,1,0,0
TXN-00000847,1138.88,1,grocery,25,1212,1,17.84,0.03,91.46,0,0,1,0,1
TXN-00000848,98.87,5,jewelry,49,284,2,32.44,63.23,84.25,1,0,1,1,0
TXN-00000849,19.25,10,gaming,59,935,1,10.0,1.81,74.85,0,0,1,0,0
TXN-00000850,111.88,3,gaming,31,1371,2,45.04,2.72,68.21,2,0,1,0,1
TXN-00000851,27.66,22,grocery,41,372,2,23.79,4.11,75.56,0,0,0,0,1
TXN-00000852,24.19,8,gaming,69,1363,0,25.91,41.4,79.97,0,0,1,0,0
TXN-00000853,105.01,5,grocery,59,1225,3,16.01,13.47,90.58,1,0,0,0,0
TXN-00000854,41.79,6,gaming,64,540,1,14.64,9.37,60.53,2,0,1,0,0
TXN-00000855,54.19,4,pharmacy,44,820,2,21.0,29.65,71.13,0,1,0,1,1
TXN-00000856,41.05,15,fuel,46,447,4,69.24,14.07,95.91,1,0,0,0,0
TXN-00000857,57.59,11,online_shopping,46,680,3,39.09,4.33,86.67,0,0,0,0,0
TXN-00000858,63.19,5,restaurant,44,813,1,17.04,15.09,88.37,0,0,0,0,0
TXN-00000859,5.29,20,electronics,26,1281,6,10.0,1.56,94.22,0,0,0,0,0
TXN-00000860,81.44,15,restaurant,20,1410,1,107.22,32.05,96.04,1,0,0,0,0
TXN-00000861,14.42,9,pharmacy,66,1044,3,10.0,3.78,88.72,1,0,0,0,0
TXN-00000862,8.9,12,electronics,49,795,1,62.52,2.62,69.46,0,0,0,0,0
TXN-00000863,38.04,15,restaurant,48,1342,4,41.32,38.8,79.55,1,0,0,0,0
TXN-00000864,44.18,3,cash_withdrawal,52,980,2,26.34,23.66,75.01,1,1,0,0,1
TXN-00000865,19.53,19,grocery,41,1104,2,20.63,14.09,90.55,0,0,1,0,0
TXN-00000866,96.79,6,jewelry,69,1445,3,49.29,22.04,60.86,0,0,0,0,0
TXN-00000867,9.88,0,cash_withdrawal,45,1302,2,61.01,0.36,83.78,0,0,1,0,0
TXN-00000868,26.38,12,grocery,47,1100,2,61.37,7.04,48.6,1,0,0,1,0
TXN-00000869,21.89,21,travel,48,1211,1,61.84,7.06,79.9,2,0,1,1,0
TXN-00000870,38.52,17,grocery,27,673,5,11.23,1.98,79.01,0,0,0,0,0
TXN-00000871,54.21,7,restaurant,28,624,3,19.25,6.1,94.05,1,0,0,0,0
TXN-00000872,14.04,9,travel,28,2238,1,19.86,2.51,74.42,1,0,1,1,0
TXN-00000873,86.53,14,restaurant,32,606,6,31.12,4.37,77.62,0,1,0,0,1
TXN-00000874,43.21,5,electronics,27,1453,2,36.06,3.67,72.35,0,0,0,0,0
TXN-00000875,5.55,19,grocery,30,789,2,60.13,8.61,73.1,1,0,0,0,0
TXN-00000876,5.17,7,gaming,72,1276,2,29.45,2.78,80.07,0,0,1,0,0
TXN-00000877,39.93,5,restaurant,38,266,2,49.85,13.46,82.63,0,0,0,0,0
TXN-00000878,32.07,2,grocery,64,428,7,23.82,4.06,68.26,0,0,0,0,0
TXN-00000879,36.29,16,restaurant,40,1495,1,114.25,40.37,84.94,0,0,1,0,0
TXN-00000880,39.28,0,travel,65,349,4,19.83,17.62,89.24,0,0,1,0,0
TXN-00000881,51.26,19,restaurant,61,678,3,19.61,18.01,80.36,0,0,1,0,0
TXN-00000882,109.4,23,online_shopping,66,1821,0,35.68,1.13,88.0,0,0,1,0,0
TXN-00000883,12.6,2,travel,34,1411,3,63.71,21.04,74.59,0,0,1,0,0
TXN-00000884,11.82,2,gaming,23,766,1,18.15,44.58,91.57,0,0,1,0,1
TXN-00000885,12.83,22,restaurant,35,607,3,24.79,14.23,95.43,1,1,0,0,0
TXN-00000886,54.78,2,online_shopping,58,1960,0,23.73,6.11,74.85,1,0,1,0,0
TXN-00000887,149.48,9,online_shopping,55,637,1,15.38,10.28,87.03,1,0,0,0,0
TXN-00000888,25.72,20,grocery,58,1080,2,21.0,1.82,85.31,0,0,1,0,0
TXN-00000889,5.0,3,online_shopping,75,1742,4,19.25,12.19,64.82,0,1,1,0,0
TXN-00000890,6.76,15,restaurant,31,1175,0,71.32,9.74,86.37,0,0,1,0,0
TXN-00000891,16.87,9,online_shopping,43,1744,1,33.44,31.17,74.11,2,0,0,0,0
TXN-00000892,22.52,10,travel,46,750,4,21.66,7.46,90.83,0,0,1,0,0
TXN-00000893,26.34,22,travel,26,512,2,101.31,15.88,60.41,0,0,1,0,0
TXN-00000894,42.12,15,online_shopping,56,1303,1,97.77,19.67,64.76,0,0,1,0,0
TXN-00000895,29.16,7,travel,20,1647,2,92.09,8.85,75.82,1,0,1,0,0
TXN-00000896,121.73,22,restaurant,70,1212,2,22.47,8.07,94.69,1,0,1,0,0
TXN-00000897,19.89,13,fuel,23,561,4,58.83,0.8,89.64,0,0,1,0,0
TXN-00000898,16.36,2,cash_withdrawal,24,2722,3,121.09,14.07,85.21,1,0,1,0,1
TXN-00000899,66.87,9,pharmacy,28,448,0,23.27,29.66,85.38,1,0,1,0,1
TXN-00000900,8.07,5,restaurant,69,1022,3,26.11,2.81,93.6,1,0,1,0,0
TXN-00000901,60.9,15,grocery,67,1738,2,22.63,32.41,74.2,0,0,1,0,0
TXN-00000902,45.05,20,online_shopping,71,972,3,34.62,24.5,61.49,0,1,0,0,0
TXN-00000903,34.65,0,cash_withdrawal,66,1313,1,98.31,3.69,79.12,0,0,0,1,0
TXN-00000904,214.37,18,cash_withdrawal,71,333,2,31.34,42.57,75.28,0,0,1,0,1
TXN-00000905,21.05,21,cash_withdrawal,45,1287,0,20.84,22.24,95.66,1,0,1,0,0
TXN-00000906,351.89,23,restaurant,18,543,2,28.17,28.1,23.29,0,0,0,0,1
TXN-00000907,31.92,15,grocery,43,1031,4,64.75,6.06,78.26,0,0,1,0,0
TXN-00000908,10.58,7,electronics,30,440,4,10.0,15.98,82.62,0,0,0,0,0
TXN-00000909,43.53,3,gaming,32,1350,3,38.58,25.83,44.33,1,0,1,1,1
TXN-00000910,13.07,22,online_shopping,58,1202,3,25.89,7.72,94.25,0,0,0,0,0
TXN-00000911,18.37,9,travel,27,1024,5,19.66,17.16,79.39,1,0,1,0,0
TXN-00000912,61.37,8,online_shopping,36,1516,5,10.0,0.01,87.67,1,0,1,0,0
TXN-00000913,72.48,17,online_shopping,40,1264,5,44.77,6.41,77.57,0,0,0,0,0
TXN-00000914,21.05,17,travel,21,432,4,24.76,22.91,78.43,0,0,1,0,0
TXN-00000915,114.07,19,online_shopping,58,1495,3,40.34,19.6,88.87,1,1,0,1,1
TXN-00000916,136.37,21,online_shopping,62,1274,4,14.39,4.85,58.45,0,0,1,1,0
TXN-00000917,182.75,21,restaurant,50,606,2,10.0,25.52,91.08,4,0,1,0,0
TXN-00000918,70.52,4,online_shopping,19,949,4,13.54,12.58,74.43,0,1,0,0,1
TXN-00000919,169.29,4,online_shopping,63,733,1,25.9,25.87,79.03,0,0,1,0,0
TXN-00000920,5.61,4,fuel,43,2386,2,10.0,35.69,80.21,1,0,0,0,0
TXN-00000921,28.97,15,fuel,33,506,1,32.91,53.32,59.03,0,0,1,0,0
TXN-00000922,16.28,13,cash_withdrawal,72,753,5,88.54,11.75,92.56,0,0,1,0,0
TXN-00000923,45.84,20,travel,67,915,3,10.0,36.61,64.78,1,0,1,0,0
TXN-00000924,22.2,20,fuel,43,1007,4,18.88,17.25,80.72,0,0,1,0,0
TXN-00000925,33.97,19,pharmacy,43,766,2,26.76,3.71,78.82,1,1,1,0,0
TXN-00000926,291.86,1,restaurant,70,993,2,26.42,1.6,87.35,1,0,1,0,0
TXN-00000927,33.85,16,fuel,29,1214,3,70.23,23.76,90.25,1,0,1,0,0
TXN-00000928,62.46,20,pharmacy,41,640,1,22.7,46.28,80.76,1,0,0,0,0
TXN-00000929,31.69,23,grocery,51,767,3,24.76,16.38,63.19,0,0,0,0,0
TXN-00000930,43.79,8,pharmacy,38,2124,4,23.6,10.48,69.79,0,0,0,0,0
TXN-00000931,40.7,18,online_shopping,36,138,6,40.96,2.58,66.07,1,0,1,0,0
TXN-00000932,64.76,9,cash_withdrawal,24,1512,4,87.31,8.05,93.99,0,0,1,0,0
TXN-00000933,137.49,3,jewelry,33,1494,1,30.01,30.1,95.0,1,0,1,0,1
TXN-00000934,228.1,8,online_shopping,38,420,1,81.09,16.21,49.09,0,0,1,0,0
TXN-00000935,55.99,6,travel,66,2297,1,31.87,4.36,58.44,0,0,1,0,0
TXN-00000936,75.12,21,fuel,37,897,2,13.18,28.24,73.36,0,0,1,0,0
TXN-00000937,12.08,4,fuel,27,1578,2,61.79,3.28,92.81,0,0,0,1,0
TXN-00000938,36.88,3,jewelry,67,1036,3,29.53,21.07,85.01,0,0,1,0,0
TXN-00000939,108.56,13,electronics,38,328,2,75.92,30.13,84.76,1,0,0,0,0
TXN-00000940,100.41,13,jewelry,71,788,3,51.22,30.18,70.36,0,0,0,0,0
TXN-00000941,50.51,13,cash_withdrawal,24,1523,3,54.93,8.87,74.13,0,0,1,1,0
TXN-00000942,102.59,3,electronics,19,1545,1,18.25,12.25,72.24,1,0,1,0,0
TXN-00000943,67.71,11,online_shopping,71,1058,3,16.04,3.24,75.21,0,0,0,0,0
TXN-00000944,142.64,22,electronics,23,496,4,29.2,51.5,86.76,0,0,0,1,1
TXN-00000945,54.81,2,pharmacy,18,1601,3,12.4,0.5,87.4,0,0,0,0,0
TXN-00000946,27.84,19,restaurant,55,639,2,14.84,3.79,92.32,0,0,0,0,0
TXN-00000947,57.55,3,fuel,36,1031,8,18.39,3.97,90.74,0,0,1,0,0
TXN-00000948,5.0,5,fuel,46,1252,3,13.5,13.93,86.99,0,0,1,0,0
TXN-00000949,60.46,21,fuel,41,1314,2,27.93,25.0,79.62,1,0,1,0,0
TXN-00000950,5.0,7,pharmacy,35,1230,2,30.38,1.18,86.85,0,0,1,0,0
TXN-00000951,6.62,12,pharmacy,45,585,0,21.28,10.77,87.55,2,0,0,0,0
TXN-00000952,65.0,9,online_shopping,33,750,1,13.31,6.09,98.18,0,0,1,0,0
TXN-00000953,66.78,14,travel,31,576,4,17.45,24.0,95.16,0,0,0,0,0
TXN-00000954,11.93,9,grocery,31,1366,2,34.74,1.66,86.4,1,0,1,0,0
TXN-00000955,19.15,10,grocery,24,1272,3,25.5,11.74,90.71,2,0,0,1,0
TXN-00000956,170.56,19,restaurant,48,630,2,31.98,7.02,94.26,1,0,0,0,0
TXN-00000957,24.33,13,fuel,49,1468,2,16.74,22.64,99.03,0,0,1,0,0
TXN-00000958,426.27,13,cash_withdrawal,19,1464,1,39.27,20.16,64.89,1,0,0,1,1
TXN-00000959,40.37,19,jewelry,44,1711,3,49.71,20.59,67.72,0,0,1,0,0
TXN-00000960,62.08,10,cash_withdrawal,60,1249,4,12.79,49.17,88.46,1,0,0,0,1
TXN-00000961,220.9,19,pharmacy,18,1290,5,22.23,16.47,83.18,2,0,0,0,1
TXN-00000962,46.41,17,grocery,35,779,5,10.2,18.41,77.74,1,0,0,1,1
TXN-00000963,14.12,21,online_shopping,73,879,3,51.08,13.31,89.51,3,0,0,0,0
TXN-00000964,36.05,10,fuel,42,1629,4,127.09,7.88,88.1,0,0,1,0,0
TXN-00000965,38.96,13,pharmacy,18,692,3,53.85,16.57,77.82,1,1,1,0,0
TXN-00000966,9.65,3,restaurant,48,600,2,27.21,38.0,83.27,1,0,0,0,1
TXN-00000967,30.92,2,pharmacy,41,1297,2,33.17,13.66,78.84,0,0,1,0,0
TXN-00000968,18.55,2,electronics,30,295,5,43.39,45.3,70.5,2,1,1,0,1
TXN-00000969,106.76,15,travel,22,671,6,13.17,3.85,66.8,1,1,1,0,0
TXN-00000970,41.94,7,electronics,69,1744,2,31.02,15.96,71.27,0,0,1,0,0
TXN-00000971,30.06,6,restaurant,65,1919,5,29.47,3.73,85.65,0,0,1,0,0
TXN-00000972,36.18,14,electronics,57,1547,2,25.86,49.9,87.26,0,0,1,0,0
TXN-00000973,51.13,9,pharmacy,19,1007,2,22.7,34.94,75.83,0,0,0,0,0
TXN-00000974,77.3,3,pharmacy,68,602,5,31.69,3.99,88.75,1,1,0,0,1
TXN-00000975,14.16,13,travel,45,433,1,15.55,21.34,97.69,0,0,0,0,0
TXN-00000976,13.55,13,electronics,45,810,1,18.33,9.45,88.15,0,0,0,1,0
TXN-00000977,129.01,3,grocery,68,437,3,35.8,7.09,84.24,0,0,0,0,0
TXN-00000978,26.23,6,cash_withdrawal,43,2072,3,29.07,7.57,87.17,0,0,0,0,0
TXN-00000979,9.14,5,online_shopping,31,2250,1,30.2,5.33,92.74,1,0,0,0,0
TXN-00000980,64.46,16,fuel,31,788,1,56.2,19.29,83.95,1,0,0,0,0
TXN-00000981,65.79,5,grocery,71,839,2,27.97,23.67,74.93,1,0,1,1,0
TXN-00000982,8.11,0,grocery,49,1422,2,26.07,19.98,76.01,0,0,0,0,0
TXN-00000983,51.47,6,cash_withdrawal,51,393,5,45.71,3.51,96.51,0,0,0,0,0
TXN-00000984,87.56,11,restaurant,52,851,1,94.35,10.89,91.63,0,0,1,0,0
TXN-00000985,59.93,18,online_shopping,30,965,4,22.05,7.04,89.9,0,0,1,0,0
TXN-00000986,78.54,1,restaurant,42,444,2,40.2,4.19,30.03,0,0,1,0,1
TXN-00000987,9.26,21,restaurant,73,579,4,25.3,1.88,57.37,1,0,1,0,0
TXN-00000988,57.26,7,fuel,26,700,2,16.16,10.1,71.3,1,0,0,0,0
TXN-00000989,29.44,8,grocery,73,1577,4,29.46,6.06,89.88,0,0,0,0,0
TXN-00000990,24.36,0,online_shopping,33,1890,2,44.46,13.09,84.67,0,0,1,0,0
TXN-00000991,100.9,6,restaurant,35,1214,1,17.4,4.36,76.88,1,1,0,0,0
TXN-00000992,191.18,11,restaurant,18,928,3,61.87,19.29,88.02,0,0,1,0,0
TXN-00000993,266.16,15,restaurant,56,1747,6,23.21,3.99,67.63,1,0,1,0,0
TXN-00000994,160.86,18,electronics,36,1473,2,22.43,16.01,90.78,1,0,0,1,0
TXN-00000995,36.05,12,online_shopping,44,2589,0,48.73,2.85,83.42,1,0,0,0,0
TXN-00000996,58.58,2,fuel,51,353,3,35.66,13.24,82.57,1,1,1,0,1
TXN-00000997,90.48,9,fuel,54,982,0,18.6,27.8,87.36,0,0,1,0,0
TXN-00000998,45.94,17,electronics,73,720,1,12.8,22.02,63.35,5,0,0,0,0
TXN-00000999,46.4,15,grocery,50,390,3,91.25,10.58,87.94,0,0,0,0,0
TXN-00001000,96.06,14,electronics,28,987,0,33.57,0.85,88.32,2,0,1,0,0
TXN-00001001,38.01,12,gaming,58,2457,3,101.18,1.89,90.21,0,0,1,0,0
TXN-00001002,18.81,12,online_shopping,21,523,1,21.77,10.51,65.37,1,0,1,0,1
TXN-00001003,26.17,23,fuel,66,3067,0,37.19,11.07,84.05,2,0,1,0,0
TXN-00001004,78.7,14,fuel,35,1490,0,13.45,11.93,77.77,2,0,1,0,0
TXN-00001005,40.57,14,fuel,59,1782,1,15.57,7.95,70.05,1,0,1,0,1
TXN-00001006,57.81,8,online_shopping,27,1775,5,22.64,43.53,89.66,0,0,0,0,1
TXN-00001007,81.74,11,cash_withdrawal,41,1217,1,88.38,23.11,91.65,1,0,0,0,0
TXN-00001008,27.29,17,online_shopping,58,783,1,34.85,8.67,86.52,1,0,1,1,1
TXN-00001009,89.48,20,restaurant,54,435,3,60.76,16.78,73.78,0,0,0,0,0
TXN-00001010,60.21,18,pharmacy,18,527,1,111.98,18.99,71.17,1,0,0,1,0
TXN-00001011,11.06,15,online_shopping,20,1299,6,55.62,23.09,68.16,1,0,1,1,0
TXN-00001012,183.91,18,restaurant,74,801,4,54.08,11.02,79.01,0,0,1,0,0
TXN-00001013,23.91,0,pharmacy,48,563,5,32.67,44.36,87.43,1,1,1,0,0
TXN-00001014,7.11,6,restaurant,67,1115,3,76.84,4.69,92.19,1,0,1,0,0
TXN-00001015,13.5,5,grocery,22,1181,2,37.98,15.35,83.38,0,0,1,0,0
TXN-00001016,13.84,15,restaurant,46,1425,0,62.82,6.51,77.71,1,0,1,0,0
TXN-00001017,42.72,18,online_shopping,51,631,0,24.32,10.98,69.35,0,1,0,0,0
TXN-00001018,30.34,3,cash_withdrawal,71,926,3,47.08,46.09,94.09,1,1,0,0,0
TXN-00001019,28.4,4,online_shopping,59,641,2,39.59,43.22,83.43,0,0,0,0,0
TXN-00001020,77.53,11,online_shopping,54,478,1,24.32,14.73,89.35,0,0,0,0,0
TXN-00001021,57.79,23,online_shopping,35,1633,4,12.01,15.21,83.33,0,0,1,0,0
TXN-00001022,56.37,0,fuel,75,1577,4,36.98,53.76,79.48,1,0,1,0,0
TXN-00001023,62.2,21,electronics,37,361,1,40.25,13.61,84.67,2,1,0,0,0
TXN-00001024,77.24,4,electronics,34,1012,4,15.65,4.04,58.29,0,0,1,1,1
TXN-00001025,5.0,6,grocery,59,1752,4,33.01,13.31,55.9,0,0,0,0,0
TXN-00001026,27.59,15,fuel,75,1450,4,36.39,18.67,86.98,2,0,0,0,0
TXN-00001027,5.0,17,pharmacy,67,593,2,61.73,8.55,85.0,0,0,0,0,0
TXN-00001028,42.01,20,grocery,28,1850,5,36.69,5.75,95.19,1,1,1,0,0
TXN-00001029,40.25,0,cash_withdrawal,65,1753,1,47.36,0.57,81.62,2,1,1,0,1
TXN-00001030,121.24,1,gaming,38,1160,2,27.26,10.02,67.37,0,0,1,0,0
TXN-00001031,140.75,11,electronics,30,855,1,24.52,20.53,73.64,0,0,0,0,0
TXN-00001032,50.04,13,cash_withdrawal,72,588,3,27.45,1.09,89.69,1,0,1,0,0
TXN-00001033,23.92,6,jewelry,73,983,2,22.38,29.8,76.38,0,0,1,0,0
TXN-00001034,67.32,15,electronics,39,1984,1,25.68,8.11,67.03,1,0,1,0,0
TXN-00001035,23.24,6,cash_withdrawal,19,601,3,42.02,1.43,81.12,0,0,1,0,0
TXN-00001036,40.39,22,fuel,30,2073,5,42.73,24.12,79.1,0,0,0,0,1
TXN-00001037,113.91,4,electronics,49,1415,2,40.06,25.81,65.55,0,0,1,0,1
TXN-00001038,22.52,15,cash_withdrawal,21,983,5,36.68,13.65,52.18,2,0,1,0,0
TXN-00001039,94.25,12,restaurant,31,1761,0,70.81,7.34,79.78,1,0,0,0,0
TXN-00001040,82.37,2,online_shopping,26,968,4,70.46,28.23,57.82,2,0,1,0,0
TXN-00001041,14.84,14,online_shopping,73,890,0,33.14,15.13,77.12,0,0,0,0,0
TXN-00001042,112.46,3,online_shopping,38,1597,2,82.45,17.83,59.4,0,0,1,0,0
TXN-00001043,84.23,12,electronics,40,142,4,75.54,12.11,72.19,0,0,0,0,0
TXN-00001044,45.02,15,cash_withdrawal,42,1005,0,33.12,21.25,72.5,0,0,1,0,0
TXN-00001045,18.17,1,electronics,18,969,0,20.14,34.08,59.51,2,0,1,0,0
TXN-00001046,16.41,5,restaurant,49,711,5,23.75,0.38,81.98,2,0,0,0,0
TXN-00001047,23.0,7,online_shopping,70,880,0,31.73,30.59,63.79,1,1,1,0,0
TXN-00001048,71.5,22,restaurant,65,2199,4,24.51,23.95,48.32,2,0,1,0,0
TXN-00001049,14.83,5,online_shopping,32,213,3,15.87,2.38,77.19,1,0,1,0,0
TXN-00001050,64.03,22,travel,18,591,0,15.32,0.75,76.5,0,0,0,0,0
TXN-00001051,10.98,12,restaurant,62,652,2,22.77,1.6,30.4,1,0,1,0,0
TXN-00001052,32.65,22,restaurant,66,929,3,20.52,8.26,86.45,1,0,1,0,0
TXN-00001053,45.38,19,cash_withdrawal,71,850,1,10.0,1.68,76.93,0,0,1,0,0
TXN-00001054,527.1,7,grocery,51,1087,1,51.78,19.44,95.55,0,0,1,0,0
TXN-00001055,9.52,13,electronics,45,279,2,58.82,17.42,88.44,0,1,0,0,0
TXN-00001056,189.73,17,grocery,61,1078,0,44.11,11.33,94.89,0,1,0,0,0
TXN-00001057,47.34,1,travel,58,2191,1,10.0,50.04,86.37,0,1,1,0,1
TXN-00001058,62.29,15,restaurant,61,1004,1,26.48,2.2,82.39,0,0,1,1,0
TXN-00001059,45.8,11,restaurant,34,866,3,40.24,11.93,63.65,2,0,1,0,0
TXN-00001060,64.52,0,pharmacy,70,942,1,67.38,2.43,76.75,0,0,1,0,0
TXN-00001061,34.42,20,restaurant,20,806,0,123.1,2.78,92.78,2,1,1,0,0
TXN-00001062,186.19,6,grocery,23,1414,1,30.2,4.83,75.76,0,0,1,0,0
TXN-00001063,25.05,20,electronics,55,1168,1,33.16,0.89,58.85,1,0,1,1,0
TXN-00001064,132.8,4,pharmacy,51,1127,2,41.15,10.21,90.85,1,0,0,0,0
TXN-00001065,20.56,12,grocery,50,1761,5,20.47,12.54,90.09,1,0,1,0,0
TXN-00001066,37.97,8,grocery,70,1422,3,18.21,8.43,54.36,0,0,1,1,0
TXN-00001067,13.12,21,online_shopping,68,214,1,53.26,12.0,74.34,0,0,0,1,0
TXN-00001068,65.22,22,jewelry,59,796,3,46.63,10.42,70.87,1,1,1,0,0
TXN-00001069,184.45,18,restaurant,27,464,3,26.3,5.08,56.5,1,0,1,0,0
TXN-00001070,37.29,20,online_shopping,23,640,6,10.82,5.14,69.68,0,1,1,0,1
TXN-00001071,32.89,18,online_shopping,26,718,6,10.0,28.92,58.51,1,0,1,0,0
TXN-00001072,12.55,7,online_shopping,53,628,4,28.58,6.22,80.23,0,0,0,0,0
TXN-00001073,31.79,22,cash_withdrawal,59,1454,5,29.23,25.5,77.85,0,1,0,1,1
TXN-00001074,7.6,12,cash_withdrawal,64,1336,1,25.55,11.44,85.02,0,0,1,0,0
TXN-00001075,15.51,8,travel,23,794,3,53.77,1.03,69.13,2,0,1,0,0
TXN-00001076,51.32,4,electronics,33,1310,1,34.5,46.58,65.93,1,0,1,0,0
TXN-00001077,161.57,17,fuel,37,1225,1,10.0,3.34,97.66,1,0,1,1,1
TXN-00001078,772.53,6,jewelry,54,1047,3,109.89,1.68,88.36,1,0,1,0,0
TXN-00001079,21.85,15,jewelry,20,912,2,10.0,59.28,85.35,0,0,0,0,0
TXN-00001080,182.56,1,grocery,66,355,5,20.98,17.52,68.55,1,0,1,0,1
TXN-00001081,52.24,15,online_shopping,22,1530,1,15.65,6.93,91.56,0,0,1,0,0
TXN-00001082,34.51,15,grocery,48,969,3,41.1,3.26,80.94,0,0,1,0,0
TXN-00001083,63.7,12,restaurant,72,1110,3,12.99,18.68,94.62,1,0,0,0,0
TXN-00001084,43.16,15,restaurant,29,1071,0,46.06,12.69,66.64,0,0,0,0,0
TXN-00001085,45.42,23,electronics,57,733,1,24.46,11.28,87.34,1,0,0,1,0
TXN-00001086,26.34,20,jewelry,49,711,4,47.89,1.34,85.62,0,0,0,0,0
TXN-00001087,9.32,10,electronics,65,880,5,10.0,27.06,81.47,0,0,1,0,0
TXN-00001088,8.0,20,online_shopping,52,1441,0,26.33,14.93,77.85,1,0,1,0,0
TXN-00001089,80.31,22,cash_withdrawal,67,928,2,47.2,3.49,67.77,0,0,1,0,0
TXN-00001090,30.25,3,pharmacy,41,319,1,14.33,5.13,61.16,0,0,1,0,0
TXN-00001091,21.63,8,fuel,27,1165,1,36.66,23.86,27.33,0,0,0,0,0
TXN-00001092,40.81,17,restaurant,57,750,0,35.89,44.73,96.37,0,0,0,0,0
TXN-00001093,93.19,12,fuel,74,624,0,35.24,18.99,70.86,1,0,0,0,0
TXN-00001094,48.88,3,pharmacy,43,1373,4,23.69,8.64,81.62,0,1,1,0,0
TXN-00001095,20.31,11,restaurant,65,1368,1,48.12,2.51,65.95,0,0,0,0,0
TXN-00001096,146.59,8,gaming,68,1052,3,37.58,2.78,68.01,0,0,1,0,0
TXN-00001097,212.33,17,pharmacy,55,847,4,36.18,11.85,81.52,1,0,0,0,0
TXN-00001098,67.98,12,travel,63,767,2,20.57,11.03,84.42,0,1,0,0,0
TXN-00001099,112.43,3,grocery,50,467,2,15.8,15.8,78.56,0,0,1,0,0
TXN-00001100,149.02,1,pharmacy,64,216,6,40.89,7.27,64.84,1,0,0,0,1
TXN-00001101,132.5,6,restaurant,37,796,5,18.94,17.31,81.36,0,0,0,0,0
TXN-00001102,77.08,3,jewelry,48,805,3,76.54,3.12,90.83,4,0,0,0,0
TXN-00001103,75.81,21,pharmacy,22,1953,5,112.69,8.76,92.05,0,0,1,0,0
TXN-00001104,69.8,6,grocery,29,601,2,18.93,15.91,93.75,1,0,0,0,0
TXN-00001105,12.78,15,restaurant,51,1757,2,17.56,5.56,69.06,0,1,1,0,0
TXN-00001106,84.42,3,pharmacy,60,736,2,39.96,5.22,82.75,1,0,1,0,0
TXN-00001107,9.74,10,grocery,19,1045,5,36.52,34.36,93.29,0,0,0,0,0
TXN-00001108,17.56,22,restaurant,21,1155,1,29.36,72.74,75.59,0,0,0,0,0
TXN-00001109,158.97,15,pharmacy,18,1236,2,43.58,6.49,63.22,0,0,1,0,0
TXN-00001110,97.73,6,fuel,48,687,0,47.43,0.94,97.87,0,1,1,0,0
TXN-00001111,192.82,17,grocery,37,835,1,18.14,6.58,83.45,1,0,1,0,0
TXN-00001112,30.41,12,travel,21,993,2,17.2,12.1,67.16,1,0,0,0,0
TXN-00001113,12.06,5,restaurant,64,689,4,10.0,19.98,91.33,0,0,1,0,0
TXN-00001114,31.42,23,travel,48,1674,1,10.0,26.15,72.22,2,0,0,0,0
TXN-00001115,45.02,22,fuel,18,2670,4,16.13,4.95,74.45,0,0,1,0,0
TXN-00001116,43.94,13,fuel,57,1139,4,24.1,64.87,93.39,0,0,0,0,0
TXN-00001117,133.0,0,restaurant,70,1133,1,50.44,35.08,96.95,0,0,1,0,0
TXN-00001118,27.68,9,electronics,42,1615,5,44.67,1.9,63.89,0,0,0,0,0
TXN-00001119,58.54,12,restaurant,73,1445,3,40.65,23.14,95.62,0,0,0,0,0
TXN-00001120,14.32,22,grocery,42,971,0,26.37,60.99,75.39,2,0,1,0,0
TXN-00001121,64.9,17,cash_withdrawal,22,2119,4,128.0,9.04,69.74,1,0,1,0,0
TXN-00001122,40.58,5,cash_withdrawal,25,707,1,13.84,23.37,94.21,0,0,1,0,0
TXN-00001123,18.41,12,restaurant,21,1380,1,25.46,8.4,67.63,0,0,1,1,0
TXN-00001124,31.58,4,grocery,35,831,1,37.41,14.65,80.99,1,0,1,0,0
TXN-00001125,33.34,11,restaurant,40,1206,5,14.82,36.99,58.95,2,0,0,0,0
TXN-00001126,30.46,12,gaming,43,788,1,24.65,18.93,89.43,1,0,0,0,0
TXN-00001127,259.8,12,gaming,45,2084,1,11.74,7.35,94.79,0,0,1,0,0
TXN-00001128,36.48,10,gaming,68,1654,2,24.05,45.45,63.17,2,0,0,0,0
TXN-00001129,31.31,10,electronics,18,1175,2,78.22,35.27,85.19,1,0,1,0,0
TXN-00001130,5.0,19,gaming,70,1457,4,33.43,0.18,57.09,3,0,0,0,0
TXN-00001131,15.82,12,grocery,31,602,4,105.15,5.15,92.73,0,0,1,0,0
TXN-00001132,30.68,1,online_shopping,73,421,0,75.49,11.39,92.54,1,0,1,0,0
TXN-00001133,19.68,17,restaurant,25,693,3,11.49,26.2,72.07,0,1,0,0,0
TXN-00001134,172.57,14,grocery,23,2055,5,14.19,15.07,42.46,1,0,1,0,1
TXN-00001135,34.02,16,online_shopping,25,787,5,76.14,13.53,87.55,0,0,1,0,0
TXN-00001136,156.47,17,electronics,35,1504,3,28.17,55.37,83.29,0,0,1,0,0
TXN-00001137,43.15,4,electronics,72,871,1,11.49,0.1,83.71,0,1,0,0,0
TXN-00001138,42.06,23,travel,44,899,0,55.75,9.16,69.49,1,1,1,0,0
TXN-00001139,36.85,23,restaurant,27,793,3,81.58,33.63,80.74,0,1,1,1,1
TXN-00001140,40.61,3,restaurant,55,765,1,79.01,55.39,71.76,0,0,1,0,0
TXN-00001141,245.85,5,fuel,47,1450,1,41.49,1.37,79.34,0,0,0,0,0
TXN-00001142,5.0,5,cash_withdrawal,58,771,0,64.98,1.5,67.77,1,0,1,0,0
TXN-00001143,5.0,23,grocery,61,760,5,42.07,8.21,71.73,1,0,1,1,0
TXN-00001144,22.87,22,travel,63,977,1,16.01,20.09,87.36,2,0,1,0,0
TXN-00001145,41.07,6,restaurant,26,836,3,61.86,18.23,43.66,0,0,0,0,0
TXN-00001146,83.48,15,pharmacy,46,630,1,26.08,2.69,97.53,1,0,1,0,0
TXN-00001147,66.47,5,online_shopping,54,1371,1,99.93,6.99,89.09,1,0,0,0,0
TXN-00001148,27.02,0,electronics,50,1091,1,23.99,19.32,74.65,0,0,1,0,0
TXN-00001149,117.92,5,electronics,74,745,3,25.76,1.86,66.47,1,0,0,0,0
TXN-00001150,119.31,1,cash_withdrawal,73,631,2,14.83,0.0,94.8,0,0,0,0,0
TXN-00001151,49.07,20,cash_withdrawal,65,1631,2,48.06,20.44,68.89,0,0,0,0,0
TXN-00001152,111.14,18,grocery,31,496,4,103.21,7.9,85.68,0,0,1,1,0
TXN-00001153,53.85,4,electronics,48,225,2,50.5,29.42,85.78,1,1,0,0,0
TXN-00001154,22.43,13,cash_withdrawal,64,1282,1,31.68,6.02,82.15,1,0,1,0,0
TXN-00001155,84.16,4,grocery,33,311,2,22.4,5.76,58.34,1,0,1,0,1
TXN-00001156,45.43,13,electronics,59,1026,5,19.6,18.16,78.24,0,0,1,1,0
TXN-00001157,40.5,21,electronics,32,1041,6,66.54,27.79,55.23,0,1,0,0,0
TXN-00001158,189.92,21,grocery,26,447,3,19.93,12.47,79.76,1,0,0,0,0
TXN-00001159,5.0,19,electronics,31,468,2,10.0,8.23,68.62,0,0,0,0,0
TXN-00001160,9.13,5,fuel,71,1059,4,211.76,1.74,72.79,1,1,0,0,0
TXN-00001161,11.63,4,restaurant,75,460,6,36.35,6.0,98.23,1,0,1,0,0
TXN-00001162,27.62,3,restaurant,67,1801,2,23.52,0.17,84.88,0,0,1,0,0
TXN-00001163,30.96,3,online_shopping,33,750,2,19.47,4.08,70.89,0,0,1,0,0
TXN-00001164,8.31,14,electronics,63,1956,3,42.96,10.7,60.55,0,1,0,0,0
TXN-00001165,14.38,15,travel,30,1747,1,14.21,8.04,76.43,0,0,1,0,0
TXN-00001166,16.38,21,electronics,25,918,5,20.05,3.89,62.18,0,0,1,0,0
TXN-00001167,533.95,2,fuel,33,1077,2,39.75,23.27,75.97,0,0,1,0,0
TXN-00001168,268.23,6,gaming,26,1583,0,16.98,12.95,83.69,0,0,1,0,0
TXN-00001169,26.25,17,online_shopping,55,542,3,14.01,7.48,87.84,2,0,1,0,0
TXN-00001170,27.61,16,pharmacy,57,786,3,21.31,10.87,60.59,0,0,0,0,0
TXN-00001171,12.1,10,restaurant,20,1932,2,25.0,0.9,63.51,0,1,1,1,0
TXN-00001172,5.45,3,restaurant,24,1493,4,25.64,6.67,66.06,1,0,0,0,0
TXN-00001173,35.78,11,travel,45,859,2,25.18,22.82,80.6,0,0,0,0,0
TXN-00001174,14.19,4,electronics,24,1082,2,36.03,0.11,86.43,0,0,0,0,0
TXN-00001175,37.0,12,electronics,66,682,3,19.1,5.14,95.91,0,0,0,0,0
TXN-00001176,7.54,21,fuel,41,822,1,36.39,7.97,93.21,1,0,0,0,0
TXN-00001177,18.17,4,online_shopping,41,1272,3,20.57,9.08,76.67,1,0,0,0,0
TXN-00001178,47.28,2,restaurant,18,823,1,27.76,10.91,82.91,0,0,0,0,0
TXN-00001179,59.41,17,online_shopping,58,1373,3,19.85,29.1,89.56,0,0,0,1,0
TXN-00001180,62.7,0,fuel,59,460,2,10.0,8.01,95.1,0,1,1,0,1
TXN-00001181,10.11,23,fuel,61,1265,2,36.54,29.1,56.87,0,0,1,0,0
TXN-00001182,99.23,18,restaurant,49,577,4,60.03,7.18,93.53,0,0,1,0,0
TXN-00001183,17.46,9,cash_withdrawal,33,904,2,35.43,2.7,97.75,1,0,1,0,0
TXN-00001184,78.61,8,jewelry,22,660,1,13.45,5.93,72.57,1,0,0,0,1
TXN-00001185,40.0,9,restaurant,36,1267,2,12.66,59.36,43.17,0,0,1,0,0
TXN-00001186,9.53,9,fuel,49,487,2,52.06,18.26,56.74,1,0,0,0,0
TXN-00001187,29.02,20,restaurant,24,1381,3,39.31,20.49,89.12,0,0,1,0,0
TXN-00001188,59.36,19,travel,21,971,4,33.21,3.35,90.03,0,0,1,1,1
TXN-00001189,76.99,4,cash_withdrawal,30,865,3,52.21,3.89,87.32,1,0,1,0,0
TXN-00001190,34.88,4,online_shopping,22,707,1,46.41,4.66,85.83,0,1,1,1,1
TXN-00001191,202.02,12,cash_withdrawal,18,779,6,32.56,3.24,64.12,0,0,0,0,1
TXN-00001192,116.5,15,cash_withdrawal,46,1728,0,74.28,39.24,86.01,0,0,1,0,0
TXN-00001193,30.89,17,grocery,61,700,3,91.59,0.31,91.99,0,0,1,1,0
TXN-00001194,88.91,7,restaurant,46,1734,1,69.01,1.18,86.73,0,0,0,0,0
TXN-00001195,308.12,11,gaming,23,2007,4,49.33,0.52,85.9,1,0,0,0,0
TXN-00001196,316.88,2,fuel,37,855,2,32.32,14.32,71.02,1,0,0,0,0
TXN-00001197,11.14,10,restaurant,20,421,6,30.93,5.95,97.09,1,0,1,0,0
TXN-00001198,15.29,16,restaurant,54,1526,1,48.77,34.87,85.82,0,0,0,1,1
TXN-00001199,192.32,7,electronics,31,1518,3,20.82,17.88,83.05,0,1,0,0,1
TXN-00001200,13.31,7,restaurant,40,1746,5,28.83,6.21,53.24,0,0,1,0,0
TXN-00001201,10.09,11,fuel,70,937,3,20.27,15.33,63.91,1,0,0,0,0
TXN-00001202,24.28,20,fuel,52,1136,1,28.61,7.39,82.8,0,0,1,0,0
TXN-00001203,62.88,14,fuel,62,774,3,17.58,5.46,80.17,0,0,0,0,0
TXN-00001204,36.32,22,electronics,38,756,5,26.04,3.89,73.08,1,0,0,0,0
TXN-00001205,20.43,1,travel,71,1107,5,23.22,0.73,95.7,0,0,0,0,0
TXN-00001206,19.93,20,restaurant,59,1590,2,60.15,9.23,81.64,1,1,1,0,0
TXN-00001207,19.15,1,restaurant,47,1421,3,63.78,0.86,54.23,2,0,1,0,0
TXN-00001208,16.06,7,grocery,51,993,2,43.54,21.6,76.37,1,0,1,0,0
TXN-00001209,443.95,10,online_shopping,54,1655,5,11.48,12.6,81.46,2,0,0,0,0
TXN-00001210,55.28,5,online_shopping,27,493,2,44.24,31.71,29.29,2,0,1,0,0
TXN-00001211,102.63,23,electronics,32,2802,4,52.98,7.68,79.7,0,0,1,0,0
TXN-00001212,24.2,21,restaurant,57,523,1,24.24,23.15,91.2,0,1,0,1,0
TXN-00001213,33.27,13,electronics,43,952,2,49.35,62.91,82.32,0,1,0,1,0
TXN-00001214,19.12,10,online_shopping,63,1099,0,55.13,12.43,73.41,0,0,1,0,0
TXN-00001215,5.0,18,online_shopping,48,1120,2,10.48,13.19,78.45,2,0,1,0,0
TXN-00001216,9.52,16,gaming,21,1575,2,56.0,28.87,86.04,1,1,1,0,0
TXN-00001217,6.04,11,online_shopping,56,623,2,26.09,9.13,64.68,0,0,1,0,0
TXN-00001218,5.0,19,restaurant,53,1157,4,12.3,7.51,60.34,1,0,1,0,0
TXN-00001219,11.53,4,travel,39,1364,4,33.24,5.13,88.46,0,0,1,0,0
TXN-00001220,162.59,6,online_shopping,63,1685,2,23.32,15.72,85.27,0,0,1,0,0
TXN-00001221,38.6,0,grocery,38,850,0,52.17,3.22,83.89,0,0,1,0,0
TXN-00001222,156.82,2,restaurant,24,1049,4,44.65,0.78,90.6,0,0,0,0,0
TXN-00001223,62.27,4,jewelry,25,979,3,42.7,36.19,83.09,1,1,0,0,1
TXN-00001224,91.99,14,electronics,70,1332,3,18.05,11.18,44.96,1,0,0,0,1
TXN-00001225,15.71,20,electronics,39,1337,1,23.25,67.19,87.52,1,0,1,1,0
TXN-00001226,70.12,14,fuel,42,832,2,24.57,5.22,86.5,0,0,0,0,0
TXN-00001227,86.93,10,cash_withdrawal,35,969,4,45.7,9.23,76.11,1,0,1,0,0
TXN-00001228,22.08,6,fuel,60,1005,1,73.32,10.74,71.79,2,0,1,0,0
TXN-00001229,72.79,2,cash_withdrawal,53,570,2,42.79,4.8,93.23,0,0,0,0,0
TXN-00001230,73.3,14,restaurant,70,1188,3,17.48,11.97,85.22,1,0,0,0,1
TXN-00001231,22.71,3,gaming,69,1166,3,22.71,23.06,84.34,2,0,0,0,0
TXN-00001232,12.44,18,fuel,75,573,0,39.14,1.43,66.47,0,0,0,0,0
TXN-00001233,11.67,9,online_shopping,37,1227,2,63.74,15.89,41.6,0,0,0,0,0
TXN-00001234,44.29,8,cash_withdrawal,51,2999,4,27.95,1.7,97.68,0,0,1,0,0
TXN-00001235,57.02,0,electronics,38,660,2,46.49,25.83,92.94,1,0,0,0,0
TXN-00001236,17.6,5,travel,58,570,3,10.9,6.35,46.25,0,1,0,0,0
TXN-00001237,41.59,0,cash_withdrawal,61,1356,3,21.01,4.71,82.87,1,1,1,0,1
TXN-00001238,73.63,17,restaurant,32,830,5,48.01,18.08,78.74,1,0,0,0,0
TXN-00001239,77.41,11,travel,67,1577,0,10.0,9.51,88.23,0,0,1,0,0
TXN-00001240,206.33,18,grocery,34,946,3,60.82,24.08,86.49,0,0,1,0,0
TXN-00001241,154.6,13,online_shopping,75,729,2,38.5,21.06,83.25,0,1,0,1,1
TXN-00001242,14.13,22,electronics,67,939,2,31.7,40.16,73.44,0,0,1,0,0
TXN-00001243,236.93,18,pharmacy,19,1336,2,10.0,8.09,94.07,0,0,0,0,0
TXN-00001244,23.16,3,grocery,41,1314,3,55.43,5.27,86.19,2,1,1,0,0
TXN-00001245,121.16,2,jewelry,40,464,1,107.19,1.2,92.82,1,0,0,0,1
TXN-00001246,43.44,21,fuel,65,1335,0,25.5,1.39,89.54,0,0,1,0,0
TXN-00001247,26.24,6,fuel,60,1020,0,21.82,44.87,67.34,1,1,0,0,0
TXN-00001248,6.06,18,grocery,20,1062,1,24.8,21.16,78.93,1,0,0,0,0
TXN-00001249,33.78,15,grocery,66,1189,1,48.79,1.97,80.41,2,0,1,0,0
TXN-00001250,7.87,16,gaming,30,564,1,57.9,22.36,33.48,0,1,0,0,0
TXN-00001251,111.68,6,jewelry,39,454,2,43.55,3.96,77.81,0,0,1,0,0
TXN-00001252,198.87,7,restaurant,27,473,1,25.31,34.48,79.31,3,0,0,0,0
TXN-00001253,17.52,13,jewelry,27,1530,4,61.1,7.82,83.73,0,0,1,0,0
TXN-00001254,55.54,0,restaurant,48,1524,3,14.28,26.58,47.14,0,0,0,0,0
TXN-00001255,18.88,7,cash_withdrawal,22,253,0,64.57,16.09,70.64,0,0,1,0,0
TXN-00001256,20.91,12,gaming,22,968,2,70.62,6.52,68.5,0,0,0,0,0
TXN-00001257,91.22,4,cash_withdrawal,63,763,1,23.22,15.42,86.18,0,0,1,0,1
TXN-00001258,38.84,6,fuel,37,602,3,94.0,2.29,71.72,0,0,1,0,0
TXN-00001259,251.3,23,restaurant,55,1676,4,57.46,0.29,58.62,0,1,0,0,1
TXN-00001260,24.38,6,fuel,75,1837,2,30.03,60.4,81.46,0,0,1,0,0
TXN-00001261,115.5,21,online_shopping,20,1087,4,24.01,13.1,90.45,0,0,1,0,0
TXN-00001262,44.8,22,online_shopping,64,739,2,49.8,8.76,89.62,0,0,0,0,0
TXN-00001263,93.28,16,grocery,24,808,5,19.79,17.28,84.74,0,0,0,0,1
TXN-00001264,25.29,3,fuel,62,549,2,76.9,18.77,35.84,0,0,0,0,0
TXN-00001265,38.4,4,fuel,35,801,2,20.81,22.8,71.9,0,0,0,0,0
TXN-00001266,35.83,22,electronics,25,644,2,148.67,9.73,91.84,0,0,0,0,0
TXN-00001267,16.81,0,restaurant,31,1779,2,36.4,4.33,79.1,0,0,1,0,0
TXN-00001268,81.06,12,online_shopping,39,366,3,12.66,24.01,86.15,0,0,1,0,0
TXN-00001269,80.06,14,restaurant,60,1446,2,70.16,0.43,72.95,0,0,0,0,0
TXN-00001270,75.43,20,grocery,57,621,4,23.34,11.43,95.79,0,0,0,0,0
TXN-00001271,203.12,21,fuel,60,1329,2,10.0,17.05,84.53,0,0,0,0,0
TXN-00001272,185.27,6,travel,19,919,2,102.61,6.05,91.94,0,0,1,0,0
TXN-00001273,27.28,12,grocery,74,1457,3,177.73,27.34,97.93,1,0,1,0,0
TXN-00001274,59.84,15,fuel,43,485,1,42.29,2.5,98.15,1,0,1,0,0
TXN-00001275,21.01,23,fuel,24,722,0,45.69,26.39,49.48,0,0,0,0,0
TXN-00001276,41.45,13,electronics,71,833,3,40.61,11.08,96.58,0,0,1,1,0
TXN-00001277,21.55,2,pharmacy,63,1015,1,44.94,22.25,81.84,0,0,0,0,1
TXN-00001278,221.64,22,electronics,22,1007,1,24.62,10.65,89.52,0,0,0,0,0
TXN-00001279,59.26,12,online_shopping,43,547,4,29.92,12.48,71.58,1,0,1,0,0
TXN-00001280,32.17,4,grocery,70,467,1,26.5,18.42,74.88,1,0,1,0,0
TXN-00001281,141.64,4,online_shopping,57,859,5,30.11,11.55,85.14,0,1,0,0,1
TXN-00001282,5.0,4,gaming,29,950,0,13.73,3.77,73.19,0,0,1,0,0
TXN-00001283,5.0,17,fuel,58,835,1,56.35,17.02,94.29,0,0,1,0,0
TXN-00001284,93.28,22,electronics,28,365,1,32.18,32.83,90.22,2,0,0,0,0
TXN-00001285,43.1,10,pharmacy,38,971,1,47.83,16.56,79.27,1,0,0,0,0
TXN-00001286,52.61,2,restaurant,29,1219,4,41.59,11.59,78.16,0,0,1,0,0
TXN-00001287,10.05,21,travel,58,1086,3,10.0,20.57,90.48,1,0,1,0,0
TXN-00001288,39.47,15,grocery,72,902,4,40.38,6.27,71.94,0,0,1,0,0
TXN-00001289,331.52,13,fuel,20,1043,2,51.47,6.27,85.87,0,1,0,0,0
TXN-00001290,96.1,1,gaming,53,656,2,17.29,3.51,86.02,1,0,0,1,1
TXN-00001291,48.34,23,fuel,32,1676,1,30.12,2.11,84.22,1,0,1,0,0
TXN-00001292,25.51,1,pharmacy,61,755,5,24.11,0.12,84.2,1,0,0,0,0
TXN-00001293,26.73,14,grocery,26,1237,2,38.95,5.55,63.98,0,0,0,0,0
TXN-00001294,5.0,14,pharmacy,39,1938,2,27.33,62.56,67.35,0,0,0,0,0
TXN-00001295,53.01,12,restaurant,29,885,2,10.0,18.96,75.89,1,0,1,0,0
TXN-00001296,98.27,13,travel,68,1488,5,15.91,14.31,78.05,0,0,0,0,0
TXN-00001297,7.73,9,grocery,22,746,3,45.02,7.59,95.3,1,0,1,0,0
TXN-00001298,20.2,13,online_shopping,51,1494,3,40.13,12.97,51.31,0,0,1,0,0
TXN-00001299,12.0,8,fuel,24,1780,5,142.08,20.5,80.62,0,0,0,0,0
TXN-00001300,14.68,11,online_shopping,52,629,1,30.59,7.08,77.83,0,0,1,0,1
TXN-00001301,42.78,16,pharmacy,62,1418,3,10.0,6.33,87.9,0,0,1,0,0
TXN-00001302,5.0,17,grocery,61,1972,2,77.4,21.24,51.46,1,1,1,1,0
TXN-00001303,77.09,3,restaurant,19,1128,4,59.28,3.43,94.28,0,0,1,0,0
TXN-00001304,89.26,23,pharmacy,62,1623,1,18.28,9.2,91.02,0,0,0,0,0
TXN-00001305,31.07,2,restaurant,35,1800,3,52.11,0.78,72.69,0,0,1,0,0
TXN-00001306,5.0,6,grocery,57,1516,6,36.96,4.23,68.0,1,1,0,0,0
TXN-00001307,14.21,8,restaurant,73,664,3,17.29,53.65,54.88,0,0,0,0,0
TXN-00001308,147.61,7,online_shopping,24,1202,2,36.94,6.12,92.36,0,0,1,0,0
TXN-00001309,5.0,8,grocery,39,1274,1,20.85,50.09,87.24,0,0,1,0,0
TXN-00001310,28.08,7,online_shopping,68,338,3,11.86,17.3,99.73,1,0,0,0,0
TXN-00001311,11.72,10,restaurant,26,921,4,27.22,2.47,79.73,1,0,1,0,0
TXN-00001312,94.14,18,restaurant,33,1046,5,46.76,2.6,95.9,0,0,0,0,0
TXN-00001313,19.91,19,travel,49,1229,2,29.54,16.3,93.91,0,0,1,0,0
TXN-00001314,61.82,8,electronics,75,576,1,20.07,5.96,96.13,0,0,0,0,0
TXN-00001315,73.24,6,online_shopping,35,884,3,43.37,14.73,91.45,0,0,1,1,0
TXN-00001316,278.12,16,travel,40,1086,3,26.52,0.78,29.64,1,0,0,1,1
TXN-00001317,32.68,1,online_shopping,64,794,1,17.02,3.45,92.22,0,0,0,0,1
TXN-00001318,60.03,10,online_shopping,24,334,3,35.38,15.79,75.74,0,1,1,0,0
TXN-00001319,8.51,5,grocery,37,1714,4,26.36,7.33,62.58,2,0,1,0,0
TXN-00001320,141.17,14,electronics,36,2309,2,100.76,33.59,81.41,0,0,1,0,0
TXN-00001321,18.2,1,cash_withdrawal,41,1157,2,54.43,0.59,89.32,1,0,0,0,1
TXN-00001322,22.45,19,fuel,51,1168,2,51.56,5.11,83.11,0,0,0,0,0
TXN-00001323,39.51,6,fuel,30,955,2,10.0,3.82,79.78,0,1,0,1,1
TXN-00001324,7.84,12,online_shopping,40,470,1,49.23,23.17,91.29,1,0,0,0,0
TXN-00001325,51.43,13,grocery,71,389,0,54.52,28.79,72.25,0,0,0,0,0
TXN-00001326,111.7,11,grocery,66,182,7,10.51,16.52,91.64,0,0,1,0,0
TXN-00001327,55.01,10,restaurant,73,1651,1,17.45,2.08,70.99,0,1,0,0,0
TXN-00001328,7.63,6,fuel,57,2186,4,18.46,2.61,97.29,1,0,1,0,1
TXN-00001329,35.52,18,cash_withdrawal,51,1212,2,60.58,3.65,82.75,0,0,0,0,0
TXN-00001330,88.16,12,online_shopping,30,789,3,66.38,4.69,86.71,0,0,1,0,0
TXN-00001331,5.63,5,pharmacy,27,884,4,18.57,10.77,94.56,1,0,0,0,0
TXN-00001332,13.09,6,jewelry,49,1298,1,14.16,4.82,74.25,2,0,1,0,0
TXN-00001333,101.53,10,online_shopping,41,1609,2,10.0,3.24,74.03,1,0,0,0,0
TXN-00001334,53.71,20,restaurant,63,963,6,10.37,0.2,71.64,2,0,1,0,1
TXN-00001335,62.34,23,jewelry,18,824,1,18.86,3.27,90.78,1,0,1,0,0
TXN-00001336,284.99,9,fuel,69,571,2,19.82,7.44,86.24,0,1,1,0,0
TXN-00001337,66.15,9,fuel,27,744,3,29.86,6.03,87.16,0,0,1,0,0
TXN-00001338,80.7,3,online_shopping,40,1259,2,44.18,2.98,91.11,1,0,0,0,0
TXN-00001339,696.65,13,restaurant,38,1121,1,34.86,3.65,91.24,0,0,1,0,0
TXN-00001340,32.31,5,electronics,71,1074,0,19.47,22.93,87.61,0,0,0,0,0
TXN-00001341,17.5,19,electronics,59,583,3,28.03,2.03,79.11,0,0,1,0,0
TXN-00001342,63.38,12,travel,20,861,0,17.52,13.66,80.14,0,0,0,0,0
TXN-00001343,64.13,5,fuel,67,1427,1,22.45,8.27,52.07,0,0,1,0,1
TXN-00001344,23.26,21,gaming,57,1897,1,25.4,28.02,78.42,0,0,0,0,0
TXN-00001345,13.68,19,jewelry,21,1392,2,49.06,9.19,73.17,0,0,1,0,0
TXN-00001346,457.3,7,restaurant,63,1606,2,54.19,8.09,90.66,1,0,0,0,1
TXN-00001347,57.01,2,online_shopping,19,339,1,17.47,20.07,83.16,0,0,1,0,1
TXN-00001348,18.75,6,fuel,42,1741,2,30.32,3.48,74.6,0,0,1,0,0
TXN-00001349,105.82,9,grocery,27,1204,3,47.59,11.73,88.71,0,1,1,0,0
TXN-00001350,36.07,9,fuel,18,1080,1,27.41,12.46,57.85,1,0,1,0,0
TXN-00001351,31.02,19,fuel,50,1134,2,23.75,1.08,38.79,0,0,1,0,0
TXN-00001352,72.99,23,grocery,57,2077,1,57.58,84.52,76.44,0,0,1,0,1
TXN-00001353,10.42,17,travel,45,773,0,45.54,19.96,84.6,0,0,0,0,0
TXN-00001354,58.57,20,restaurant,37,1134,2,29.21,10.7,49.42,0,0,0,0,0
TXN-00001355,301.45,3,online_shopping,47,914,2,16.44,1.77,92.87,1,0,1,0,0
TXN-00001356,65.99,3,restaurant,26,600,3,10.71,18.52,79.01,0,0,1,1,0
TXN-00001357,27.25,21,restaurant,20,423,6,33.84,29.99,74.72,0,0,1,0,0
TXN-00001358,23.75,14,fuel,27,595,3,44.58,11.16,85.87,0,0,0,0,0
TXN-00001359,26.29,5,travel,21,677,1,15.12,6.9,67.3,1,1,1,0,0
TXN-00001360,30.98,19,online_shopping,62,935,6,56.98,9.87,72.89,1,0,1,0,0
TXN-00001361,27.2,4,grocery,53,1606,4,24.06,6.24,66.83,0,0,1,1,1
TXN-00001362,105.86,18,gaming,28,596,1,10.0,12.26,62.36,1,0,1,0,0
TXN-00001363,6.55,21,grocery,51,671,1,41.2,14.13,48.11,1,0,1,0,0
TXN-00001364,99.99,11,travel,46,2055,3,28.16,3.27,83.73,0,0,1,0,0
TXN-00001365,27.15,15,gaming,24,786,1,27.24,7.08,97.53,3,0,1,0,0
TXN-00001366,60.09,17,gaming,74,714,2,51.75,2.55,74.74,1,0,0,0,0
TXN-00001367,12.39,21,pharmacy,72,728,2,79.91,5.15,91.4,1,0,0,0,0
TXN-00001368,163.21,14,grocery,62,1037,3,43.8,27.25,92.64,0,0,1,0,1
TXN-00001369,149.59,7,travel,64,940,1,22.96,3.87,74.64,1,0,1,0,0
TXN-00001370,110.78,4,grocery,49,688,2,10.0,7.42,89.46,1,0,1,0,0
TXN-00001371,8.24,8,cash_withdrawal,64,809,2,44.93,16.57,83.54,0,0,0,0,0
TXN-00001372,96.6,1,online_shopping,48,1449,1,31.03,4.38,78.94,0,1,1,1,1
TXN-00001373,61.87,16,grocery,27,1105,5,18.05,9.91,53.65,0,0,0,0,0
TXN-00001374,7.5,8,travel,27,1810,1,21.39,5.22,76.66,2,0,1,0,0
TXN-00001375,39.43,17,grocery,67,852,1,79.3,42.34,58.52,0,0,1,0,0
TXN-00001376,59.31,1,grocery,43,1446,2,55.66,2.26,81.23,0,0,1,0,0
TXN-00001377,72.52,7,restaurant,60,1471,2,62.56,14.67,91.44,0,0,1,1,0
TXN-00001378,48.72,9,online_shopping,26,666,1,59.56,19.69,66.22,0,1,0,0,0
TXN-00001379,54.92,2,restaurant,43,1177,0,35.52,31.87,67.84,1,0,1,0,0
TXN-00001380,190.05,19,electronics,22,1001,0,15.3,4.25,69.24,1,0,1,1,0
TXN-00001381,146.55,14,online_shopping,30,351,3,32.13,31.88,89.89,0,0,0,0,0
TXN-00001382,5.0,20,fuel,24,436,1,45.91,14.26,80.65,3,0,0,1,0
TXN-00001383,28.98,19,pharmacy,30,1057,1,27.83,0.32,77.92,0,0,0,0,0
TXN-00001384,34.03,0,jewelry,53,368,2,35.65,24.8,88.21,1,0,0,1,0
TXN-00001385,6.43,20,fuel,18,320,2,43.13,24.77,89.51,1,0,1,0,0
TXN-00001386,44.65,1,grocery,29,989,2,56.27,7.35,92.7,1,1,1,1,0
TXN-00001387,150.08,20,fuel,58,239,0,55.42,1.37,74.76,0,0,1,0,0
TXN-00001388,12.92,16,fuel,26,546,5,23.64,0.91,95.2,0,0,1,1,0
TXN-00001389,57.58,19,online_shopping,50,987,3,12.71,11.16,86.1,1,0,0,0,0
TXN-00001390,15.46,11,fuel,68,904,5,81.37,11.15,46.86,1,0,0,0,0
TXN-00001391,19.98,3,restaurant,63,903,4,36.99,11.88,71.98,0,0,1,0,0
TXN-00001392,190.81,3,restaurant,25,1286,1,24.79,2.26,78.41,1,0,0,1,0
TXN-00001393,22.88,2,electronics,26,1550,0,10.0,7.43,71.53,1,0,0,0,0
TXN-00001394,65.71,19,online_shopping,58,1628,2,47.68,16.6,44.03,0,0,0,0,0
TXN-00001395,5.67,12,gaming,38,2144,2,41.36,1.27,86.52,0,0,1,0,0
TXN-00001396,285.84,5,restaurant,42,257,2,25.04,9.04,63.26,1,0,0,0,0
TXN-00001397,76.16,2,grocery,45,641,3,38.49,2.45,73.36,0,1,1,0,1
TXN-00001398,33.39,1,fuel,51,526,3,74.93,13.2,63.86,0,0,0,0,0
TXN-00001399,74.02,6,grocery,44,2178,2,13.16,13.43,90.03,0,1,1,0,0
TXN-00001400,9.2,17,restaurant,19,998,1,62.29,72.31,65.96,0,0,0,0,0
TXN-00001401,140.0,21,gaming,23,927,3,16.36,8.0,71.79,2,0,0,0,0
TXN-00001402,28.78,14,grocery,18,763,2,13.91,9.57,79.26,0,0,1,0,0
TXN-00001403,32.65,23,cash_withdrawal,33,741,0,25.17,7.98,86.43,0,0,1,0,0
TXN-00001404,24.14,9,grocery,65,739,3,72.92,2.35,76.71,2,0,0,0,0
TXN-00001405,21.98,7,grocery,74,772,1,18.09,2.48,92.11,3,0,0,0,1
TXN-00001406,83.88,16,pharmacy,45,733,2,27.4,9.28,92.53,0,0,1,0,0
TXN-00001407,52.92,3,grocery,19,1926,1,11.47,3.77,73.37,0,0,1,1,0
TXN-00001408,80.18,21,electronics,22,2539,2,41.98,12.41,84.15,0,0,1,0,0
TXN-00001409,40.08,18,pharmacy,65,2463,1,17.2,16.53,73.54,0,0,0,0,0
TXN-00001410,69.33,0,pharmacy,37,342,3,22.29,9.94,81.75,0,1,1,0,0
TXN-00001411,26.05,4,online_shopping,69,683,2,53.8,21.73,54.68,1,0,1,0,0
TXN-00001412,420.4,15,grocery,47,224,3,19.24,5.95,86.38,1,0,1,0,0
TXN-00001413,7.8,17,restaurant,68,294,4,39.48,0.4,80.43,1,0,1,0,0
TXN-00001414,152.02,5,fuel,25,2507,3,36.74,13.14,87.32,0,0,0,0,0
TXN-00001415,170.09,17,fuel,67,1159,2,35.01,30.28,87.25,0,0,1,0,0
TXN-00001416,16.53,11,electronics,49,1427,4,15.41,8.66,81.28,1,0,1,0,0
TXN-00001417,420.2,16,online_shopping,43,889,1,33.66,23.18,69.71,0,0,0,0,0
TXN-00001418,115.04,10,restaurant,48,929,2,26.64,36.99,56.02,1,0,0,0,0
TXN-00001419,112.13,10,restaurant,36,1714,1,25.1,16.03,73.08,2,0,0,0,0
TXN-00001420,41.66,9,cash_withdrawal,52,993,5,47.81,1.99,87.09,1,0,1,0,0
TXN-00001421,32.2,3,grocery,62,1014,1,13.19,27.19,77.76,1,0,1,0,0
TXN-00001422,32.46,4,restaurant,64,1367,4,19.58,12.04,95.61,0,0,1,0,1
TXN-00001423,60.95,4,gaming,74,1285,4,29.72,4.46,92.98,1,1,1,0,1
TXN-00001424,176.13,19,online_shopping,41,975,1,80.61,20.06,77.43,0,0,1,0,0
TXN-00001425,48.93,10,online_shopping,62,753,2,10.0,1.1,87.74,0,0,0,0,0
TXN-00001426,15.53,9,jewelry,69,723,2,34.02,24.42,97.9,1,0,1,0,0
TXN-00001427,96.12,20,restaurant,19,1641,3,26.65,5.28,85.95,0,1,1,0,0
TXN-00001428,106.4,21,restaurant,45,1025,4,49.02,13.35,86.18,0,0,1,0,0
TXN-00001429,80.43,5,electronics,58,634,4,18.8,23.11,92.38,1,0,0,0,1
TXN-00001430,88.48,8,restaurant,44,1507,2,26.19,0.46,96.38,1,0,1,0,0
TXN-00001431,30.43,9,online_shopping,23,966,4,16.71,37.53,67.76,0,0,1,0,0
TXN-00001432,15.25,20,gaming,56,334,2,22.84,43.77,95.51,1,1,1,0,0
TXN-00001433,16.25,16,gaming,41,654,3,45.16,10.23,75.3,0,0,0,0,1
TXN-00001434,7.26,13,online_shopping,53,967,2,39.02,4.33,90.75,1,0,1,0,0
TXN-00001435,51.87,5,electronics,18,379,7,25.13,0.86,78.31,1,0,0,0,0
TXN-00001436,37.05,9,grocery,18,1130,5,53.58,3.63,58.79,1,0,1,1,0
TXN-00001437,25.48,0,restaurant,52,1230,3,145.6,40.48,75.31,0,1,0,0,0
TXN-00001438,5.0,16,restaurant,74,1575,4,17.9,15.49,69.29,0,0,1,0,0
TXN-00001439,10.92,22,fuel,55,1073,0,42.18,17.84,93.02,0,0,1,0,0
TXN-00001440,131.22,18,fuel,72,674,3,30.98,4.17,94.56,2,0,0,0,0
TXN-00001441,20.13,7,online_shopping,67,341,7,60.67,9.69,81.12,0,0,0,0,0
TXN-00001442,59.06,11,fuel,34,331,2,20.95,17.08,65.94,1,0,1,0,0
TXN-00001443,9.39,22,cash_withdrawal,23,878,1,57.59,0.15,79.61,0,0,1,0,0
TXN-00001444,183.21,10,restaurant,50,878,1,27.99,1.81,81.31,1,0,1,0,0
TXN-00001445,34.77,20,online_shopping,53,371,1,25.8,20.95,97.18,0,0,1,0,0
TXN-00001446,54.85,13,restaurant,62,1116,3,33.28,8.42,47.54,2,1,0,0,0
TXN-00001447,465.01,11,restaurant,48,759,5,33.22,4.45,82.11,0,0,0,0,0
TXN-00001448,198.79,14,online_shopping,71,554,4,16.68,14.33,75.44,0,0,0,1,0
TXN-00001449,29.32,5,grocery,66,471,3,30.6,1.75,70.56,0,0,1,1,0
TXN-00001450,21.7,10,restaurant,51,1935,4,71.59,2.62,83.84,0,0,0,0,0
TXN-00001451,28.74,7,electronics,49,309,4,14.06,15.57,52.49,0,1,1,0,1
TXN-00001452,69.09,18,online_shopping,19,2199,4,40.72,9.1,89.08,0,0,0,1,0
TXN-00001453,36.22,14,grocery,63,572,3,58.15,18.91,56.6,0,0,1,0,0
TXN-00001454,26.71,9,cash_withdrawal,57,2303,0,29.41,8.23,77.95,0,0,0,0,0
TXN-00001455,188.77,19,cash_withdrawal,69,352,4,25.75,10.16,76.87,0,0,1,0,0
TXN-00001456,35.88,10,online_shopping,23,1169,0,30.17,1.46,89.28,1,0,0,0,0
TXN-00001457,452.4,22,fuel,26,1749,2,16.37,23.87,85.2,0,0,1,0,0
TXN-00001458,44.49,14,cash_withdrawal,56,1769,2,26.22,20.84,81.56,0,0,1,0,0
TXN-00001459,263.64,21,electronics,46,1165,0,90.86,27.25,55.98,0,0,1,0,0
TXN-00001460,58.86,23,gaming,52,1082,3,27.6,8.76,75.48,0,0,1,0,0
TXN-00001461,111.18,7,restaurant,43,404,3,30.24,3.33,70.07,2,0,0,0,0
TXN-00001462,18.9,6,fuel,55,1512,3,16.34,26.22,52.77,0,0,0,0,0
TXN-00001463,16.5,20,fuel,56,1663,4,38.99,4.29,68.6,0,0,1,0,0
TXN-00001464,65.54,5,fuel,28,979,4,15.09,40.77,79.45,0,0,0,0,0
TXN-00001465,114.2,18,restaurant,62,1061,1,26.36,14.34,59.78,2,0,0,0,0
TXN-00001466,42.19,4,gaming,46,3162,1,10.0,9.33,80.14,0,0,1,0,0
TXN-00001467,10.48,20,grocery,51,429,2,30.44,0.32,82.69,2,1,0,0,0
TXN-00001468,9.7,16,electronics,53,1183,3,33.24,2.97,40.82,1,0,1,0,0
TXN-00001469,9.04,12,restaurant,61,1493,1,18.39,7.37,96.68,1,0,0,0,0
TXN-00001470,6.32,10,electronics,35,327,0,21.14,22.26,83.08,0,0,1,0,0
TXN-00001471,45.37,15,restaurant,18,347,2,19.21,8.89,76.71,1,0,1,0,0
TXN-00001472,131.8,9,online_shopping,28,633,3,46.37,19.63,81.6,1,0,1,0,0
TXN-00001473,39.88,9,online_shopping,74,662,1,21.05,2.77,71.77,0,0,0,0,0
TXN-00001474,5.0,4,electronics,30,607,1,73.41,42.18,48.01,0,0,0,0,0
TXN-00001475,33.11,3,pharmacy,32,676,2,75.86,5.1,93.43,0,1,1,0,1
TXN-00001476,34.09,21,travel,67,686,1,31.06,60.37,82.48,1,0,1,0,0
TXN-00001477,365.33,17,grocery,31,971,3,81.65,12.72,75.53,0,0,1,0,0
TXN-00001478,8.76,10,online_shopping,44,563,2,76.86,3.69,87.61,0,0,1,0,0
TXN-00001479,26.84,19,online_shopping,39,824,5,38.86,14.56,75.6,1,0,0,0,0
TXN-00001480,242.53,14,restaurant,56,945,4,16.83,1.57,83.79,0,0,0,0,1
TXN-00001481,64.88,14,restaurant,52,762,2,38.02,1.22,92.18,2,1,1,0,0
TXN-00001482,73.07,2,grocery,47,1182,1,34.7,4.91,79.11,1,0,1,0,0
TXN-00001483,45.62,12,restaurant,47,1879,1,21.08,2.08,91.62,0,0,1,0,0
TXN-00001484,57.19,2,cash_withdrawal,66,419,4,110.78,6.91,81.72,0,0,1,0,0
TXN-00001485,91.51,16,grocery,51,537,1,45.54,17.46,72.26,0,0,1,0,0
TXN-00001486,17.29,1,restaurant,47,1392,2,13.81,10.64,85.29,0,1,1,0,0
TXN-00001487,101.69,12,jewelry,69,1105,4,39.1,12.05,83.9,0,1,0,0,1
TXN-00001488,9.57,8,grocery,23,1449,3,31.08,1.61,64.51,1,0,1,0,0
TXN-00001489,57.1,3,grocery,66,1346,2,39.99,25.86,64.76,0,0,1,0,0
TXN-00001490,48.8,11,pharmacy,29,672,2,26.94,69.79,83.46,0,0,1,0,0
TXN-00001491,21.18,4,online_shopping,37,1953,4,13.24,14.52,88.98,1,0,0,0,1
TXN-00001492,39.5,5,grocery,18,1977,1,59.87,27.25,65.46,1,0,1,0,0
TXN-00001493,21.04,21,restaurant,51,547,1,96.67,10.83,92.6,0,0,0,0,0
TXN-00001494,13.13,8,electronics,66,1818,1,22.92,26.97,94.4,0,0,0,0,0
TXN-00001495,27.9,9,online_shopping,40,1915,1,27.45,12.78,79.78,0,0,1,1,0
TXN-00001496,12.69,0,fuel,56,2267,1,62.46,13.56,91.45,0,0,1,0,0
TXN-00001497,56.77,7,gaming,40,1360,3,22.04,11.42,80.31,0,0,1,0,0
TXN-00001498,12.09,8,restaurant,62,798,4,52.33,39.59,92.55,0,1,0,1,0
TXN-00001499,85.42,17,fuel,75,647,1,28.7,1.69,87.66,1,0,0,0,0
TXN-00001500,11.7,2,cash_withdrawal,59,798,0,17.74,6.53,79.21,2,0,1,0,1
TXN-00001501,22.32,22,online_shopping,37,456,1,20.58,16.47,80.84,1,1,1,0,1
TXN-00001502,20.99,3,jewelry,65,1195,1,29.16,1.16,80.24,0,0,1,0,0
TXN-00001503,162.62,15,electronics,20,874,5,30.65,17.92,95.98,3,0,0,0,0
TXN-00001504,57.21,0,fuel,75,406,2,14.23,37.79,56.88,0,0,1,0,1
TXN-00001505,32.38,19,gaming,66,655,2,34.04,0.84,80.47,0,0,1,0,0
TXN-00001506,68.28,16,electronics,55,1742,5,10.0,0.69,89.28,1,0,0,1,0
TXN-00001507,5.0,20,fuel,54,1206,1,46.4,59.53,47.05,2,0,0,0,0
TXN-00001508,38.66,22,restaurant,32,614,4,49.53,6.08,64.77,1,0,0,0,0
TXN-00001509,329.44,20,travel,43,2237,1,18.23,24.71,70.58,1,0,1,0,0
TXN-00001510,46.48,14,gaming,23,1123,3,31.1,9.24,86.85,0,0,1,1,0
TXN-00001511,43.44,20,restaurant,37,485,5,22.52,6.35,93.44,3,1,1,0,1
TXN-00001512,71.92,2,electronics,52,800,8,23.13,17.69,83.66,1,0,0,0,0
TXN-00001513,103.58,15,restaurant,39,390,2,25.35,12.21,55.4,2,1,0,0,1
TXN-00001514,5.0,23,online_shopping,62,1951,2,27.35,7.11,47.68,0,0,0,0,0
TXN-00001515,6.91,9,fuel,67,1473,2,21.38,12.42,88.89,0,0,0,0,0
TXN-00001516,50.44,23,online_shopping,50,629,0,35.39,7.95,68.95,1,0,1,1,0
TXN-00001517,19.09,12,online_shopping,37,283,5,79.97,28.72,57.35,0,0,1,0,0
TXN-00001518,160.39,11,travel,35,1461,3,40.53,13.18,81.99,0,0,1,0,0
TXN-00001519,29.05,7,cash_withdrawal,49,1104,1,26.48,9.16,88.58,1,0,0,1,1
TXN-00001520,5.31,2,fuel,59,1801,1,66.34,6.43,62.79,0,0,1,0,0
TXN-00001521,10.68,21,cash_withdrawal,25,222,0,63.22,8.72,80.56,1,0,1,0,1
TXN-00001522,5.0,17,restaurant,43,1387,1,53.15,15.79,86.62,0,0,0,0,0
TXN-00001523,31.63,9,pharmacy,43,926,5,39.27,26.34,88.17,2,1,1,0,0
TXN-00001524,33.19,23,electronics,34,2716,6,39.58,11.88,78.58,0,0,0,0,0
TXN-00001525,25.9,4,online_shopping,31,463,3,46.2,3.83,60.24,1,0,1,0,0
TXN-00001526,125.56,18,pharmacy,66,1542,4,64.27,12.0,97.43,2,0,1,0,0
TXN-00001527,142.37,10,fuel,43,1406,4,19.22,15.05,83.85,0,0,0,0,1
TXN-00001528,33.82,14,travel,51,402,4,27.33,23.43,82.67,1,0,0,0,0
TXN-00001529,5.0,0,online_shopping,20,819,2,54.06,44.14,89.21,0,0,0,0,0
TXN-00001530,77.33,14,pharmacy,34,1306,0,32.17,6.08,78.63,2,0,0,0,0
TXN-00001531,72.47,16,cash_withdrawal,30,630,3,31.84,2.75,91.08,0,1,1,0,0
TXN-00001532,55.97,23,online_shopping,37,641,1,52.93,6.95,90.91,1,0,1,1,0
TXN-00001533,113.36,8,pharmacy,66,1636,1,16.29,1.83,80.86,1,0,1,0,0
TXN-00001534,11.9,1,cash_withdrawal,51,2395,3,55.52,38.75,94.71,1,0,1,0,0
TXN-00001535,333.35,1,electronics,70,1563,2,16.59,5.92,96.41,1,0,0,0,0
TXN-00001536,14.77,3,online_shopping,42,423,3,23.66,46.16,91.72,0,0,1,0,1
TXN-00001537,88.83,7,gaming,62,138,0,10.82,21.72,82.68,0,0,0,0,0
TXN-00001538,6.88,19,grocery,27,503,5,22.24,8.84,78.33,0,0,0,0,0
TXN-00001539,15.23,4,grocery,65,1380,1,43.45,42.94,89.57,0,0,1,0,0
TXN-00001540,198.78,3,pharmacy,53,1468,0,33.95,3.79,89.17,0,0,1,0,0
TXN-00001541,30.76,0,online_shopping,20,776,2,25.59,7.53,97.1,0,0,0,0,0
TXN-00001542,97.7,9,pharmacy,57,498,3,39.82,4.21,60.63,1,0,0,0,0
TXN-00001543,51.87,14,electronics,45,815,2,40.15,28.07,99.18,0,0,1,1,0
TXN-00001544,36.23,6,grocery,18,322,6,14.93,25.54,74.96,0,0,0,0,0
TXN-00001545,169.36,11,travel,67,87,0,61.05,11.8,71.26,1,1,0,0,0
TXN-00001546,31.55,5,cash_withdrawal,49,1144,2,43.67,8.94,55.43,0,0,1,0,0
TXN-00001547,6.24,19,electronics,53,1076,2,11.69,22.07,82.31,0,0,1,1,0
TXN-00001548,17.4,0,pharmacy,51,479,0,85.97,0.8,80.27,0,0,1,0,0
TXN-00001549,72.15,4,electronics,23,1578,2,25.01,20.62,73.84,0,0,0,0,0
TXN-00001550,61.27,13,online_shopping,37,993,3,15.04,6.23,71.89,0,0,0,0,0
TXN-00001551,7.8,20,cash_withdrawal,58,599,3,13.07,2.31,49.9,0,0,0,0,0
TXN-00001552,18.91,9,gaming,37,1168,3,10.82,15.09,79.53,0,0,1,0,0
TXN-00001553,21.96,1,online_shopping,69,2680,4,21.91,16.48,76.5,0,1,0,0,0
TXN-00001554,27.56,13,restaurant,36,336,5,18.46,7.59,93.82,1,1,0,0,0
TXN-00001555,9.54,6,electronics,44,2784,1,14.47,8.97,55.81,0,0,1,0,0
TXN-00001556,20.91,7,grocery,43,986,2,24.39,8.98,74.82,0,1,0,0,0
TXN-00001557,18.82,22,grocery,19,1316,2,80.69,24.74,63.96,0,0,0,0,0
TXN-00001558,90.93,22,fuel,65,1369,2,19.02,57.77,83.74,0,1,1,0,0
TXN-00001559,94.59,6,restaurant,25,610,1,24.21,51.65,82.52,1,0,1,0,0
TXN-00001560,34.71,14,electronics,45,766,5,43.37,5.05,92.88,0,0,0,0,0
TXN-00001561,26.8,12,cash_withdrawal,70,1898,4,96.77,2.08,89.0,1,0,0,0,0
TXN-00001562,46.85,23,fuel,75,2080,2,33.83,1.51,63.52,1,0,0,0,1
TXN-00001563,17.16,22,pharmacy,31,876,1,40.33,15.32,73.79,2,0,1,0,0
TXN-00001564,12.13,8,restaurant,39,2446,4,51.84,3.31,83.44,0,0,0,0,0
TXN-00001565,15.07,0,cash_withdrawal,50,928,2,41.1,28.31,65.03,1,0,1,0,0
TXN-00001566,20.77,0,pharmacy,58,1496,2,10.18,15.24,62.89,1,1,0,0,1
TXN-00001567,11.92,0,gaming,32,640,3,18.19,7.95,68.42,0,0,1,0,0
TXN-00001568,47.95,18,electronics,49,1443,4,47.38,3.74,93.31,1,0,0,0,0
TXN-00001569,87.03,17,online_shopping,66,836,2,21.13,10.08,90.51,1,0,0,0,0
TXN-00001570,7.64,19,pharmacy,62,3080,6,12.86,4.9,94.55,1,0,1,0,0
TXN-00001571,41.53,3,restaurant,65,1205,1,25.11,5.72,76.55,0,0,1,0,1
TXN-00001572,32.11,1,gaming,69,2299,1,42.86,21.55,87.01,2,0,0,0,0
TXN-00001573,57.89,4,online_shopping,67,1093,2,41.72,1.3,93.96,0,1,1,1,1
TXN-00001574,39.9,15,fuel,47,996,0,30.9,5.15,64.36,0,0,1,0,0
TXN-00001575,8.79,0,fuel,74,1078,1,10.0,11.66,77.84,2,0,1,0,0
TXN-00001576,10.75,15,electronics,46,2599,2,34.24,34.55,58.91,0,0,1,0,0
TXN-00001577,41.72,21,online_shopping,59,746,0,12.92,29.28,70.22,1,0,1,0,0
TXN-00001578,119.13,3,travel,72,3013,1,43.01,13.34,46.08,1,0,1,0,0
TXN-00001579,5.0,17,online_shopping,20,1623,3,38.15,3.78,84.21,0,0,1,0,0
TXN-00001580,58.15,13,restaurant,72,2529,1,21.0,5.51,80.42,0,0,1,0,0
TXN-00001581,141.05,22,grocery,65,501,1,12.49,7.89,50.23,1,0,0,0,0
TXN-00001582,34.44,5,online_shopping,75,1477,2,62.63,13.06,70.85,0,0,1,1,0
TXN-00001583,72.08,5,online_shopping,62,1940,1,36.26,16.29,88.72,0,0,0,0,0
TXN-00001584,19.33,0,restaurant,27,1967,4,16.34,9.39,75.35,0,0,1,0,0
TXN-00001585,35.68,16,electronics,35,1476,0,78.17,46.9,77.76,0,0,1,1,0
TXN-00001586,7.37,20,grocery,18,800,2,30.83,3.88,68.12,0,0,1,0,0
TXN-00001587,5.0,0,online_shopping,53,770,3,19.68,11.7,66.83,0,0,1,0,0
TXN-00001588,108.84,11,gaming,43,743,1,59.68,18.89,43.43,0,0,1,0,0
TXN-00001589,14.38,17,online_shopping,45,1167,2,50.35,1.89,88.89,0,0,0,0,0
TXN-00001590,25.07,18,travel,60,1068,2,43.92,24.22,60.9,0,1,1,0,0
TXN-00001591,9.43,22,fuel,65,819,5,35.2,19.66,85.7,1,0,1,0,0
TXN-00001592,9.2,17,online_shopping,22,894,1,14.49,15.29,55.72,1,0,1,0,0
TXN-00001593,33.7,22,restaurant,71,1003,2,14.98,20.94,77.32,1,0,1,0,0
TXN-00001594,18.8,23,pharmacy,39,253,3,23.08,16.08,41.83,2,0,1,0,1
TXN-00001595,60.15,22,cash_withdrawal,61,842,4,10.0,15.33,54.16,0,0,1,0,0
TXN-00001596,65.05,10,restaurant,51,714,1,36.03,4.68,74.68,1,0,1,0,0
TXN-00001597,56.65,9,electronics,43,487,1,28.43,1.06,93.93,0,0,0,0,0
TXN-00001598,51.96,10,grocery,30,506,1,30.96,9.4,88.28,1,0,1,0,0
TXN-00001599,212.01,22,travel,28,834,4,82.85,8.71,76.04,2,0,1,0,0
TXN-00001600,13.18,6,pharmacy,60,1195,0,14.23,5.85,55.94,1,0,1,0,0
TXN-00001601,38.18,18,cash_withdrawal,36,1235,2,32.73,19.98,53.25,0,0,1,0,0
TXN-00001602,132.86,15,pharmacy,31,1326,1,14.3,8.61,81.24,1,0,0,0,0
TXN-00001603,152.59,1,online_shopping,18,1235,1,68.57,1.81,74.63,0,0,1,0,0
TXN-00001604,9.09,11,grocery,66,760,3,15.35,43.78,71.99,1,0,1,0,0
TXN-00001605,29.14,4,cash_withdrawal,40,504,2,102.56,4.57,83.91,1,0,1,0,0
TXN-00001606,168.35,17,pharmacy,38,578,2,16.0,27.35,82.64,0,0,0,0,0
TXN-00001607,68.96,10,cash_withdrawal,39,941,2,36.66,6.85,79.28,0,0,0,0,0
TXN-00001608,49.65,8,pharmacy,52,1076,1,41.75,4.84,57.02,0,0,1,0,0
TXN-00001609,32.18,1,restaurant,45,1538,2,52.55,17.73,89.45,0,0,0,0,0
TXN-00001610,27.03,3,grocery,49,1977,5,14.92,3.38,82.32,1,0,1,0,0
TXN-00001611,54.74,18,online_shopping,34,789,2,13.85,2.6,85.16,0,0,0,0,0
TXN-00001612,31.03,20,online_shopping,35,1096,3,22.14,10.84,63.97,1,0,1,0,0
TXN-00001613,38.68,6,grocery,68,1358,2,47.01,2.57,95.25,0,0,1,0,0
TXN-00001614,43.93,19,online_shopping,43,1005,3,30.08,1.27,74.92,1,1,1,0,0
TXN-00001615,19.85,13,online_shopping,74,588,1,60.48,22.28,86.72,0,0,1,1,0
TXN-00001616,70.72,8,electronics,67,647,0,17.43,8.4,88.6,2,0,0,0,0
TXN-00001617,862.61,10,electronics,59,1602,1,25.42,17.96,91.94,0,0,0,0,1
TXN-00001618,6.26,16,cash_withdrawal,49,820,3,28.5,9.09,71.33,0,0,1,0,0
TXN-00001619,56.84,21,restaurant,66,866,1,27.56,60.48,44.76,1,0,1,0,0
TXN-00001620,18.21,11,restaurant,21,240,2,43.92,6.76,71.55,1,0,1,0,0
TXN-00001621,74.16,8,pharmacy,46,1814,1,67.02,24.36,63.24,1,0,1,0,0
TXN-00001622,42.47,18,fuel,59,1380,1,20.46,3.4,95.21,0,0,1,0,0
TXN-00001623,90.01,12,electronics,24,414,4,22.16,1.61,67.74,0,0,0,0,1
TXN-00001624,138.97,9,electronics,28,1291,5,36.38,26.05,85.55,1,0,1,1,1
TXN-00001625,49.5,11,online_shopping,21,1339,3,37.25,4.63,94.21,1,0,0,0,0
TXN-00001626,132.77,12,grocery,46,2284,2,60.42,19.11,54.03,0,0,0,0,0
TXN-00001627,5.0,3,restaurant,49,615,2,31.85,28.76,65.12,1,0,1,0,0
TXN-00001628,214.86,1,travel,45,1253,2,26.25,15.4,93.67,0,0,1,0,0
TXN-00001629,59.97,15,pharmacy,21,727,2,93.44,3.76,84.56,0,0,0,0,0
TXN-00001630,125.43,4,restaurant,46,707,2,37.15,11.74,65.15,1,0,0,0,0
TXN-00001631,11.24,12,travel,69,2067,2,47.74,0.21,90.2,1,0,0,0,0
TXN-00001632,16.91,18,restaurant,19,1608,3,10.75,6.73,98.65,0,0,0,0,0
TXN-00001633,47.15,5,online_shopping,63,419,2,27.4,42.93,64.54,0,0,0,0,0
TXN-00001634,39.73,9,travel,33,380,3,62.46,7.72,63.23,0,0,1,0,0
TXN-00001635,54.45,23,pharmacy,22,1317,1,32.29,15.42,94.53,1,0,0,0,0
TXN-00001636,126.31,0,cash_withdrawal,20,908,2,28.67,40.13,60.37,0,0,0,0,1
TXN-00001637,6.34,18,gaming,18,570,0,10.0,16.64,87.15,0,0,0,0,0
TXN-00001638,112.45,4,jewelry,42,1330,2,27.54,16.85,87.45,0,1,1,0,1
TXN-00001639,40.8,21,electronics,46,1242,2,67.64,0.9,92.6,0,0,1,0,0
TXN-00001640,32.66,9,restaurant,54,993,0,30.21,12.33,86.15,0,0,1,0,0
TXN-00001641,8.63,0,online_shopping,22,1044,0,40.92,25.67,87.48,0,0,0,0,0
TXN-00001642,68.59,17,electronics,55,596,5,24.37,3.05,81.23,0,0,1,0,0
TXN-00001643,5.0,3,online_shopping,60,1237,2,24.23,29.14,95.24,1,0,1,0,0
TXN-00001644,79.9,8,online_shopping,21,2474,1,31.21,28.8,48.89,0,1,1,0,1
TXN-00001645,8.44,12,travel,57,469,2,41.61,20.14,85.94,1,0,0,0,0
TXN-00001646,42.78,17,cash_withdrawal,24,1580,4,49.85,32.36,73.08,0,0,1,0,0
TXN-00001647,35.69,10,electronics,43,526,1,47.71,3.77,50.48,1,0,1,0,0
TXN-00001648,138.11,20,electronics,56,1434,2,24.22,1.08,86.58,0,0,1,0,0
TXN-00001649,33.53,11,restaurant,68,895,3,34.47,8.95,73.2,0,0,1,0,0
TXN-00001650,19.51,8,online_shopping,48,1453,3,13.18,0.72,56.72,1,0,1,0,0
TXN-00001651,23.76,8,online_shopping,43,486,1,35.51,15.41,76.06,0,0,1,1,0
TXN-00001652,153.93,19,pharmacy,66,145,3,10.0,13.11,81.11,0,0,1,0,0
TXN-00001653,71.03,15,electronics,30,1066,0,11.24,17.76,89.16,1,0,0,0,0
TXN-00001654,26.98,3,cash_withdrawal,29,1523,5,34.25,7.44,75.17,1,0,0,0,1
TXN-00001655,31.55,18,electronics,45,1088,5,42.58,10.21,65.66,0,0,0,0,0
TXN-00001656,7.8,9,jewelry,24,1373,2,13.67,5.96,67.63,0,0,0,0,0
TXN-00001657,60.82,8,online_shopping,19,764,1,43.07,1.88,63.78,1,0,1,0,0
TXN-00001658,6.37,2,gaming,38,1391,1,26.96,11.31,85.79,1,0,1,0,1
TXN-00001659,89.07,23,restaurant,26,2055,6,62.7,7.11,81.53,0,0,0,0,0
TXN-00001660,46.3,1,grocery,54,758,6,77.29,11.95,91.58,0,0,1,0,1
TXN-00001661,495.86,23,restaurant,49,1361,2,10.0,58.91,81.08,1,0,0,0,0
TXN-00001662,12.74,1,online_shopping,46,647,1,104.65,27.15,92.15,0,0,1,0,0
TXN-00001663,36.31,12,online_shopping,46,2167,4,54.39,21.86,83.13,0,0,0,0,0
TXN-00001664,267.25,2,online_shopping,23,421,2,44.5,10.5,84.08,0,0,0,0,0
TXN-00001665,141.31,11,pharmacy,41,1207,2,24.2,23.52,79.1,1,0,1,0,1
TXN-00001666,19.47,20,restaurant,22,1006,2,42.07,7.09,87.55,0,1,0,0,0
TXN-00001667,51.17,14,cash_withdrawal,38,762,2,38.15,10.27,43.95,0,0,1,0,0
TXN-00001668,40.53,13,fuel,57,747,1,52.53,12.03,81.61,0,0,0,0,0
TXN-00001669,54.38,2,online_shopping,75,960,1,38.12,5.39,91.57,2,0,1,0,0
TXN-00001670,19.42,22,fuel,35,2009,0,43.35,16.07,92.26,1,0,1,0,0
TXN-00001671,36.83,9,cash_withdrawal,33,1127,1,48.99,85.22,68.41,1,0,1,0,1
TXN-00001672,7.55,12,electronics,56,310,1,10.0,19.66,56.2,1,0,1,1,0
TXN-00001673,46.61,21,fuel,71,377,4,25.09,28.01,63.52,0,0,1,1,0
TXN-00001674,64.88,15,electronics,35,1124,3,30.31,12.13,92.89,0,0,1,0,0
TXN-00001675,31.86,17,cash_withdrawal,66,1668,3,23.6,1.1,85.37,0,0,1,0,0
TXN-00001676,7.42,4,restaurant,36,608,1,62.94,22.24,63.88,0,0,1,0,0
TXN-00001677,114.2,11,gaming,55,1090,2,86.6,2.27,65.86,0,0,1,0,0
TXN-00001678,59.31,12,grocery,30,1681,2,33.19,4.74,80.99,0,0,1,1,0
TXN-00001679,18.87,4,fuel,33,1181,2,33.12,5.47,97.28,0,0,1,1,0
TXN-00001680,30.13,9,gaming,75,1035,4,32.6,36.07,81.01,0,0,1,0,0
TXN-00001681,8.37,19,grocery,40,824,0,10.93,43.36,82.11,2,0,0,0,0
TXN-00001682,13.78,22,restaurant,18,896,5,17.09,17.21,86.09,0,1,0,0,0
TXN-00001683,23.0,19,online_shopping,62,1398,3,17.21,0.74,59.09,0,0,0,0,0
TXN-00001684,146.91,22,grocery,25,1488,0,51.06,20.93,81.14,1,0,0,0,0
TXN-00001685,20.67,23,pharmacy,24,1474,5,23.38,65.4,76.85,0,0,1,0,0
TXN-00001686,79.22,4,grocery,66,661,1,28.74,54.15,80.8,0,0,1,0,0
TXN-00001687,22.98,20,fuel,38,181,1,27.03,22.02,79.12,0,0,1,0,0
TXN-00001688,52.48,14,electronics,26,773,4,25.44,5.79,72.26,0,0,1,0,0
TXN-00001689,34.87,20,fuel,74,1562,0,117.37,25.91,65.24,0,0,1,0,0
TXN-00001690,101.16,15,restaurant,34,2242,4,32.3,6.96,51.73,0,0,1,0,0
TXN-00001691,23.07,2,cash_withdrawal,54,547,3,75.03,21.83,74.2,1,1,1,1,0
TXN-00001692,7.76,13,jewelry,33,1360,2,19.07,1.51,98.13,0,0,1,0,0
TXN-00001693,9.48,18,restaurant,51,686,1,14.62,1.12,86.39,3,0,1,0,0
TXN-00001694,23.14,2,electronics,58,1936,2,53.76,3.5,51.11,0,0,1,0,0
TXN-00001695,10.9,12,electronics,61,1549,2,33.33,36.73,96.61,1,0,1,0,0
TXN-00001696,62.22,15,cash_withdrawal,41,1165,1,45.29,11.97,68.34,1,0,1,0,0
TXN-00001697,24.8,11,fuel,53,1210,1,97.24,6.18,99.24,2,1,1,0,0
TXN-00001698,489.48,19,online_shopping,66,1831,1,33.98,4.99,66.95,1,0,0,0,0
TXN-00001699,6.52,3,grocery,66,327,1,38.8,63.22,88.18,1,0,1,0,0
TXN-00001700,50.09,8,jewelry,61,937,2,24.16,6.86,96.28,0,0,1,0,0
TXN-00001701,12.37,22,online_shopping,41,504,2,32.81,6.06,70.24,0,0,0,0,0
TXN-00001702,24.09,12,restaurant,48,1199,4,35.71,15.23,68.48,0,0,1,0,0
TXN-00001703,46.92,4,grocery,74,1073,3,41.32,2.64,95.88,1,0,1,0,0
TXN-00001704,5.0,2,electronics,32,1163,4,36.3,11.9,79.14,1,0,0,0,0
TXN-00001705,51.87,14,travel,58,460,3,10.97,19.49,59.86,0,0,0,0,1
TXN-00001706,298.29,22,cash_withdrawal,63,1676,2,80.88,2.05,60.78,2,0,0,0,1
TXN-00001707,25.13,1,travel,45,1436,2,31.76,0.02,86.18,1,1,1,0,0
TXN-00001708,53.13,2,electronics,68,760,3,84.08,13.6,90.15,1,0,0,0,0
TXN-00001709,118.65,9,online_shopping,42,1494,0,17.54,4.0,50.99,1,0,1,0,0
TXN-00001710,34.05,5,online_shopping,66,233,1,21.67,1.03,75.4,1,0,1,0,0
TXN-00001711,21.98,2,restaurant,55,513,0,26.27,4.33,94.66,0,0,1,0,0
TXN-00001712,5.0,7,jewelry,20,956,1,22.95,9.39,88.41,2,0,1,1,0
TXN-00001713,79.28,15,fuel,65,832,4,37.9,9.46,76.69,0,0,1,0,0
TXN-00001714,35.92,19,gaming,58,1888,1,60.9,2.56,41.6,0,0,1,0,0
TXN-00001715,13.97,7,grocery,30,1385,2,73.21,4.38,82.32,1,0,0,0,1
TXN-00001716,46.2,16,grocery,58,2094,9,22.12,7.27,97.3,4,0,1,0,1
TXN-00001717,21.91,19,online_shopping,47,414,2,20.31,8.67,75.48,0,1,0,0,1
TXN-00001718,23.22,0,pharmacy,72,828,4,49.39,8.98,93.18,0,0,1,0,1
TXN-00001719,76.45,20,restaurant,35,496,1,15.09,8.29,87.7,0,0,1,0,0
TXN-00001720,9.92,4,restaurant,33,1167,3,46.34,1.49,84.29,2,0,1,0,0
TXN-00001721,121.47,16,pharmacy,21,415,1,25.69,27.29,72.17,0,1,0,0,1
TXN-00001722,9.32,18,online_shopping,63,1086,3,22.49,2.33,47.98,0,0,1,0,0
TXN-00001723,20.17,20,travel,75,242,4,10.0,64.78,79.18,0,0,0,0,0
TXN-00001724,304.63,9,online_shopping,57,639,1,35.6,17.38,74.07,0,0,1,0,0
TXN-00001725,132.12,15,restaurant,39,1504,5,64.0,0.37,77.59,0,0,0,0,0
TXN-00001726,44.81,0,electronics,68,962,4,13.87,22.18,59.25,1,0,0,0,0
TXN-00001727,15.07,10,gaming,32,368,1,36.01,39.64,71.01,0,0,1,0,0
TXN-00001728,23.2,23,grocery,58,1627,3,41.46,15.52,88.68,1,0,1,0,0
TXN-00001729,43.68,3,online_shopping,52,1641,1,21.26,3.66,89.4,1,0,1,0,0
TXN-00001730,42.07,3,gaming,67,1461,3,39.67,16.83,61.32,0,0,1,0,0
TXN-00001731,36.77,16,cash_withdrawal,74,752,2,53.66,13.92,73.04,1,1,1,0,0
TXN-00001732,39.16,12,electronics,38,1309,1,33.75,20.04,77.05,0,0,0,0,0
TXN-00001733,32.29,10,online_shopping,23,1716,3,42.93,20.85,95.3,1,0,1,0,0
TXN-00001734,8.9,5,electronics,27,911,4,25.29,10.74,88.75,1,0,1,0,0
TXN-00001735,23.52,4,cash_withdrawal,60,933,1,50.8,29.39,77.4,0,0,0,0,0
TXN-00001736,105.67,17,grocery,39,1030,3,10.0,4.51,68.16,1,1,1,0,1
TXN-00001737,9.61,8,cash_withdrawal,26,1472,0,49.43,29.82,92.19,1,0,0,0,0
TXN-00001738,33.15,18,grocery,65,1109,3,66.73,6.42,82.91,3,0,0,0,0
TXN-00001739,17.1,10,online_shopping,55,1355,4,18.39,47.16,58.5,1,0,1,0,0
TXN-00001740,45.46,9,grocery,25,886,4,18.1,14.83,86.63,1,0,0,0,0
TXN-00001741,26.89,5,pharmacy,59,874,2,85.78,28.2,73.31,0,0,1,0,0
TXN-00001742,190.81,15,online_shopping,55,1381,3,38.51,8.93,69.91,1,0,0,0,0
TXN-00001743,68.85,6,grocery,75,696,4,11.13,4.25,50.49,1,0,0,0,0
TXN-00001744,10.2,21,electronics,75,552,2,25.98,3.7,71.82,2,0,1,0,0
TXN-00001745,81.84,9,pharmacy,74,678,2,10.0,18.25,84.4,1,0,1,0,0
TXN-00001746,17.93,19,jewelry,69,854,1,25.9,7.87,83.76,0,0,0,0,0
TXN-00001747,22.07,11,grocery,64,995,4,29.41,23.55,98.22,2,1,1,0,0
TXN-00001748,56.23,9,travel,56,754,4,44.63,9.64,59.64,1,0,0,0,0
TXN-00001749,24.14,10,online_shopping,49,800,1,30.54,23.59,83.09,0,0,0,0,0
TXN-00001750,103.29,10,jewelry,63,1194,4,84.58,7.33,89.72,0,0,1,0,0
TXN-00001751,17.94,11,grocery,74,635,4,32.27,8.77,74.92,1,0,0,0,0
TXN-00001752,21.12,21,travel,24,1448,4,10.0,60.61,76.9,1,0,1,0,0
TXN-00001753,20.3,16,grocery,25,590,2,44.7,2.35,84.51,0,1,1,0,0
TXN-00001754,22.33,0,grocery,46,981,0,32.13,0.4,80.11,0,0,1,0,0
TXN-00001755,128.27,1,online_shopping,35,948,3,26.81,14.55,79.21,0,0,0,1,0
TXN-00001756,78.28,0,online_shopping,48,1881,2,59.5,9.25,62.53,0,0,0,0,0
TXN-00001757,243.58,16,fuel,36,893,4,51.48,27.44,66.28,0,0,0,1,1
TXN-00001758,437.48,4,electronics,63,1552,3,17.09,53.29,79.42,0,1,1,0,1
TXN-00001759,13.7,9,grocery,70,1382,2,35.74,23.85,76.29,0,0,1,0,0
TXN-00001760,43.55,19,restaurant,34,729,4,80.48,9.47,54.72,0,0,0,0,0
TXN-00001761,11.76,3,fuel,62,1799,0,31.51,11.64,84.92,0,0,0,0,0
TXN-00001762,17.88,3,online_shopping,24,748,1,12.98,37.35,81.42,1,0,1,0,0
TXN-00001763,20.87,1,electronics,64,836,1,38.78,1.41,50.64,0,0,0,0,0
TXN-00001764,13.33,6,electronics,58,1243,3,24.48,10.73,81.84,2,1,1,0,0
TXN-00001765,13.4,2,grocery,59,794,5,30.62,1.05,49.86,0,0,1,0,0
TXN-00001766,34.76,15,travel,46,422,0,16.07,19.65,91.64,2,0,0,0,0
TXN-00001767,11.27,17,travel,24,844,3,37.28,10.19,75.27,0,0,0,0,0
TXN-00001768,97.93,4,cash_withdrawal,66,836,3,20.56,18.28,86.14,0,0,1,0,0
TXN-00001769,15.43,12,electronics,24,570,4,50.64,5.38,91.32,1,0,1,0,0
TXN-00001770,772.82,7,grocery,45,975,3,72.09,14.37,80.06,0,0,1,0,0
TXN-00001771,25.18,1,online_shopping,28,987,5,33.82,25.73,94.17,0,0,0,0,0
TXN-00001772,43.62,11,jewelry,67,1198,1,16.15,26.18,80.21,1,0,1,0,0
TXN-00001773,10.38,16,grocery,51,513,2,18.35,0.75,55.55,3,0,1,0,0
TXN-00001774,242.6,5,travel,47,530,4,33.62,14.21,76.92,0,0,1,1,1
TXN-00001775,131.04,18,cash_withdrawal,36,1472,1,36.87,0.33,89.09,0,0,0,0,0
TXN-00001776,55.24,23,electronics,63,582,1,21.28,9.06,78.1,0,0,1,0,1
TXN-00001777,9.83,1,fuel,30,1123,7,26.3,0.02,56.32,0,0,0,0,0
TXN-00001778,50.46,3,online_shopping,59,876,3,43.71,24.37,77.18,0,0,1,0,0
TXN-00001779,12.46,6,pharmacy,74,656,2,60.09,8.93,94.31,0,0,1,0,0
TXN-00001780,187.82,20,grocery,33,1869,0,29.8,34.31,91.33,0,0,0,1,0
TXN-00001781,94.6,3,gaming,57,994,2,44.59,2.0,78.66,1,0,1,0,0
TXN-00001782,44.71,11,cash_withdrawal,35,709,2,29.89,0.14,59.92,0,1,0,0,0
TXN-00001783,5.0,12,online_shopping,71,374,0,36.74,60.22,82.46,2,0,1,0,0
TXN-00001784,14.4,3,electronics,70,1335,2,19.62,27.66,94.74,2,1,1,0,0
TXN-00001785,83.28,1,electronics,36,579,1,38.64,5.14,67.81,0,0,1,0,0
TXN-00001786,144.54,2,online_shopping,31,1789,1,72.85,21.49,79.81,1,0,1,0,0
TXN-00001787,129.62,1,travel,22,938,3,38.03,1.09,49.04,0,0,1,0,1
TXN-00001788,7.6,12,travel,58,3026,3,39.36,3.54,90.81,1,0,0,0,0
TXN-00001789,55.51,22,electronics,71,836,2,16.8,10.24,63.29,0,0,1,0,0
TXN-00001790,117.48,8,grocery,26,567,1,37.41,12.79,83.65,0,0,1,0,0
TXN-00001791,7.09,6,electronics,65,1004,2,10.0,5.8,55.47,1,0,0,0,0
TXN-00001792,40.11,5,grocery,61,694,2,45.83,32.9,46.6,0,0,1,0,0
TXN-00001793,53.92,23,online_shopping,45,267,0,76.32,1.49,90.65,1,0,0,0,0
TXN-00001794,29.49,23,jewelry,30,1503,1,21.22,18.47,86.78,0,1,0,0,0
TXN-00001795,5.78,15,grocery,55,1137,3,25.66,4.09,85.42,0,0,1,0,0
TXN-00001796,28.73,11,restaurant,52,626,3,55.77,4.01,91.43,2,0,1,0,0
TXN-00001797,28.68,3,grocery,65,509,5,17.56,4.85,84.19,0,0,0,0,0
TXN-00001798,34.62,22,online_shopping,50,544,4,40.62,5.71,73.99,0,0,1,0,0
TXN-00001799,22.38,0,electronics,20,978,1,18.4,2.29,75.34,0,0,1,0,0
TXN-00001800,25.4,3,electronics,29,2393,1,43.49,10.35,82.28,0,1,1,0,0
TXN-00001801,38.8,16,restaurant,40,868,1,25.59,0.97,84.94,1,0,1,0,0
TXN-00001802,64.37,4,fuel,46,362,2,10.0,3.8,76.61,0,0,0,1,1
TXN-00001803,29.38,2,fuel,38,576,4,15.14,1.63,77.57,0,0,1,0,0
TXN-00001804,26.31,14,gaming,68,1039,2,28.2,0.05,95.92,0,0,1,0,0
TXN-00001805,44.57,0,online_shopping,34,635,6,100.84,4.5,80.09,0,0,0,0,1
TXN-00001806,5.38,6,restaurant,57,459,1,25.57,21.57,97.44,0,0,1,0,0
TXN-00001807,66.75,15,pharmacy,38,883,2,18.81,11.41,69.97,0,0,0,0,0
TXN-00001808,40.42,4,grocery,75,575,2,36.68,26.78,79.77,1,0,1,0,0
TXN-00001809,42.17,18,restaurant,71,1070,2,10.0,21.43,96.22,0,0,0,0,0
TXN-00001810,110.92,2,restaurant,63,1085,1,68.63,7.04,70.27,1,0,1,1,1
TXN-00001811,5.2,14,fuel,62,1256,2,44.73,10.52,79.74,3,0,0,0,0
TXN-00001812,5.09,1,fuel,55,1366,5,21.58,41.12,63.12,1,0,1,0,0
TXN-00001813,53.92,17,grocery,52,616,4,47.94,32.12,81.24,0,0,1,0,0
TXN-00001814,40.15,18,jewelry,50,1489,1,36.45,15.7,88.17,1,0,1,0,0
TXN-00001815,48.36,19,restaurant,19,789,3,27.48,18.07,80.4,0,0,1,0,0
TXN-00001816,24.9,6,fuel,72,307,3,42.75,13.07,80.02,2,0,1,0,0
TXN-00001817,81.25,5,gaming,74,1404,1,28.31,1.87,85.47,0,0,0,0,0
TXN-00001818,107.69,23,grocery,48,1855,2,33.45,7.78,75.18,2,0,0,0,1
TXN-00001819,67.23,17,online_shopping,68,856,0,43.0,15.41,57.82,1,0,1,0,0
TXN-00001820,30.76,4,restaurant,41,1530,1,23.45,48.69,77.62,0,0,0,0,0
TXN-00001821,5.0,0,grocery,24,890,2,27.6,40.5,75.18,0,0,1,0,0
TXN-00001822,90.71,8,gaming,66,700,2,14.02,20.05,72.74,0,1,1,0,1
TXN-00001823,145.88,15,restaurant,47,898,3,12.99,6.96,77.49,0,0,0,0,1
TXN-00001824,79.58,8,online_shopping,72,947,2,10.0,27.83,93.39,0,0,1,0,0
TXN-00001825,16.06,19,fuel,30,1041,2,37.97,4.79,64.07,2,0,1,0,0
TXN-00001826,82.06,12,online_shopping,45,810,3,24.43,22.6,91.85,0,1,0,0,1
TXN-00001827,99.84,23,electronics,56,1374,2,13.94,21.66,96.89,2,0,1,0,0
TXN-00001828,207.84,20,electronics,25,1223,2,23.34,12.84,82.09,0,0,1,1,1
TXN-00001829,16.12,11,online_shopping,75,544,2,15.04,2.54,87.86,1,0,0,0,1
TXN-00001830,31.89,20,grocery,53,728,3,33.76,31.5,94.85,0,0,0,0,0
TXN-00001831,88.64,10,cash_withdrawal,27,1337,2,56.89,16.52,70.52,1,0,0,0,0
TXN-00001832,42.96,0,grocery,60,880,3,71.01,5.18,73.94,2,0,1,0,0
TXN-00001833,12.51,7,restaurant,68,637,2,27.1,16.97,84.81,1,0,1,0,0
TXN-00001834,62.51,9,online_shopping,39,864,0,26.71,4.54,86.91,0,1,0,0,0
TXN-00001835,74.26,23,electronics,53,409,4,10.0,10.81,92.84,0,0,0,1,1
TXN-00001836,44.36,19,gaming,61,1730,1,11.59,8.95,92.79,0,0,1,0,0
TXN-00001837,50.94,3,electronics,26,964,1,71.38,14.69,73.34,1,0,1,0,0
TXN-00001838,30.83,0,grocery,48,693,2,33.55,17.06,47.51,1,0,1,0,0
TXN-00001839,190.98,12,online_shopping,50,398,2,62.2,1.88,85.29,0,0,0,0,0
TXN-00001840,15.71,12,grocery,35,2149,5,10.0,1.7,73.9,1,0,1,0,0
TXN-00001841,21.83,17,electronics,35,377,4,28.52,3.66,90.8,1,0,0,0,0
TXN-00001842,40.92,6,electronics,54,1160,2,10.0,15.62,61.43,2,0,0,0,0
TXN-00001843,101.79,19,cash_withdrawal,61,812,2,10.0,9.51,76.48,1,0,1,0,0
TXN-00001844,8.4,9,grocery,40,864,0,16.75,7.63,87.46,1,0,0,1,0
TXN-00001845,10.22,8,grocery,26,917,4,97.99,13.97,91.08,2,0,1,1,0
TXN-00001846,5.0,10,electronics,63,710,3,17.74,10.43,94.47,3,0,1,0,0
TXN-00001847,41.86,22,online_shopping,28,951,2,67.58,17.42,80.77,0,0,1,0,0
TXN-00001848,12.5,9,grocery,18,1024,3,25.34,2.0,70.49,1,0,1,0,0
TXN-00001849,27.01,13,restaurant,36,1294,4,66.68,3.65,67.45,2,0,1,0,0
TXN-00001850,81.0,21,gaming,65,1225,0,46.66,4.68,81.28,0,0,1,0,0
TXN-00001851,20.62,0,online_shopping,61,549,4,70.58,3.26,83.05,0,0,1,0,0
TXN-00001852,51.57,12,electronics,35,609,4,21.99,4.45,92.66,0,0,1,1,0
TXN-00001853,29.54,17,fuel,48,1492,3,35.64,24.48,91.59,0,0,1,0,0
TXN-00001854,81.92,21,restaurant,73,757,3,32.39,16.07,91.54,0,0,1,0,0
TXN-00001855,66.61,1,pharmacy,59,1126,2,156.15,21.24,80.17,1,0,1,0,0
TXN-00001856,19.56,17,grocery,62,1646,2,53.74,16.9,79.02,0,0,1,0,0
TXN-00001857,33.88,19,pharmacy,23,979,2,27.29,8.54,87.31,2,0,0,0,0
TXN-00001858,121.02,8,restaurant,31,536,2,112.35,5.4,90.05,0,0,0,0,0
TXN-00001859,61.13,17,fuel,24,541,0,118.57,28.85,85.42,1,0,0,0,0
TXN-00001860,9.33,11,fuel,74,810,2,19.73,14.79,79.86,1,0,0,0,0
TXN-00001861,80.51,15,travel,37,812,5,35.93,8.12,96.42,1,0,0,0,0
TXN-00001862,12.95,9,restaurant,46,491,1,23.39,8.95,63.33,1,0,1,0,0
TXN-00001863,178.24,4,online_shopping,49,591,5,10.77,1.3,88.12,3,0,1,0,0
TXN-00001864,118.55,19,online_shopping,48,1233,3,33.76,81.58,65.97,0,0,0,0,1
TXN-00001865,54.84,5,fuel,21,1505,2,10.0,1.31,67.95,2,0,1,0,0
TXN-00001866,47.71,4,fuel,70,769,0,31.58,45.62,65.84,0,1,1,0,0
TXN-00001867,32.48,21,grocery,40,130,0,28.97,10.24,74.35,2,0,0,0,0
TXN-00001868,82.47,22,grocery,71,1183,2,28.75,2.66,87.24,0,0,1,0,0
TXN-00001869,27.4,14,grocery,62,342,0,26.09,15.1,89.46,0,0,0,0,0
TXN-00001870,51.8,13,online_shopping,58,424,3,22.64,3.59,54.68,0,0,0,0,0
TXN-00001871,101.04,8,grocery,58,855,5,10.0,42.11,86.82,2,0,0,0,0
TXN-00001872,22.42,14,fuel,74,1688,4,12.06,10.1,58.65,0,0,1,0,0
TXN-00001873,21.18,14,grocery,35,1325,1,28.87,3.8,85.87,0,0,1,1,0
TXN-00001874,11.54,12,restaurant,37,1258,2,29.01,16.66,75.84,0,0,0,0,0
TXN-00001875,13.23,15,travel,56,859,4,52.41,3.52,94.1,0,0,0,1,0
TXN-00001876,5.93,13,cash_withdrawal,31,467,4,22.0,28.47,59.51,2,0,1,0,0
TXN-00001877,87.04,21,online_shopping,64,1566,2,14.91,12.51,97.05,1,0,1,0,0
TXN-00001878,270.25,16,electronics,19,476,3,24.48,0.9,89.16,1,0,1,0,0
TXN-00001879,180.66,9,restaurant,70,1111,3,10.0,36.41,89.21,1,1,1,0,0
TXN-00001880,7.33,15,pharmacy,38,1012,0,33.61,5.65,37.84,1,1,1,0,0
TXN-00001881,86.58,5,online_shopping,18,442,1,43.47,17.12,80.33,1,0,0,0,0
TXN-00001882,180.05,5,electronics,52,335,4,70.69,0.6,70.86,0,0,0,0,0
TXN-00001883,25.04,19,electronics,33,1256,3,35.85,17.47,63.35,0,0,0,0,0
TXN-00001884,44.99,13,gaming,35,940,1,14.39,7.24,85.04,0,0,0,0,0
TXN-00001885,5.0,1,fuel,45,1561,1,19.1,4.46,73.52,0,1,1,0,0
TXN-00001886,53.52,8,electronics,51,1085,3,26.58,2.86,94.94,1,1,1,0,1
TXN-00001887,13.24,23,gaming,25,1019,2,18.96,55.09,93.41,0,0,0,0,0
TXN-00001888,49.88,15,electronics,20,271,0,13.97,15.02,80.26,0,1,1,1,0
TXN-00001889,7.85,20,online_shopping,44,1004,2,20.18,14.65,87.37,0,0,1,0,0
TXN-00001890,71.52,13,restaurant,38,889,3,56.19,3.46,71.47,0,0,1,0,0
TXN-00001891,118.6,1,grocery,51,1093,4,38.16,6.55,62.31,0,0,0,0,0
TXN-00001892,17.77,4,restaurant,61,889,2,52.13,9.71,85.22,1,0,1,0,1
TXN-00001893,12.26,2,restaurant,53,877,4,17.94,2.61,73.11,4,0,1,0,1
TXN-00001894,5.0,17,online_shopping,24,849,2,73.03,8.73,88.33,1,0,0,0,0
TXN-00001895,30.58,18,restaurant,75,655,1,37.51,4.05,76.55,0,0,1,0,0
TXN-00001896,21.96,10,electronics,59,1248,2,38.91,3.64,58.44,1,0,1,0,0
TXN-00001897,7.94,17,online_shopping,20,2931,0,28.86,25.92,82.75,0,0,1,0,0
TXN-00001898,65.08,13,restaurant,62,459,4,10.0,4.27,75.01,1,0,1,0,0
TXN-00001899,25.22,17,online_shopping,69,557,5,73.34,0.8,83.39,0,0,1,0,0
TXN-00001900,13.07,16,pharmacy,50,1246,1,36.5,14.15,98.93,2,0,1,0,0
TXN-00001901,22.59,10,cash_withdrawal,66,797,1,15.43,10.95,86.83,1,0,1,0,0
TXN-00001902,124.57,15,grocery,69,717,2,115.03,2.47,76.56,0,0,1,0,0
TXN-00001903,76.18,7,fuel,73,336,3,30.29,3.4,80.02,0,0,1,0,0
TXN-00001904,35.29,17,grocery,73,576,1,23.5,5.21,95.41,1,1,1,0,0
TXN-00001905,77.48,21,travel,29,525,1,15.87,0.82,64.92,3,0,1,0,0
TXN-00001906,11.95,4,grocery,20,347,4,19.87,1.26,72.18,0,0,0,0,0
TXN-00001907,41.85,16,cash_withdrawal,55,1460,5,10.52,16.32,86.17,0,0,1,0,0
TXN-00001908,47.21,2,travel,57,980,0,22.39,25.07,50.11,2,0,0,0,0
TXN-00001909,24.7,9,grocery,50,2788,3,27.56,1.09,93.21,0,0,1,0,0
TXN-00001910,63.89,16,restaurant,31,1034,2,42.91,13.81,82.36,2,0,1,1,0
TXN-00001911,17.82,6,jewelry,73,481,1,10.0,18.19,62.71,2,0,0,0,0
TXN-00001912,69.08,5,travel,41,1083,3,17.74,10.95,90.07,1,0,0,0,0
TXN-00001913,72.2,9,cash_withdrawal,61,1198,2,13.41,20.37,74.26,1,0,1,0,0
TXN-00001914,5.0,2,electronics,54,684,0,53.89,13.63,92.56,0,0,0,0,0
TXN-00001915,141.15,15,grocery,69,1180,2,46.39,12.25,76.99,0,0,0,0,0
TXN-00001916,5.0,3,restaurant,59,1165,4,10.0,12.19,60.71,0,0,0,0,0
TXN-00001917,21.18,7,online_shopping,54,596,1,25.02,1.7,69.34,0,1,1,1,0
TXN-00001918,118.7,7,grocery,66,1289,4,74.36,29.97,68.63,1,1,1,0,1
TXN-00001919,28.99,23,online_shopping,21,1060,3,48.35,11.27,64.44,0,0,1,0,1
TXN-00001920,8.68,23,cash_withdrawal,58,934,0,23.9,8.32,65.87,0,1,1,0,0
TXN-00001921,12.83,1,restaurant,52,982,2,39.53,2.28,81.4,1,0,1,0,0
TXN-00001922,118.9,3,electronics,63,478,3,50.27,2.96,89.14,0,0,0,0,0
TXN-00001923,5.38,17,electronics,31,1761,1,94.22,29.67,70.92,0,0,0,0,0
TXN-00001924,132.35,7,restaurant,52,791,0,22.59,27.46,80.66,2,0,1,0,0
TXN-00001925,38.17,15,grocery,34,750,1,72.57,11.27,79.01,0,0,1,0,0
TXN-00001926,11.57,22,restaurant,24,1103,6,20.95,31.97,79.12,0,1,1,0,0
TXN-00001927,21.93,3,gaming,51,2581,1,20.3,11.06,79.78,1,1,1,0,0
TXN-00001928,13.9,23,cash_withdrawal,19,1315,3,26.59,32.19,77.66,0,0,1,0,0
TXN-00001929,100.44,1,grocery,23,798,2,33.24,20.44,56.05,0,0,0,0,0
TXN-00001930,87.27,5,fuel,48,1097,3,48.92,6.31,89.69,0,0,0,1,0
TXN-00001931,6.65,12,travel,70,1093,2,28.14,46.29,72.21,0,0,0,1,0
TXN-00001932,26.48,21,jewelry,59,930,0,21.52,17.0,86.69,0,0,0,0,0
TXN-00001933,16.34,13,electronics,18,490,2,17.16,18.22,74.08,0,1,1,0,0
TXN-00001934,157.3,3,pharmacy,24,1335,0,44.06,14.2,70.25,0,0,1,0,1
TXN-00001935,9.8,5,fuel,43,77,1,30.73,23.17,77.88,0,0,1,0,0
TXN-00001936,217.99,18,grocery,42,724,4,36.3,7.23,96.94,0,0,0,0,0
TXN-00001937,39.06,13,online_shopping,20,623,1,38.73,3.06,84.6,0,0,1,0,0
TXN-00001938,11.94,0,electronics,32,764,1,74.18,11.53,78.71,3,0,1,0,0
TXN-00001939,19.86,12,fuel,25,1510,1,62.02,53.15,79.7,2,0,1,1,0
TXN-00001940,17.43,9,grocery,50,716,2,48.74,8.02,50.31,1,0,0,0,0
TXN-00001941,10.61,0,grocery,56,882,1,27.15,14.18,76.42,0,0,1,0,0
TXN-00001942,44.68,5,travel,40,2259,6,13.05,18.42,72.02,0,1,1,0,0
TXN-00001943,11.14,22,grocery,51,740,2,21.93,19.33,83.02,0,0,0,0,0
TXN-00001944,5.0,16,fuel,29,866,6,28.24,18.97,73.71,1,0,0,0,1
TXN-00001945,27.15,1,online_shopping,67,923,2,19.22,8.57,73.9,0,0,1,0,0
TXN-00001946,6.09,0,travel,18,737,2,43.26,0.62,63.07,0,0,1,0,0
TXN-00001947,18.36,8,cash_withdrawal,47,860,1,31.3,8.26,42.27,1,0,1,1,0
TXN-00001948,15.57,11,restaurant,36,979,3,16.71,3.2,54.2,1,0,1,0,0
TXN-00001949,16.2,10,gaming,44,719,2,72.53,3.69,79.61,0,0,0,0,0
TXN-00001950,330.63,16,pharmacy,47,326,2,39.93,19.9,92.69,0,0,1,0,0
TXN-00001951,42.92,4,grocery,55,412,3,32.0,7.39,27.44,0,0,1,0,0
TXN-00001952,52.33,1,grocery,71,906,2,60.78,29.09,69.87,0,0,1,0,0
TXN-00001953,6.26,16,online_shopping,50,1885,2,17.96,17.91,71.16,1,1,1,0,0
TXN-00001954,20.36,21,travel,31,790,2,19.99,33.79,95.95,0,0,0,0,0
TXN-00001955,50.71,4,electronics,48,1050,1,23.73,22.72,67.97,0,1,1,0,1
TXN-00001956,13.79,8,restaurant,47,1565,1,42.13,10.75,74.83,1,0,1,0,0
TXN-00001957,104.95,15,grocery,68,1172,3,37.13,7.98,81.6,0,1,0,0,0
TXN-00001958,11.44,3,travel,50,919,3,228.88,6.78,76.05,2,1,1,0,0
TXN-00001959,29.94,20,restaurant,68,868,1,15.96,6.64,84.49,1,0,0,0,0
TXN-00001960,21.86,5,grocery,55,645,4,31.7,18.78,87.26,0,0,1,0,0
TXN-00001961,48.06,12,electronics,51,1317,3,25.21,21.78,64.72,0,0,0,0,0
TXN-00001962,20.65,8,fuel,37,1519,2,39.95,32.47,78.04,0,0,1,0,0
TXN-00001963,30.43,16,electronics,32,98,4,52.67,4.5,97.61,2,0,1,0,0
TXN-00001964,31.57,4,restaurant,23,1322,4,34.87,0.37,83.28,2,0,0,0,0
TXN-00001965,18.71,2,fuel,49,1207,1,38.08,46.07,85.97,0,0,1,0,0
TXN-00001966,67.31,12,online_shopping,71,763,4,23.72,11.48,98.98,0,0,0,1,1
TXN-00001967,51.95,20,travel,18,646,3,86.68,22.4,82.29,2,0,1,0,0
TXN-00001968,36.85,15,fuel,73,1131,2,22.05,11.42,85.9,1,1,1,0,0
TXN-00001969,25.74,18,fuel,67,410,3,10.0,10.66,94.59,0,0,1,0,1
TXN-00001970,93.35,10,gaming,43,776,1,20.31,14.95,67.61,0,0,0,0,0
TXN-00001971,31.58,3,grocery,36,1048,1,141.0,52.01,87.02,0,0,0,0,1
TXN-00001972,29.31,10,electronics,51,1669,1,13.89,29.9,79.87,0,0,1,0,0
TXN-00001973,45.15,23,fuel,67,1986,3,40.98,13.05,80.23,2,0,0,0,0
TXN-00001974,240.19,18,fuel,19,518,3,17.83,21.45,66.58,0,0,0,0,0
TXN-00001975,9.9,16,online_shopping,44,1091,5,40.55,52.95,90.3,0,0,1,0,0
TXN-00001976,90.77,7,pharmacy,20,921,0,61.5,3.31,79.44,0,0,0,0,0
TXN-00001977,5.54,14,online_shopping,55,1239,2,22.25,13.02,54.53,0,0,0,0,0
TXN-00001978,50.81,14,cash_withdrawal,22,850,3,68.85,16.17,94.37,0,0,1,0,0
TXN-00001979,211.42,15,travel,36,1273,4,60.58,2.32,98.51,0,0,1,0,0
TXN-00001980,67.57,21,online_shopping,60,1037,3,36.87,22.2,83.57,1,0,1,0,0
TXN-00001981,48.38,16,online_shopping,61,684,3,28.59,0.16,65.26,2,1,1,0,0
TXN-00001982,22.46,5,grocery,31,1279,2,25.92,13.23,69.2,0,0,0,0,0
TXN-00001983,41.79,5,travel,47,861,1,17.65,1.91,60.74,1,0,0,0,0
TXN-00001984,31.04,14,pharmacy,28,955,0,14.43,0.86,85.05,0,0,1,0,0
TXN-00001985,17.72,20,grocery,52,570,0,43.81,2.59,78.19,0,0,0,0,0
TXN-00001986,29.83,22,gaming,18,805,4,37.48,10.36,62.87,1,0,1,0,1
TXN-00001987,49.81,14,electronics,65,1653,3,39.26,56.95,71.43,4,0,1,1,1
TXN-00001988,18.07,12,travel,19,696,1,57.75,14.67,84.04,0,0,1,0,0
TXN-00001989,17.35,19,fuel,53,1991,2,29.51,3.25,67.51,0,0,1,1,0
TXN-00001990,9.7,23,travel,41,973,0,71.44,74.83,85.74,0,0,1,0,0
TXN-00001991,60.96,0,online_shopping,30,1064,6,10.39,17.91,74.28,1,0,1,0,1
TXN-00001992,71.71,7,grocery,49,629,1,96.34,9.46,93.49,0,1,0,0,0
TXN-00001993,51.59,8,fuel,26,1319,4,29.36,5.19,79.12,0,0,1,0,0
TXN-00001994,111.43,13,travel,51,394,2,18.95,16.38,80.08,0,0,0,0,0
TXN-00001995,44.36,7,restaurant,55,816,3,27.85,11.93,78.34,0,0,0,1,0
TXN-00001996,61.05,7,online_shopping,44,631,3,83.78,0.46,87.36,0,0,0,0,0
TXN-00001997,55.65,0,online_shopping,38,437,3,19.5,38.21,80.57,2,0,1,0,0
TXN-00001998,36.74,0,grocery,44,1238,1,31.95,6.21,96.0,0,0,1,0,0
TXN-00001999,23.16,10,grocery,73,834,2,15.29,10.0,52.74,1,0,1,0,0
TXN-00002000,413.58,23,grocery,61,954,3,38.91,9.51,68.45,0,0,1,1,0
TXN-00002001,25.16,7,grocery,18,647,4,67.64,13.34,80.4,1,0,1,0,0
TXN-00002002,20.1,5,restaurant,34,1367,2,36.11,10.15,76.62,1,0,1,0,0
TXN-00002003,63.8,6,fuel,19,1033,3,23.68,8.64,94.3,0,0,1,0,0
TXN-00002004,52.69,23,restaurant,31,1801,0,22.97,7.84,68.97,0,1,1,0,0
TXN-00002005,9.25,15,restaurant,63,667,4,32.24,1.96,85.72,0,0,0,0,0
TXN-00002006,131.47,15,cash_withdrawal,67,665,5,42.78,39.96,53.36,0,1,0,0,0
TXN-00002007,36.64,4,cash_withdrawal,44,1180,0,52.73,40.38,61.75,0,0,1,0,0
TXN-00002008,12.6,21,jewelry,57,1891,3,15.23,14.17,83.1,0,0,0,1,0
TXN-00002009,140.92,4,online_shopping,39,717,2,21.87,68.61,83.91,0,0,1,0,0
TXN-00002010,78.02,23,online_shopping,45,235,3,76.81,2.44,78.16,0,0,1,0,0
TXN-00002011,10.72,22,pharmacy,66,474,1,41.42,1.46,86.45,1,0,0,0,0
TXN-00002012,261.4,13,online_shopping,33,1653,2,32.98,15.95,67.03,3,0,0,0,0
TXN-00002013,80.78,20,travel,36,799,1,49.86,32.16,65.28,0,0,1,0,0
TXN-00002014,40.02,23,gaming,25,2087,1,10.0,26.77,84.9,0,1,1,0,0
TXN-00002015,214.8,13,cash_withdrawal,30,516,8,46.41,23.22,84.35,0,0,0,0,0
TXN-00002016,47.81,18,fuel,20,1184,2,154.67,15.76,69.17,0,0,0,0,0
TXN-00002017,39.27,14,online_shopping,65,1196,1,31.47,10.96,93.21,0,0,0,0,0
TXN-00002018,20.22,12,online_shopping,67,410,3,35.93,8.73,73.19,1,0,1,1,0
TXN-00002019,74.51,8,fuel,42,416,3,24.24,37.5,77.09,3,0,1,0,1
TXN-00002020,66.72,15,travel,52,814,4,16.11,7.15,84.59,1,1,1,1,1
TXN-00002021,41.08,6,cash_withdrawal,32,1236,2,21.69,7.19,89.55,0,0,1,0,0
TXN-00002022,17.65,4,gaming,20,1110,1,53.67,5.64,72.91,0,0,0,0,0
TXN-00002023,46.36,6,online_shopping,47,850,4,43.3,33.79,92.59,0,0,1,0,0
TXN-00002024,37.59,0,electronics,27,834,3,17.01,45.63,80.83,0,0,0,0,0
TXN-00002025,9.97,22,grocery,67,280,2,19.87,0.46,85.07,1,0,1,1,0
TXN-00002026,8.62,6,restaurant,34,582,2,20.12,1.72,80.28,1,1,0,0,0
TXN-00002027,73.22,19,online_shopping,60,368,3,33.38,2.28,69.9,0,0,1,0,0
TXN-00002028,5.0,10,grocery,33,1098,2,26.34,0.51,92.62,0,0,1,0,0
TXN-00002029,50.18,8,grocery,25,476,3,28.64,13.7,73.43,0,1,0,0,0
TXN-00002030,24.48,5,travel,49,1640,6,14.91,43.12,72.21,0,0,0,1,0
TXN-00002031,159.76,19,online_shopping,28,953,2,86.08,25.85,65.5,1,0,1,0,0
TXN-00002032,24.09,12,gaming,41,572,6,36.41,20.4,94.33,1,0,0,0,0
TXN-00002033,80.84,10,fuel,35,1512,2,21.33,21.6,89.25,0,0,1,0,0
TXN-00002034,26.66,15,online_shopping,69,2995,5,17.86,23.34,92.62,0,1,0,0,0
TXN-00002035,45.58,19,online_shopping,47,449,5,23.34,0.34,73.92,0,0,0,0,0
TXN-00002036,87.68,15,electronics,59,455,4,64.15,5.43,94.45,1,0,0,1,1
TXN-00002037,24.89,11,pharmacy,52,561,2,79.9,40.57,66.94,0,0,1,0,0
TXN-00002038,115.17,21,grocery,70,1517,1,19.85,18.28,75.53,2,0,1,0,1
TXN-00002039,14.25,21,grocery,43,2096,2,22.54,11.82,69.63,0,1,1,0,1
TXN-00002040,55.11,23,fuel,68,368,2,10.11,3.73,68.03,1,0,1,0,0
TXN-00002041,106.57,2,online_shopping,70,3237,3,10.52,11.64,58.66,0,0,1,0,1
TXN-00002042,80.89,21,grocery,71,1256,5,32.68,8.83,61.82,1,0,1,0,0
TXN-00002043,302.56,4,electronics,58,731,4,24.43,1.5,84.27,1,0,0,0,0
TXN-00002044,18.14,14,online_shopping,74,1200,2,23.72,56.33,86.3,1,0,1,0,0
TXN-00002045,9.51,15,gaming,61,1532,2,21.71,3.96,95.6,0,0,0,0,0
TXN-00002046,14.24,4,grocery,36,579,1,36.92,13.73,85.2,0,0,1,0,0
TXN-00002047,80.92,0,restaurant,27,1536,2,32.6,30.18,92.69,0,0,1,0,0
TXN-00002048,68.23,22,electronics,30,920,2,58.95,69.07,45.06,0,0,0,0,0
TXN-00002049,45.03,21,grocery,51,364,2,162.54,6.92,82.15,0,0,1,0,0
TXN-00002050,12.44,4,pharmacy,27,1249,2,14.94,27.4,93.86,0,0,1,0,0
TXN-00002051,90.49,14,cash_withdrawal,31,1842,1,13.42,6.72,78.13,0,0,0,0,0
TXN-00002052,11.18,3,fuel,54,1136,3,85.65,3.55,92.13,0,0,1,0,0
TXN-00002053,136.58,13,restaurant,37,506,0,28.86,52.25,93.38,0,0,1,0,0
TXN-00002054,812.66,7,electronics,57,1145,1,50.64,0.91,89.81,1,0,0,0,0
TXN-00002055,59.43,18,electronics,75,1050,3,14.45,0.37,63.08,0,0,1,0,0
TXN-00002056,74.61,13,restaurant,23,1196,2,15.05,22.65,72.68,0,0,0,1,0
TXN-00002057,24.11,11,restaurant,55,350,6,52.66,2.33,75.2,0,0,0,0,0
TXN-00002058,6.05,16,electronics,65,378,1,13.29,18.69,62.58,1,0,1,0,0
TXN-00002059,21.48,11,grocery,26,687,2,76.21,15.23,84.81,0,0,0,0,0
TXN-00002060,12.84,0,restaurant,63,1393,2,51.87,8.09,93.3,0,0,1,0,0
TXN-00002061,8.85,14,grocery,47,1289,1,19.18,10.73,66.87,1,0,1,0,0
TXN-00002062,246.78,18,fuel,54,1472,2,82.5,11.91,91.2,0,0,1,0,0
TXN-00002063,53.87,11,online_shopping,20,1207,0,42.69,5.05,92.51,2,0,0,0,0
TXN-00002064,60.26,4,grocery,43,1345,4,26.31,6.13,92.21,1,0,1,0,0
TXN-00002065,29.24,0,travel,39,1047,4,31.88,1.19,72.79,1,0,1,0,0
TXN-00002066,33.73,7,jewelry,26,853,3,10.0,6.4,62.02,0,0,0,0,0
TXN-00002067,111.36,18,travel,62,1268,3,12.59,0.5,78.87,0,0,0,0,0
TXN-00002068,39.1,7,fuel,47,478,1,49.61,26.19,86.52,2,0,1,0,0
TXN-00002069,70.61,22,grocery,68,551,1,34.6,23.25,85.36,0,0,1,0,0
TXN-00002070,32.92,7,online_shopping,27,449,6,77.69,1.97,82.13,0,0,1,0,0
TXN-00002071,28.24,10,restaurant,60,1009,0,38.81,22.44,88.18,0,0,1,0,0
TXN-00002072,9.23,18,fuel,53,482,1,13.77,42.11,59.3,1,0,1,0,0
TXN-00002073,5.07,14,restaurant,55,220,1,15.32,17.96,75.95,0,0,0,0,0
TXN-00002074,30.73,0,online_shopping,35,407,2,17.62,7.44,71.64,1,0,0,0,0
TXN-00002075,42.92,1,fuel,58,1844,1,20.52,8.44,85.47,0,0,1,0,1
TXN-00002076,10.48,4,restaurant,32,1014,3,33.16,10.15,69.63,0,0,0,0,0
TXN-00002077,39.01,20,online_shopping,62,1511,1,64.93,23.98,47.84,1,0,1,0,0
TXN-00002078,42.8,0,grocery,43,372,4,45.08,1.11,84.19,0,0,1,0,0
TXN-00002079,5.0,1,pharmacy,45,1179,2,68.09,28.94,97.18,1,0,1,0,0
TXN-00002080,15.47,18,electronics,51,456,3,39.0,36.92,82.56,0,1,0,0,0
TXN-00002081,62.03,14,pharmacy,22,1162,3,22.82,10.97,73.73,0,0,1,0,0
TXN-00002082,60.73,23,online_shopping,39,196,2,12.17,10.58,74.55,0,0,1,0,1
TXN-00002083,12.04,5,grocery,29,1471,5,45.16,1.37,82.08,0,0,1,0,0
TXN-00002084,47.77,15,grocery,73,1253,2,28.18,27.74,49.81,1,0,1,0,0
TXN-00002085,118.34,3,electronics,42,958,1,50.16,15.11,93.81,1,0,0,0,1
TXN-00002086,91.46,14,gaming,18,1795,1,20.24,0.23,84.16,0,0,1,0,0
TXN-00002087,36.6,2,grocery,19,1392,1,86.66,6.41,67.7,0,0,1,0,0
TXN-00002088,24.75,21,restaurant,70,609,2,86.91,7.1,73.53,0,0,1,0,0
TXN-00002089,20.89,9,grocery,27,468,4,17.0,9.53,75.49,2,0,0,0,0
TXN-00002090,66.1,6,cash_withdrawal,18,2678,3,37.11,11.86,35.03,2,0,0,0,1
TXN-00002091,49.64,23,jewelry,30,631,4,10.8,6.53,90.38,1,0,0,0,1
TXN-00002092,78.33,1,restaurant,30,871,2,17.58,9.89,85.02,1,0,0,0,0
TXN-00002093,46.45,19,restaurant,22,536,2,16.98,8.19,61.26,1,0,1,0,0
TXN-00002094,95.56,12,cash_withdrawal,75,1354,0,20.24,13.16,88.55,0,0,1,0,0
TXN-00002095,44.67,16,online_shopping,21,567,6,25.1,3.47,85.28,1,0,0,0,0
TXN-00002096,92.2,6,pharmacy,60,936,0,18.08,21.04,82.05,1,0,1,0,0
TXN-00002097,100.92,21,restaurant,66,1140,3,33.11,7.75,83.53,0,0,1,0,0
TXN-00002098,17.38,10,restaurant,55,660,1,11.08,16.21,88.79,0,0,1,0,0
TXN-00002099,6.06,10,online_shopping,25,1132,4,57.13,16.78,81.87,1,0,1,0,0
TXN-00002100,204.52,10,pharmacy,60,2009,1,15.02,13.78,88.56,1,0,1,0,0
TXN-00002101,52.96,7,grocery,37,1045,1,27.06,33.94,87.95,0,0,0,1,0
TXN-00002102,6.68,7,electronics,41,1299,0,22.73,2.75,72.04,1,0,1,0,0
TXN-00002103,19.12,3,jewelry,32,758,1,58.48,22.46,50.95,1,0,1,0,0
TXN-00002104,90.96,11,cash_withdrawal,63,724,1,24.21,20.55,89.23,1,0,1,0,0
TXN-00002105,30.15,11,cash_withdrawal,51,454,1,77.32,29.11,93.42,0,0,1,0,0
TXN-00002106,23.63,9,restaurant,26,998,4,37.82,13.14,77.23,1,0,1,1,1
TXN-00002107,176.08,23,restaurant,41,1521,1,16.31,6.14,74.34,1,0,1,0,0
TXN-00002108,13.47,2,grocery,64,1264,5,26.09,0.02,81.25,0,0,1,0,0
TXN-00002109,17.5,21,gaming,72,721,1,29.12,2.05,86.48,0,0,1,1,0
TXN-00002110,50.5,20,grocery,72,797,5,48.3,8.83,94.68,0,1,1,0,0
TXN-00002111,60.95,0,online_shopping,25,2023,3,33.43,4.51,92.02,1,0,0,0,0
TXN-00002112,68.11,16,grocery,67,1189,0,25.94,2.49,97.1,0,1,0,0,1
TXN-00002113,105.3,5,cash_withdrawal,50,1371,1,18.23,1.29,80.54,1,0,1,0,1
TXN-00002114,49.82,0,travel,60,1455,1,40.87,5.42,73.59,0,0,0,0,0
TXN-00002115,67.62,20,gaming,40,740,2,23.82,51.73,71.16,0,0,0,1,0
TXN-00002116,30.81,2,restaurant,55,693,2,18.75,2.9,86.54,0,0,0,0,0
TXN-00002117,43.2,7,pharmacy,32,732,2,15.35,37.46,86.48,0,0,1,1,0
TXN-00002118,45.28,2,pharmacy,48,684,5,58.36,3.35,72.53,1,0,0,0,0
TXN-00002119,50.7,3,electronics,31,1820,1,11.41,13.13,77.37,0,0,0,0,0
TXN-00002120,91.03,1,fuel,40,848,3,40.94,37.78,80.8,0,0,1,0,0
TXN-00002121,72.45,20,pharmacy,41,1690,4,30.38,20.53,98.7,0,0,1,0,0
TXN-00002122,42.37,1,electronics,68,863,1,21.0,4.99,77.87,1,0,0,0,0
TXN-00002123,17.3,18,electronics,54,891,8,18.8,28.19,56.45,0,0,1,0,0
TXN-00002124,43.43,3,fuel,55,302,0,30.32,7.46,75.84,0,0,0,1,0
TXN-00002125,39.27,21,grocery,34,710,4,21.13,11.09,93.96,0,0,0,0,1
TXN-00002126,49.54,20,online_shopping,43,1845,2,20.59,2.53,75.92,1,0,1,0,0
TXN-00002127,410.28,15,electronics,45,1810,3,57.17,1.08,93.21,0,0,1,0,0
TXN-00002128,23.34,19,cash_withdrawal,63,701,1,27.11,17.58,80.46,0,0,1,0,0
TXN-00002129,63.02,7,online_shopping,28,232,3,30.11,39.71,87.11,0,0,1,0,0
TXN-00002130,124.2,18,gaming,21,546,2,17.79,5.11,72.15,1,1,1,0,1
TXN-00002131,44.83,5,electronics,47,697,6,57.2,1.78,84.49,0,0,1,0,0
TXN-00002132,470.94,14,grocery,65,700,0,66.29,40.53,88.89,1,0,0,0,0
TXN-00002133,27.2,22,grocery,60,700,3,34.54,42.26,76.05,0,0,1,0,0
TXN-00002134,56.84,17,fuel,65,946,2,75.77,12.22,44.47,1,0,1,0,0
TXN-00002135,17.48,6,electronics,40,513,2,21.04,9.95,89.82,0,1,1,0,0
TXN-00002136,27.96,17,electronics,31,876,3,54.46,4.87,78.94,1,0,1,0,0
TXN-00002137,52.53,21,fuel,56,1078,3,23.42,5.56,77.38,0,0,0,0,0
TXN-00002138,98.36,21,grocery,20,729,2,21.9,0.66,71.06,0,0,1,0,0
TXN-00002139,56.55,17,jewelry,69,970,0,74.37,8.98,83.28,0,0,1,0,0
TXN-00002140,151.73,17,online_shopping,59,1996,1,23.67,13.5,47.27,0,0,1,1,0
TXN-00002141,36.61,18,grocery,47,1292,2,16.1,34.29,81.39,0,0,0,1,0
TXN-00002142,28.54,17,electronics,29,1200,0,10.0,1.87,65.07,1,0,1,0,0
TXN-00002143,691.72,3,fuel,32,762,2,30.12,3.43,81.77,3,0,0,0,1
TXN-00002144,61.19,19,fuel,75,683,1,15.38,31.06,62.52,0,0,0,0,0
TXN-00002145,19.0,4,electronics,18,902,6,108.15,27.09,77.99,0,0,1,0,0
TXN-00002146,19.51,13,cash_withdrawal,18,1187,3,92.86,25.34,81.52,2,0,0,0,0
TXN-00002147,15.03,8,fuel,38,1040,3,10.0,8.4,58.53,2,0,1,0,0
TXN-00002148,108.14,5,gaming,31,988,1,86.74,6.94,67.44,0,0,1,0,0
TXN-00002149,27.59,6,online_shopping,57,1396,6,18.03,9.52,80.67,0,0,0,0,0
TXN-00002150,46.23,2,cash_withdrawal,20,1152,2,67.62,36.58,58.45,3,0,0,1,1
TXN-00002151,37.84,10,electronics,63,1353,3,59.66,0.35,85.26,1,0,1,0,0
TXN-00002152,87.19,10,cash_withdrawal,63,567,3,71.65,29.69,75.16,3,1,1,1,1
TXN-00002153,16.63,9,fuel,31,466,1,96.5,15.24,61.11,0,0,1,0,0
TXN-00002154,13.07,2,restaurant,51,1911,0,14.12,10.52,72.8,1,1,1,0,0
TXN-00002155,51.19,14,grocery,56,222,1,15.18,0.04,82.16,0,0,1,0,0
TXN-00002156,76.02,4,online_shopping,67,499,3,50.72,23.03,87.51,0,0,0,0,0
TXN-00002157,57.35,20,fuel,60,758,2,32.23,1.53,95.14,0,0,0,0,0
TXN-00002158,17.29,0,grocery,73,1682,1,46.5,0.19,94.86,1,0,0,0,0
TXN-00002159,82.38,1,restaurant,24,457,2,23.87,18.28,85.21,1,0,0,1,1
TXN-00002160,18.52,7,pharmacy,53,312,1,53.27,7.92,70.96,0,1,1,0,0
TXN-00002161,23.39,9,fuel,62,585,3,12.91,6.93,77.41,1,0,1,0,0
TXN-00002162,15.01,23,electronics,31,712,4,107.16,13.03,84.81,0,0,0,0,0
TXN-00002163,158.57,12,cash_withdrawal,30,964,3,149.13,10.98,92.4,1,0,1,0,0
TXN-00002164,78.66,9,gaming,23,1212,0,10.0,1.58,59.31,1,0,1,1,0
TXN-00002165,76.34,20,jewelry,75,1418,3,82.79,15.01,72.89,1,0,1,0,0
TXN-00002166,149.84,5,grocery,68,401,2,10.0,12.47,93.56,0,0,1,0,0
TXN-00002167,775.32,21,online_shopping,25,208,2,43.74,29.75,76.58,0,0,1,0,0
TXN-00002168,6.72,9,online_shopping,32,947,1,16.11,7.86,92.87,1,0,1,0,0
TXN-00002169,18.63,7,online_shopping,44,452,1,40.4,12.43,99.06,2,1,0,0,1
TXN-00002170,21.18,7,grocery,69,672,2,13.3,11.03,96.4,1,0,1,0,0
TXN-00002171,16.55,0,travel,65,781,1,39.04,3.52,53.89,1,0,1,0,0
TXN-00002172,13.05,16,restaurant,68,698,3,26.53,5.1,66.99,1,1,1,0,0
TXN-00002173,29.53,13,electronics,66,289,1,25.21,2.03,70.38,0,0,1,0,0
TXN-00002174,11.27,15,restaurant,54,998,5,37.82,6.48,95.23,0,0,0,0,0
TXN-00002175,57.5,15,travel,34,2257,1,10.0,13.72,91.62,0,0,1,0,0
TXN-00002176,42.7,0,online_shopping,53,877,3,44.82,12.89,75.44,0,0,1,0,0
TXN-00002177,67.03,21,fuel,46,2439,2,24.44,10.1,88.56,0,0,1,0,0
TXN-00002178,68.93,12,restaurant,73,219,3,10.95,27.72,82.63,0,0,0,0,0
TXN-00002179,76.18,16,pharmacy,44,579,3,46.6,2.67,87.75,0,0,1,0,0
TXN-00002180,27.33,0,pharmacy,61,2072,2,20.0,42.44,54.63,0,0,0,0,0
TXN-00002181,375.1,18,restaurant,28,569,4,28.94,0.92,90.4,0,0,0,0,1
TXN-00002182,51.74,16,restaurant,57,1035,1,37.06,2.18,82.98,0,0,0,1,0
TXN-00002183,5.72,8,pharmacy,44,887,0,28.66,1.64,79.88,0,0,0,1,0
TXN-00002184,14.12,22,grocery,43,767,0,29.33,1.52,65.27,2,0,0,1,0
TXN-00002185,6.5,15,fuel,61,1427,0,43.94,3.77,83.06,2,1,1,0,0
TXN-00002186,41.19,21,fuel,46,904,3,25.05,1.73,72.05,1,0,0,0,0
TXN-00002187,35.59,19,fuel,21,1302,3,58.26,16.14,78.5,0,0,1,0,0
TXN-00002188,24.73,4,grocery,40,2099,1,63.15,3.12,29.84,0,0,0,0,1
TXN-00002189,334.11,23,restaurant,73,1449,1,20.48,49.16,85.67,1,0,1,0,0
TXN-00002190,71.98,17,restaurant,72,496,4,20.82,13.21,87.24,1,0,0,0,1
TXN-00002191,86.7,4,restaurant,53,2702,2,45.0,4.91,84.69,0,0,1,0,0
TXN-00002192,15.22,19,online_shopping,55,1192,3,88.98,2.05,87.57,0,1,1,0,0
TXN-00002193,14.17,10,grocery,33,807,1,61.14,0.02,84.71,1,0,0,0,0
TXN-00002194,42.04,20,grocery,63,447,5,16.71,22.7,71.82,1,0,1,0,0
TXN-00002195,48.5,4,travel,52,934,2,24.79,8.3,80.28,0,0,0,0,0
TXN-00002196,5.76,6,grocery,20,604,4,17.61,8.16,55.92,0,0,1,0,0
TXN-00002197,33.47,8,pharmacy,73,383,1,77.86,12.55,69.76,1,0,1,0,0
TXN-00002198,41.05,10,online_shopping,67,472,1,39.47,4.26,65.48,0,0,1,0,0
TXN-00002199,32.27,15,restaurant,22,344,4,15.62,17.18,73.33,0,1,0,0,0
TXN-00002200,17.22,5,online_shopping,42,254,0,22.55,6.66,84.38,0,0,0,0,0
TXN-00002201,22.95,16,cash_withdrawal,61,742,5,16.22,11.76,75.8,2,0,0,0,0
TXN-00002202,33.59,0,electronics,60,847,4,23.11,28.12,94.52,0,0,0,0,0
TXN-00002203,44.49,7,grocery,27,1110,4,43.3,17.01,88.62,0,0,1,0,0
TXN-00002204,76.33,15,grocery,20,2726,1,20.03,17.13,87.12,1,1,1,0,0
TXN-00002205,125.83,6,pharmacy,75,1174,1,31.83,4.97,69.54,0,0,1,0,0
TXN-00002206,29.69,10,grocery,69,676,4,36.65,2.76,68.26,0,0,1,0,0
TXN-00002207,25.05,14,electronics,60,725,1,10.0,17.71,93.79,0,0,1,0,0
TXN-00002208,64.04,5,restaurant,56,1004,2,10.0,4.44,74.77,0,0,0,0,0
TXN-00002209,76.81,23,restaurant,57,485,2,21.94,10.42,87.34,0,1,0,0,0
TXN-00002210,25.64,20,online_shopping,44,1276,1,16.79,27.85,90.6,1,0,0,0,0
TXN-00002211,92.75,23,online_shopping,57,758,2,39.16,10.28,80.02,1,0,0,0,0
TXN-00002212,113.13,11,travel,35,1385,2,23.91,2.03,59.72,0,0,1,0,0
TXN-00002213,157.0,8,pharmacy,22,955,4,47.75,43.02,76.55,0,0,0,0,0
TXN-00002214,261.71,23,travel,36,804,2,41.48,5.27,61.88,0,0,1,0,0
TXN-00002215,16.29,17,grocery,35,1581,0,52.44,1.3,66.82,1,0,1,0,0
TXN-00002216,41.04,19,online_shopping,35,370,4,21.26,0.79,89.08,0,0,0,0,0
TXN-00002217,40.93,4,travel,45,1085,2,25.97,25.15,92.95,0,0,1,0,0
TXN-00002218,36.49,20,restaurant,25,342,2,110.51,5.54,57.16,1,0,0,0,0
TXN-00002219,20.46,12,gaming,41,1911,4,15.16,17.23,84.83,1,0,1,0,0
TXN-00002220,8.5,18,online_shopping,44,977,1,46.26,2.17,82.31,0,0,0,0,0
TXN-00002221,44.58,19,grocery,28,878,3,57.82,7.72,77.52,1,0,1,1,0
TXN-00002222,18.05,2,grocery,44,1402,2,40.78,48.55,79.93,0,0,0,0,0
TXN-00002223,44.27,2,pharmacy,57,674,2,53.6,14.81,83.72,0,1,0,0,0
TXN-00002224,17.57,1,travel,41,778,0,29.97,1.62,94.79,0,1,1,0,0
TXN-00002225,12.75,15,online_shopping,18,448,4,41.02,5.19,72.86,0,0,0,0,0
TXN-00002226,51.73,21,grocery,58,652,4,34.63,0.41,89.14,0,0,0,0,0
TXN-00002227,47.39,0,travel,51,1232,4,12.0,9.78,82.25,0,0,0,0,1
TXN-00002228,74.31,3,pharmacy,42,789,1,26.01,6.19,70.27,0,0,1,0,0
TXN-00002229,401.48,11,online_shopping,19,546,2,11.16,6.68,77.94,0,0,1,0,0
TXN-00002230,54.12,9,online_shopping,23,1616,3,45.2,4.04,92.93,0,0,1,0,0
TXN-00002231,67.31,2,travel,22,1508,3,34.64,10.35,88.44,0,0,1,0,0
TXN-00002232,13.05,14,pharmacy,67,2499,4,55.67,0.87,61.24,1,0,0,0,0
TXN-00002233,10.47,21,grocery,35,583,6,14.3,5.03,70.83,0,0,1,0,0
TXN-00002234,213.14,5,electronics,42,1502,4,31.95,46.59,67.6,1,1,0,0,0
TXN-00002235,15.34,0,online_shopping,58,1215,3,32.66,1.71,77.9,1,0,1,0,0
TXN-00002236,13.52,5,jewelry,56,1006,3,110.79,8.38,93.33,0,1,0,0,0
TXN-00002237,38.82,4,grocery,21,1973,2,26.42,24.66,76.78,0,1,1,0,0
TXN-00002238,36.79,11,electronics,71,1080,2,20.94,2.87,60.52,0,0,1,0,0
TXN-00002239,15.68,2,jewelry,33,612,0,30.59,3.71,77.42,1,0,1,0,0
TXN-00002240,29.36,8,grocery,62,747,2,87.67,28.67,74.25,0,0,0,0,0
TXN-00002241,147.06,2,restaurant,66,357,1,52.34,28.7,85.52,0,0,1,0,0
TXN-00002242,17.35,16,grocery,49,1195,6,45.8,19.49,51.31,2,0,0,0,0
TXN-00002243,9.36,11,gaming,27,1957,2,25.75,44.94,62.82,0,0,1,0,0
TXN-00002244,108.82,1,restaurant,49,1087,1,25.97,11.33,84.66,0,0,1,0,0
TXN-00002245,67.82,1,restaurant,32,1007,2,79.02,14.47,91.76,0,0,0,0,1
TXN-00002246,21.08,11,grocery,67,1382,1,22.82,11.24,69.48,0,0,1,0,0
TXN-00002247,7.68,14,restaurant,61,1272,3,21.68,6.44,75.05,0,0,1,0,0
TXN-00002248,18.51,4,restaurant,65,1637,1,10.06,24.7,91.23,1,0,0,0,0
TXN-00002249,38.19,7,electronics,66,901,3,10.89,18.95,71.15,0,0,0,0,0
TXN-00002250,137.55,14,online_shopping,28,1138,2,62.75,19.54,73.68,1,0,1,0,0
TXN-00002251,13.62,11,online_shopping,19,876,2,10.0,16.56,80.45,1,0,1,1,0
TXN-00002252,37.01,2,restaurant,54,442,4,85.35,18.18,75.01,0,0,1,1,0
TXN-00002253,82.18,9,fuel,53,499,3,25.37,9.06,79.89,0,0,1,0,0
TXN-00002254,5.0,4,cash_withdrawal,68,635,1,38.08,25.4,83.49,1,0,0,0,0
TXN-00002255,119.76,22,restaurant,54,434,2,59.76,6.38,66.93,0,0,0,0,0
TXN-00002256,11.69,19,travel,64,990,2,20.25,2.54,56.53,1,0,1,0,0
TXN-00002257,57.32,7,jewelry,38,1428,3,44.23,32.04,56.68,0,0,1,0,0
TXN-00002258,52.41,5,online_shopping,25,678,4,15.4,0.94,53.5,2,0,0,0,0
TXN-00002259,126.32,3,grocery,20,317,0,19.76,14.12,70.94,0,0,0,0,1
TXN-00002260,72.13,17,electronics,43,600,1,39.82,2.37,84.32,0,0,0,0,0
TXN-00002261,5.0,22,grocery,18,792,1,39.28,5.3,88.63,0,0,0,0,0
TXN-00002262,17.74,6,travel,48,1377,4,37.89,5.58,71.4,1,0,1,0,0
TXN-00002263,46.76,15,fuel,41,942,0,78.28,3.48,71.14,0,0,0,0,0
TXN-00002264,32.96,5,online_shopping,32,940,2,28.5,11.93,71.58,0,1,0,0,0
TXN-00002265,66.79,22,electronics,52,1165,3,85.22,31.85,74.77,0,0,0,0,0
TXN-00002266,92.65,7,grocery,57,1487,1,31.16,8.27,67.79,0,0,0,0,0
TXN-00002267,76.62,2,online_shopping,20,1920,1,44.35,67.45,63.49,1,0,1,0,0
TXN-00002268,32.3,21,pharmacy,45,680,1,48.25,35.9,96.73,0,0,0,0,0
TXN-00002269,5.82,22,fuel,72,901,2,21.58,10.12,84.02,0,0,1,0,0
TXN-00002270,25.07,9,fuel,35,679,1,34.35,2.37,90.58,1,0,0,0,0
TXN-00002271,62.63,21,cash_withdrawal,63,1135,3,11.66,3.42,91.16,1,0,1,1,0
TXN-00002272,12.87,5,gaming,37,316,0,32.15,1.7,88.61,0,0,0,0,0
TXN-00002273,78.48,6,gaming,33,2181,1,31.36,17.24,46.0,0,1,1,0,0
TXN-00002274,104.98,12,travel,67,1197,3,42.5,25.58,91.43,0,0,1,0,0
TXN-00002275,46.21,14,grocery,38,1103,3,27.65,5.07,72.89,0,0,1,0,0
TXN-00002276,5.0,9,online_shopping,68,609,1,95.61,61.49,65.02,0,0,1,0,0
TXN-00002277,10.57,19,travel,55,737,4,10.0,13.49,66.57,0,0,1,0,0
TXN-00002278,293.1,18,fuel,65,434,3,13.96,12.13,84.94,0,0,1,0,0
TXN-00002279,22.79,2,restaurant,65,590,3,16.09,0.76,87.15,0,0,0,0,0
TXN-00002280,5.04,23,grocery,71,1487,5,29.19,24.33,76.87,1,0,1,0,0
TXN-00002281,147.97,3,grocery,50,356,3,18.05,17.59,92.45,0,0,0,0,0
TXN-00002282,41.02,12,grocery,73,2409,2,13.99,12.39,87.8,0,1,1,0,0
TXN-00002283,129.05,10,online_shopping,21,1634,3,21.59,1.35,45.46,0,0,0,0,0
TXN-00002284,54.1,10,restaurant,46,1091,3,11.5,2.15,90.03,1,0,0,0,0
TXN-00002285,65.46,3,pharmacy,41,566,1,37.95,10.54,58.49,0,0,1,0,0
TXN-00002286,59.21,8,restaurant,23,1303,3,36.57,11.12,63.03,2,0,0,0,0
TXN-00002287,84.13,0,travel,68,1239,0,13.13,14.79,62.8,0,1,1,0,1
TXN-00002288,442.0,23,restaurant,64,672,1,52.78,23.91,43.69,0,0,1,0,1
TXN-00002289,112.12,3,jewelry,61,1184,2,12.59,6.73,49.69,0,0,0,0,1
TXN-00002290,7.7,11,fuel,54,790,2,21.1,2.93,90.05,0,0,1,0,0
TXN-00002291,64.65,5,grocery,52,300,2,34.7,5.87,40.11,2,1,1,0,1
TXN-00002292,134.1,4,grocery,40,452,3,31.27,1.0,93.96,1,0,0,0,1
TXN-00002293,143.0,9,electronics,57,1604,3,10.85,24.66,64.08,1,1,1,1,0
TXN-00002294,25.84,23,online_shopping,74,720,2,40.02,8.29,73.17,1,0,1,0,0
TXN-00002295,137.44,11,electronics,32,625,3,29.05,11.23,89.07,0,0,1,0,0
TXN-00002296,107.14,23,fuel,37,987,1,102.66,13.55,81.62,0,0,0,0,0
TXN-00002297,602.53,19,cash_withdrawal,24,241,2,44.11,13.78,75.51,0,0,1,0,0
TXN-00002298,18.4,10,online_shopping,70,931,1,77.94,9.07,86.31,0,1,1,0,0
TXN-00002299,23.74,21,fuel,48,1021,3,16.24,0.35,95.48,0,0,1,0,0
TXN-00002300,29.33,8,online_shopping,52,1284,2,10.75,33.52,75.22,1,0,0,0,1
TXN-00002301,24.17,12,fuel,33,502,3,70.92,12.9,87.57,1,0,0,0,0
TXN-00002302,15.89,16,grocery,20,665,1,37.57,2.72,89.39,0,0,0,0,0
TXN-00002303,5.0,14,jewelry,64,1008,1,98.33,12.89,55.46,0,0,0,0,0
TXN-00002304,25.62,19,fuel,67,528,7,62.24,3.75,85.77,1,1,0,1,0
TXN-00002305,59.61,3,online_shopping,37,1052,4,60.0,0.23,92.52,0,1,0,0,1
TXN-00002306,24.1,11,restaurant,62,986,0,40.3,17.73,82.84,1,1,0,0,0
TXN-00002307,308.63,15,electronics,51,229,3,17.17,0.35,75.53,2,0,0,0,0
TXN-00002308,41.02,7,cash_withdrawal,55,1470,3,15.53,13.57,76.93,0,0,1,0,0
TXN-00002309,156.9,20,fuel,28,537,1,10.0,11.56,86.17,0,0,1,0,0
TXN-00002310,53.22,7,online_shopping,53,944,4,21.32,31.61,81.9,0,0,1,0,0
TXN-00002311,96.32,7,fuel,27,2197,4,29.76,20.45,81.55,0,0,0,0,0
TXN-00002312,54.23,7,fuel,30,570,2,28.07,16.45,83.51,1,0,0,0,0
TXN-00002313,170.24,16,online_shopping,38,1169,2,30.29,10.84,80.4,0,0,1,0,0
TXN-00002314,42.89,2,fuel,30,2476,2,10.0,11.68,75.3,0,0,1,0,0
TXN-00002315,68.1,3,jewelry,70,1260,1,34.08,4.31,85.28,0,0,1,0,0
TXN-00002316,59.42,18,electronics,19,1627,1,80.94,36.16,92.38,0,0,1,0,0
TXN-00002317,29.88,4,electronics,70,470,2,17.86,14.56,80.0,1,0,0,0,0
TXN-00002318,61.88,2,pharmacy,26,1912,2,11.79,9.77,73.62,0,0,0,1,0
TXN-00002319,422.46,6,travel,68,304,2,10.77,7.56,86.0,0,0,1,0,0
TXN-00002320,30.45,9,restaurant,37,1215,4,19.86,15.88,79.04,0,0,0,0,0
TXN-00002321,62.83,0,electronics,71,923,2,23.46,3.73,83.85,1,0,0,0,0
TXN-00002322,151.51,20,grocery,49,778,3,33.84,25.72,86.95,1,0,1,0,0
TXN-00002323,133.92,2,cash_withdrawal,46,705,0,49.36,4.2,64.53,2,0,1,0,0
TXN-00002324,40.95,9,jewelry,25,1275,5,15.96,6.26,71.07,0,0,1,0,0
TXN-00002325,5.0,4,pharmacy,43,609,1,21.34,9.05,91.55,0,0,1,0,0
TXN-00002326,69.58,7,grocery,50,726,0,10.29,12.84,65.27,0,0,1,0,0
TXN-00002327,5.0,1,electronics,75,1220,2,43.26,12.72,93.02,0,0,0,0,1
TXN-00002328,189.32,22,online_shopping,33,1594,3,23.16,14.33,59.99,0,0,1,0,0
TXN-00002329,48.32,22,electronics,22,870,3,25.52,14.11,90.56,1,1,0,0,0
TXN-00002330,115.54,3,restaurant,32,1951,3,69.57,43.32,86.49,0,0,0,0,0
TXN-00002331,15.69,4,fuel,32,1017,3,31.85,1.64,74.46,0,0,1,0,0
TXN-00002332,7.92,21,cash_withdrawal,72,966,2,89.39,8.86,59.92,0,0,1,0,0
TXN-00002333,53.19,9,online_shopping,26,3116,3,48.31,41.28,84.32,2,0,1,0,0
TXN-00002334,39.05,1,electronics,75,1129,1,22.5,2.24,72.59,1,0,1,0,0
TXN-00002335,24.14,3,cash_withdrawal,24,2317,1,14.39,46.29,66.98,0,0,0,0,0
TXN-00002336,44.21,9,online_shopping,65,2980,2,26.8,0.02,77.76,0,0,1,0,0
TXN-00002337,739.38,13,online_shopping,42,481,3,57.7,3.48,93.26,0,0,1,0,0
TXN-00002338,97.15,15,travel,21,604,2,12.05,39.98,78.17,0,0,1,0,0
TXN-00002339,121.75,3,electronics,53,344,1,20.06,3.64,97.81,0,0,0,0,0
TXN-00002340,98.11,8,online_shopping,60,1323,5,17.33,1.04,61.56,0,0,0,0,0
TXN-00002341,191.22,6,gaming,66,1333,2,22.61,13.05,84.38,0,0,0,0,0
TXN-00002342,33.13,12,pharmacy,28,682,4,38.55,6.23,92.08,0,0,1,0,0
TXN-00002343,5.0,7,electronics,53,218,5,33.88,12.56,79.71,0,0,0,0,0
TXN-00002344,33.18,4,restaurant,51,1159,6,33.44,12.89,85.17,0,0,0,0,0
TXN-00002345,94.85,19,cash_withdrawal,43,364,2,12.05,26.28,92.06,1,1,1,0,0
TXN-00002346,14.61,13,gaming,69,833,3,47.31,7.49,96.18,0,1,0,0,0
TXN-00002347,33.61,11,restaurant,42,1361,3,57.06,25.58,92.98,1,1,0,0,1
TXN-00002348,19.56,3,grocery,40,1003,3,25.55,23.67,74.26,0,0,1,0,0
TXN-00002349,195.81,1,jewelry,48,1587,2,16.69,5.11,81.15,0,0,1,0,1
TXN-00002350,88.85,19,online_shopping,71,807,3,50.75,13.24,41.27,1,0,1,0,0
TXN-00002351,80.17,23,travel,68,620,2,71.3,5.87,74.66,1,0,1,0,0
TXN-00002352,77.69,14,travel,59,553,0,38.24,8.25,75.29,0,1,1,0,0
TXN-00002353,38.9,0,cash_withdrawal,22,1342,1,18.66,51.59,53.28,0,0,0,0,0
TXN-00002354,49.77,11,fuel,35,889,2,15.01,10.02,86.43,0,0,0,0,0
TXN-00002355,11.65,6,cash_withdrawal,18,602,1,43.25,31.93,88.38,0,0,1,0,0
TXN-00002356,5.0,1,online_shopping,23,1130,4,10.83,9.58,75.61,0,0,0,0,0
TXN-00002357,47.35,3,pharmacy,66,325,4,12.08,26.05,85.58,1,0,1,0,1
TXN-00002358,56.84,11,grocery,65,959,3,34.35,94.85,94.23,1,0,1,0,0
TXN-00002359,143.99,10,grocery,23,1073,2,83.07,2.13,91.09,2,0,1,0,0
TXN-00002360,210.59,13,restaurant,44,1151,1,63.25,3.95,44.22,1,0,1,0,0
TXN-00002361,210.29,16,grocery,34,1958,2,38.35,27.41,65.2,0,0,1,0,0
TXN-00002362,14.18,6,grocery,22,783,2,10.0,34.12,92.92,1,0,1,0,0
TXN-00002363,27.94,6,grocery,40,1081,2,10.0,38.12,85.17,0,0,1,0,0
TXN-00002364,66.98,16,cash_withdrawal,23,1174,3,26.76,10.23,66.37,0,1,1,1,1
TXN-00002365,577.38,4,pharmacy,60,895,3,94.35,8.45,81.03,0,0,0,0,1
TXN-00002366,191.35,1,fuel,74,450,1,16.78,4.64,69.02,0,0,1,0,1
TXN-00002367,131.02,20,grocery,42,1409,2,52.49,4.24,94.78,0,0,1,0,0
TXN-00002368,26.92,5,grocery,32,216,0,36.63,20.41,64.78,0,0,1,0,0
TXN-00002369,16.0,2,restaurant,46,467,4,20.64,3.97,76.28,0,0,0,0,0
TXN-00002370,92.61,17,online_shopping,74,771,3,22.94,12.41,65.03,2,0,0,1,0
TXN-00002371,12.73,12,grocery,27,466,6,10.03,17.29,72.07,0,1,1,0,0
TXN-00002372,31.49,3,online_shopping,57,957,2,39.88,10.4,63.24,0,0,1,0,0
TXN-00002373,35.86,20,online_shopping,23,1668,1,19.58,20.22,77.99,1,0,0,0,0
TXN-00002374,215.41,5,electronics,35,2361,1,52.02,2.33,57.41,0,0,1,0,0
TXN-00002375,27.87,16,travel,43,904,2,25.88,3.98,41.54,0,0,0,1,1
TXN-00002376,5.0,15,grocery,40,1126,1,24.71,8.86,88.79,0,0,1,0,0
TXN-00002377,68.69,19,online_shopping,28,954,9,10.0,28.2,91.66,2,0,1,0,0
TXN-00002378,19.41,17,online_shopping,63,877,3,36.14,11.67,72.09,1,0,0,0,0
TXN-00002379,42.3,16,grocery,57,880,2,41.76,19.58,65.37,0,0,0,0,0
TXN-00002380,36.93,1,jewelry,43,2137,2,67.91,2.23,93.83,1,0,0,0,0
TXN-00002381,30.34,22,grocery,42,251,5,17.3,3.51,86.26,0,1,0,0,1
TXN-00002382,92.75,3,grocery,22,1472,1,35.6,46.7,39.09,2,0,0,0,1
TXN-00002383,8.09,6,pharmacy,56,566,2,38.86,4.99,87.45,1,0,1,0,0
TXN-00002384,23.5,10,cash_withdrawal,31,817,2,13.07,19.62,90.48,0,0,1,1,0
TXN-00002385,82.95,6,restaurant,35,453,3,19.95,18.25,82.04,0,0,0,0,0
TXN-00002386,21.23,14,jewelry,67,431,1,13.85,8.11,90.62,0,0,1,0,0
TXN-00002387,7.47,1,online_shopping,55,1592,2,14.63,43.79,77.78,0,0,1,0,0
TXN-00002388,81.61,10,online_shopping,58,639,3,23.17,28.16,81.2,1,0,0,0,0
TXN-00002389,131.53,8,cash_withdrawal,33,937,1,19.11,0.99,86.73,0,0,1,0,0
TXN-00002390,38.58,15,online_shopping,47,1202,2,29.63,1.44,68.41,0,0,0,0,0
TXN-00002391,5.16,12,restaurant,18,1955,7,45.03,33.39,68.27,1,0,1,0,0
TXN-00002392,84.88,18,restaurant,32,440,3,44.03,0.51,66.85,0,0,0,0,0
TXN-00002393,7.08,3,electronics,64,2021,3,49.96,8.54,60.78,0,0,1,0,1
TXN-00002394,55.94,22,grocery,45,1059,2,25.21,21.39,62.76,0,0,1,0,0
TXN-00002395,15.93,9,online_shopping,54,1035,1,21.44,30.04,87.19,2,0,0,0,0
TXN-00002396,11.97,8,travel,63,779,4,13.46,54.23,89.76,1,0,1,1,0
TXN-00002397,25.43,13,grocery,72,715,5,47.22,44.02,76.31,0,0,0,0,0
TXN-00002398,33.37,3,travel,22,334,0,56.52,12.62,89.85,0,0,1,0,0
TXN-00002399,20.56,19,restaurant,51,1733,1,67.66,65.31,84.7,2,0,1,0,0
TXN-00002400,75.05,6,grocery,75,418,1,36.76,22.52,64.92,0,0,0,0,0
TXN-00002401,25.32,22,restaurant,29,664,1,22.12,6.15,79.56,1,0,1,0,0
TXN-00002402,113.21,3,online_shopping,67,1594,5,14.79,34.38,73.43,0,0,1,1,1
TXN-00002403,54.34,20,grocery,51,869,4,12.54,0.92,72.74,0,0,0,0,0
TXN-00002404,19.44,9,grocery,36,484,3,10.0,7.59,75.53,0,0,1,0,0
TXN-00002405,16.29,14,restaurant,63,1421,4,58.45,14.86,81.89,0,0,1,0,0
TXN-00002406,7.17,20,gaming,68,718,2,38.42,1.21,63.93,0,0,0,1,0
TXN-00002407,54.89,3,restaurant,26,658,3,136.79,10.22,80.18,2,0,1,1,1
TXN-00002408,27.87,8,online_shopping,57,429,5,27.71,6.58,82.47,1,0,1,0,0
TXN-00002409,5.0,22,gaming,72,691,1,31.1,1.47,80.59,1,0,1,0,0
TXN-00002410,23.05,3,grocery,56,768,1,37.91,7.28,74.11,1,0,1,0,0
TXN-00002411,15.7,2,grocery,49,1189,3,44.21,10.68,79.67,2,0,0,0,0
TXN-00002412,211.55,12,cash_withdrawal,26,595,2,19.32,0.24,90.22,1,0,0,0,0
TXN-00002413,6.77,0,online_shopping,44,1760,5,29.16,19.73,94.75,0,0,0,0,0
TXN-00002414,8.9,23,restaurant,70,1617,2,49.46,8.69,78.47,1,0,1,0,0
TXN-00002415,129.73,21,restaurant,64,1617,3,84.24,3.29,72.98,0,0,0,0,0
TXN-00002416,168.11,4,grocery,44,1019,1,16.53,29.75,66.54,0,0,1,0,0
TXN-00002417,18.5,4,jewelry,35,1372,2,34.01,2.74,78.22,1,0,1,0,0
TXN-00002418,20.83,18,cash_withdrawal,64,1308,1,31.81,6.23,80.72,1,1,1,0,0
TXN-00002419,77.25,12,online_shopping,74,1527,4,25.03,15.56,97.87,1,0,0,0,0
TXN-00002420,5.0,19,electronics,35,1601,2,57.82,10.45,86.65,0,0,0,0,0
TXN-00002421,5.73,23,cash_withdrawal,65,1337,5,131.9,5.15,78.27,1,0,1,0,0
TXN-00002422,30.12,9,electronics,35,1352,3,38.02,3.76,86.7,1,0,1,0,0
TXN-00002423,205.9,6,fuel,65,1288,3,18.03,3.71,91.64,0,0,1,0,0
TXN-00002424,25.6,14,online_shopping,73,1353,4,11.86,2.46,94.11,1,0,0,0,0
TXN-00002425,44.97,15,fuel,56,970,1,28.56,19.74,70.36,0,0,1,0,0
TXN-00002426,133.02,10,restaurant,46,668,1,55.33,2.54,67.16,0,0,1,0,0
TXN-00002427,369.53,7,cash_withdrawal,36,495,3,26.18,23.9,76.1,1,0,1,0,1
TXN-00002428,22.07,6,restaurant,21,426,3,35.46,47.17,91.61,1,0,1,1,0
TXN-00002429,39.74,12,restaurant,21,521,1,106.73,13.99,86.61,2,0,1,0,0
TXN-00002430,274.01,10,restaurant,66,1552,3,45.67,8.88,79.29,0,0,1,0,0
TXN-00002431,8.18,10,online_shopping,56,1890,3,31.09,56.34,78.15,1,0,0,0,0
TXN-00002432,118.98,2,electronics,31,1320,4,12.5,2.35,44.37,0,0,0,0,0
TXN-00002433,13.88,21,online_shopping,50,1071,0,50.55,5.22,54.95,0,0,1,0,0
TXN-00002434,45.04,16,pharmacy,68,334,3,43.07,9.28,95.52,0,0,1,0,0
TXN-00002435,31.35,22,cash_withdrawal,55,882,0,51.25,12.13,78.04,0,0,1,0,0
TXN-00002436,14.79,19,online_shopping,71,648,0,13.27,4.67,83.83,1,0,0,0,0
TXN-00002437,14.41,14,grocery,24,648,5,29.35,7.32,93.29,0,0,1,0,0
TXN-00002438,54.07,7,gaming,22,1002,3,43.69,6.22,83.5,0,0,1,0,0
TXN-00002439,115.04,15,cash_withdrawal,56,1315,4,11.54,26.63,91.65,1,0,1,0,1
TXN-00002440,35.3,13,jewelry,51,949,4,32.65,10.81,70.12,0,0,0,1,0
TXN-00002441,43.54,22,electronics,57,2580,3,60.71,8.59,67.98,0,0,0,0,0
TXN-00002442,73.68,5,cash_withdrawal,74,1054,4,19.74,4.35,72.51,0,0,0,0,0
TXN-00002443,14.58,0,pharmacy,24,303,2,59.66,57.66,54.44,0,0,0,0,0
TXN-00002444,87.94,3,travel,71,2145,1,30.5,7.58,95.83,1,0,0,0,0
TXN-00002445,95.61,4,fuel,21,922,3,31.91,0.34,62.45,1,0,0,0,1
TXN-00002446,622.54,15,cash_withdrawal,48,1884,4,56.81,29.75,91.83,0,0,1,0,0
TXN-00002447,27.25,3,restaurant,66,456,5,19.22,1.09,85.05,1,0,1,0,0
TXN-00002448,25.0,3,grocery,57,419,6,12.93,6.26,86.53,0,0,1,0,0
TXN-00002449,90.69,9,pharmacy,30,592,1,25.21,6.47,52.1,0,0,1,1,0
TXN-00002450,95.59,18,online_shopping,53,517,1,37.09,0.15,74.92,0,1,1,0,0
TXN-00002451,23.06,10,gaming,70,1531,3,37.62,7.57,81.57,1,0,1,0,0
TXN-00002452,26.49,6,travel,29,1728,3,36.79,3.72,58.94,1,0,1,1,0
TXN-00002453,71.39,6,online_shopping,72,1229,3,18.47,16.48,88.08,0,0,1,0,0
TXN-00002454,16.96,19,pharmacy,55,1097,2,40.81,7.5,89.49,0,0,0,0,0
TXN-00002455,26.28,10,restaurant,23,321,5,27.99,19.29,75.85,1,0,0,0,0
TXN-00002456,44.44,8,restaurant,37,628,1,80.83,36.06,73.78,0,0,1,1,1
TXN-00002457,115.09,18,grocery,68,679,1,53.41,3.7,82.62,1,0,0,0,0
TXN-00002458,21.44,8,fuel,37,371,2,41.99,6.7,85.13,0,0,1,0,0
TXN-00002459,5.84,8,grocery,72,898,0,26.63,12.43,86.41,1,0,0,0,0
TXN-00002460,5.41,18,restaurant,42,1246,0,23.77,15.1,76.15,0,0,1,0,0
TXN-00002461,10.78,7,travel,37,1448,2,25.86,4.93,86.59,0,0,1,0,0
TXN-00002462,10.19,12,pharmacy,67,1290,2,35.83,3.39,80.69,0,0,1,0,0
TXN-00002463,34.39,15,restaurant,63,805,1,56.6,21.84,72.91,2,0,0,0,0
TXN-00002464,11.61,4,travel,31,706,6,11.55,41.98,96.45,1,0,0,0,0
TXN-00002465,19.34,3,online_shopping,63,832,2,21.63,2.82,54.16,0,0,0,0,1
TXN-00002466,17.94,20,electronics,32,885,2,67.37,14.17,63.97,0,0,1,0,0
TXN-00002467,25.47,7,fuel,69,503,3,20.68,22.91,77.61,1,1,1,0,0
TXN-00002468,162.17,8,grocery,18,728,1,17.29,8.9,97.25,0,0,1,0,1
TXN-00002469,81.05,14,pharmacy,56,658,6,59.99,25.76,95.57,1,0,0,0,0
TXN-00002470,41.14,2,online_shopping,26,2013,1,41.51,14.89,55.78,2,0,1,1,0
TXN-00002471,24.93,1,fuel,57,1512,1,34.59,17.29,73.14,0,0,0,0,0
TXN-00002472,25.66,9,travel,74,1239,0,44.54,16.31,91.7,0,0,0,0,0
TXN-00002473,57.06,23,grocery,56,554,2,24.91,26.86,69.28,2,0,1,0,0
TXN-00002474,74.69,13,pharmacy,43,1368,6,30.64,29.18,57.34,0,0,1,0,0
TXN-00002475,15.6,13,grocery,65,616,5,31.84,3.79,80.19,0,0,1,1,0
TXN-00002476,42.03,14,restaurant,29,1376,2,24.25,14.93,78.06,3,0,0,0,0
TXN-00002477,5.0,20,electronics,49,818,3,24.16,5.31,98.57,0,0,1,0,0
TXN-00002478,50.52,20,electronics,74,1647,1,16.93,2.93,76.78,0,0,0,0,1
TXN-00002479,90.04,0,fuel,38,410,2,21.64,7.94,83.87,0,0,1,0,0
TXN-00002480,30.14,12,online_shopping,19,1342,3,22.52,15.65,92.43,0,0,1,0,0
TXN-00002481,272.42,13,electronics,43,1719,0,10.0,17.36,94.09,0,0,0,0,0
TXN-00002482,16.03,5,restaurant,46,842,1,44.31,14.55,89.11,1,0,1,0,0
TXN-00002483,50.82,23,online_shopping,65,810,3,35.64,0.57,94.27,0,1,1,0,1
TXN-00002484,38.95,6,electronics,64,942,4,78.57,2.76,77.15,1,0,1,0,0
TXN-00002485,36.4,20,restaurant,37,1232,5,12.72,6.96,70.35,3,0,0,0,1
TXN-00002486,35.87,2,pharmacy,62,690,2,15.5,6.83,36.01,0,1,0,0,0
TXN-00002487,45.26,14,travel,26,634,3,55.02,33.44,63.54,0,0,1,0,0
TXN-00002488,98.53,17,restaurant,28,2166,2,13.65,5.41,77.22,1,0,1,0,0
TXN-00002489,171.85,12,pharmacy,53,789,1,29.05,1.71,62.66,2,0,1,0,0
TXN-00002490,40.35,2,grocery,59,913,1,25.54,5.44,87.18,0,1,1,0,0
TXN-00002491,95.21,2,electronics,64,739,0,81.04,45.02,70.52,1,1,0,0,1
TXN-00002492,19.36,14,fuel,54,1283,4,28.94,14.73,82.28,0,0,0,0,0
TXN-00002493,90.4,20,grocery,25,658,3,28.87,6.72,67.89,1,1,1,0,0
TXN-00002494,18.17,14,online_shopping,57,874,4,34.54,12.06,62.56,0,0,1,0,0
TXN-00002495,127.13,2,cash_withdrawal,42,1557,2,17.1,10.87,98.69,1,1,1,0,1
TXN-00002496,412.06,18,jewelry,33,1454,1,21.5,4.64,81.78,0,0,1,0,0
TXN-00002497,35.58,11,online_shopping,37,781,1,14.65,5.31,87.94,0,0,1,0,0
TXN-00002498,5.0,1,grocery,65,955,3,45.63,33.51,67.38,1,0,0,0,0
TXN-00002499,22.75,8,online_shopping,28,571,1,46.91,11.96,86.38,1,0,0,1,0
TXN-00002500,147.45,4,fuel,50,955,1,17.28,2.45,89.42,0,0,0,0,0
TXN-00002501,72.29,23,fuel,22,2371,4,25.32,1.08,86.9,1,0,0,0,0
TXN-00002502,52.53,21,travel,60,1404,4,33.2,1.03,89.35,0,1,0,0,1
TXN-00002503,116.64,2,jewelry,26,568,3,12.16,22.97,92.98,0,0,0,0,1
TXN-00002504,67.27,13,electronics,72,375,2,42.36,5.11,78.66,0,1,1,0,0
TXN-00002505,145.27,0,restaurant,69,576,1,14.93,40.7,87.43,1,0,1,0,0
TXN-00002506,106.21,10,online_shopping,67,464,2,10.0,3.17,79.37,0,0,0,0,0
TXN-00002507,199.89,3,cash_withdrawal,38,878,2,31.12,12.48,88.54,0,0,1,0,0
TXN-00002508,58.95,17,electronics,63,1624,3,44.38,19.13,50.58,0,0,0,0,0
TXN-00002509,104.64,1,cash_withdrawal,25,884,1,53.7,4.47,88.69,0,0,0,1,1
TXN-00002510,29.3,21,fuel,34,663,7,40.42,0.29,43.83,1,0,0,1,0
TXN-00002511,21.51,5,restaurant,25,790,4,19.23,7.59,91.34,0,0,1,0,0
TXN-00002512,242.77,6,online_shopping,21,1217,2,99.59,27.9,87.4,0,0,1,0,0
TXN-00002513,50.76,21,fuel,39,1030,1,31.22,7.05,71.85,0,0,1,1,0
TXN-00002514,94.17,21,fuel,51,584,4,16.4,16.13,94.86,1,0,1,0,0
TXN-00002515,46.06,2,restaurant,68,1408,3,56.18,14.31,82.26,0,0,1,0,0
TXN-00002516,21.85,2,online_shopping,20,520,3,36.17,0.33,68.88,1,0,1,0,0
TXN-00002517,40.92,20,travel,41,993,4,112.24,6.35,71.32,1,1,0,0,0
TXN-00002518,182.69,23,restaurant,59,733,4,81.91,8.29,80.67,0,0,0,0,1
TXN-00002519,72.46,11,online_shopping,29,844,3,23.15,55.48,70.61,0,0,0,0,0
TXN-00002520,6.71,3,electronics,60,533,2,13.55,52.88,79.8,0,1,1,0,0
TXN-00002521,32.27,3,restaurant,51,961,2,21.66,22.83,84.26,1,0,0,0,0
TXN-00002522,262.8,6,grocery,50,501,2,10.0,54.33,83.73,0,0,1,0,1
TXN-00002523,32.31,16,restaurant,25,704,2,30.66,44.05,79.97,0,0,1,0,0
TXN-00002524,6.11,2,cash_withdrawal,27,817,2,56.74,34.96,94.07,5,1,1,0,0
TXN-00002525,295.21,15,grocery,68,590,1,30.44,11.76,66.02,0,0,0,1,1
TXN-00002526,82.81,19,travel,68,1769,1,40.91,41.22,92.4,0,0,0,0,0
TXN-00002527,37.58,3,online_shopping,44,703,1,49.5,4.07,95.76,0,0,0,0,0
TXN-00002528,27.39,23,grocery,52,788,3,79.13,12.15,53.57,0,0,1,0,0
TXN-00002529,126.02,23,gaming,49,944,2,33.37,3.62,90.92,1,0,1,0,0
TXN-00002530,22.89,7,jewelry,47,422,3,26.01,26.46,74.56,1,0,0,0,0
TXN-00002531,135.05,2,electronics,59,329,3,20.68,19.58,55.75,0,0,0,0,1
TXN-00002532,71.47,7,grocery,50,818,1,84.92,1.86,95.78,0,0,0,0,0
TXN-00002533,52.3,6,pharmacy,25,363,1,20.4,34.75,87.37,0,0,1,0,0
TXN-00002534,47.12,6,restaurant,22,1105,1,99.86,0.84,71.9,3,0,0,0,0
TXN-00002535,33.66,22,electronics,67,1132,4,24.18,8.07,66.21,0,0,0,0,0
TXN-00002536,121.26,3,cash_withdrawal,60,1105,0,17.4,11.11,88.52,0,0,1,0,0
TXN-00002537,16.3,7,restaurant,29,1354,2,39.57,0.12,66.8,0,0,0,0,0
TXN-00002538,7.37,18,online_shopping,21,816,2,35.15,6.51,84.72,0,0,0,0,0
TXN-00002539,77.1,1,travel,30,1795,4,10.19,4.08,80.08,0,0,1,1,1
TXN-00002540,78.48,1,fuel,51,1050,1,47.17,11.65,66.79,0,0,0,0,0
TXN-00002541,66.97,7,electronics,51,1723,5,10.0,5.85,74.73,1,0,1,0,0
TXN-00002542,62.06,23,electronics,27,1323,3,97.42,8.41,90.08,1,1,0,0,0
TXN-00002543,28.89,20,travel,28,831,3,11.91,11.06,91.76,1,0,1,0,0
TXN-00002544,92.47,22,restaurant,30,1046,0,36.3,13.91,77.69,0,1,1,0,0
TXN-00002545,38.56,20,online_shopping,43,1212,3,42.63,5.24,67.46,1,0,0,0,0
TXN-00002546,24.25,2,grocery,31,317,2,56.04,1.68,87.41,0,1,0,0,0
TXN-00002547,29.15,9,travel,44,426,2,11.79,23.53,87.65,0,0,0,0,0
TXN-00002548,337.54,12,cash_withdrawal,18,1967,1,42.08,2.21,76.32,1,0,1,0,0
TXN-00002549,6.54,3,cash_withdrawal,72,1206,5,14.95,29.76,70.87,1,0,0,0,0
TXN-00002550,68.36,23,online_shopping,69,1534,2,35.27,34.16,76.32,1,1,0,0,1
TXN-00002551,6.94,14,travel,37,1773,0,10.0,13.57,73.23,0,0,1,0,0
TXN-00002552,36.1,20,cash_withdrawal,64,810,3,42.12,1.63,81.52,0,0,1,0,0
TXN-00002553,25.65,6,cash_withdrawal,49,1740,3,70.09,1.56,71.22,1,0,1,1,0
TXN-00002554,5.0,17,electronics,19,836,1,24.92,17.59,89.85,0,0,1,0,0
TXN-00002555,60.85,2,restaurant,34,1201,2,31.82,19.24,76.93,0,0,1,0,0
TXN-00002556,27.14,0,cash_withdrawal,21,1862,4,44.78,67.66,91.8,1,0,1,0,0
TXN-00002557,5.0,15,pharmacy,59,1278,2,37.37,13.46,79.37,0,0,0,1,0
TXN-00002558,97.67,1,online_shopping,63,523,1,10.6,31.22,78.97,0,0,0,0,0
TXN-00002559,182.5,6,online_shopping,53,867,2,13.55,2.32,85.47,3,0,1,0,0
TXN-00002560,193.37,19,online_shopping,18,1067,4,23.04,8.78,71.87,0,0,1,1,0
TXN-00002561,58.96,11,pharmacy,31,1243,5,32.27,4.21,91.32,0,0,1,0,0
TXN-00002562,42.45,9,online_shopping,45,1637,3,22.02,4.03,80.13,2,0,0,0,0
TXN-00002563,163.13,6,fuel,26,1248,0,31.92,7.65,90.21,1,0,1,0,0
TXN-00002564,236.63,16,travel,24,888,7,57.74,3.43,76.49,1,0,0,0,0
TXN-00002565,132.99,22,grocery,35,792,0,23.69,51.51,87.95,0,0,0,0,0
TXN-00002566,15.05,17,restaurant,52,814,2,14.63,7.09,67.39,1,0,1,1,0
TXN-00002567,49.97,8,pharmacy,23,710,0,41.42,7.55,92.72,0,1,0,0,0
TXN-00002568,64.17,10,pharmacy,75,692,1,66.48,11.17,83.97,0,0,0,0,0
TXN-00002569,6.05,2,restaurant,44,1517,4,36.11,9.37,84.43,0,0,0,0,0
TXN-00002570,66.21,3,gaming,27,992,5,22.12,9.59,66.02,0,0,0,0,0
TXN-00002571,439.94,6,pharmacy,19,718,3,26.74,45.79,87.24,0,0,1,0,0
TXN-00002572,79.2,9,restaurant,73,931,0,21.92,34.56,68.3,1,0,0,0,0
TXN-00002573,190.01,23,restaurant,52,744,1,36.17,3.24,89.04,2,0,0,0,1
TXN-00002574,49.01,20,gaming,68,341,1,10.0,7.56,50.82,0,0,1,0,0
TXN-00002575,37.45,2,restaurant,63,1256,2,31.89,2.16,77.34,0,0,0,0,0
TXN-00002576,60.36,7,electronics,75,1565,6,26.74,19.91,75.12,0,0,0,0,0
TXN-00002577,17.17,1,grocery,69,1429,3,53.79,8.29,81.01,1,0,1,0,0
TXN-00002578,14.7,1,fuel,62,1386,2,11.91,17.98,96.46,2,0,0,0,0
TXN-00002579,152.87,8,restaurant,67,503,2,14.2,1.94,62.79,0,0,0,0,0
TXN-00002580,170.88,23,gaming,67,1735,2,37.69,1.06,92.78,0,1,1,0,1
TXN-00002581,14.29,4,cash_withdrawal,32,675,1,69.86,4.01,73.56,2,0,0,0,0
TXN-00002582,111.77,16,jewelry,52,458,0,27.28,52.19,48.29,0,0,1,0,0
TXN-00002583,36.92,9,travel,75,237,3,25.78,0.91,96.74,0,0,0,0,0
TXN-00002584,57.79,12,grocery,68,1055,7,18.02,14.7,76.68,1,0,1,0,1
TXN-00002585,65.58,20,electronics,24,1757,2,30.73,37.52,60.57,1,0,0,0,0
TXN-00002586,114.9,19,restaurant,24,1635,3,16.0,22.98,90.54,0,0,1,0,0
TXN-00002587,44.12,19,grocery,29,947,1,12.64,7.29,85.36,0,0,1,1,0
TXN-00002588,177.8,9,restaurant,61,1494,0,42.58,6.32,88.25,0,0,1,0,0
TXN-00002589,55.97,1,online_shopping,40,2413,3,17.01,40.89,88.89,0,0,1,0,0
TXN-00002590,77.9,23,fuel,54,768,2,46.23,31.1,86.28,0,0,1,0,0
TXN-00002591,16.86,23,grocery,26,1179,3,28.76,5.62,80.76,1,0,1,0,0
TXN-00002592,390.17,20,restaurant,21,1774,1,56.57,1.23,44.68,1,0,1,0,0
TXN-00002593,66.24,11,online_shopping,62,467,4,14.81,14.65,55.11,1,0,0,0,0
TXN-00002594,85.51,6,online_shopping,34,491,1,50.28,4.39,78.96,0,1,1,0,0
TXN-00002595,7.47,4,grocery,20,1915,1,30.13,6.08,36.13,0,0,0,0,0
TXN-00002596,17.05,8,gaming,30,1515,2,11.46,17.69,90.02,1,0,0,0,0
TXN-00002597,148.38,8,fuel,36,642,3,18.77,50.39,54.75,1,0,0,0,1
TXN-00002598,54.67,6,travel,41,534,2,19.13,58.38,92.72,0,0,1,0,0
TXN-00002599,5.42,22,travel,70,499,7,38.68,1.94,97.7,0,0,1,0,0
TXN-00002600,120.33,15,grocery,29,1038,1,16.11,5.25,88.32,1,0,0,0,0
TXN-00002601,22.85,5,grocery,53,649,4,13.44,2.57,59.4,0,1,1,0,0
TXN-00002602,178.02,15,fuel,33,656,2,23.04,11.32,85.8,0,0,0,0,1
TXN-00002603,36.88,16,fuel,46,500,1,54.59,0.07,86.39,0,0,1,0,0
TXN-00002604,50.15,12,grocery,35,963,1,32.49,4.96,57.63,0,0,0,0,0
TXN-00002605,139.48,22,electronics,37,466,5,24.84,11.75,74.46,2,1,1,0,0
TXN-00002606,15.76,23,cash_withdrawal,52,1267,1,43.84,7.63,89.28,0,0,1,0,0
TXN-00002607,14.26,10,restaurant,52,1661,4,15.91,2.02,98.03,0,0,0,0,0
TXN-00002608,32.91,11,fuel,25,1062,3,95.84,50.27,98.79,0,0,0,0,0
TXN-00002609,96.4,5,cash_withdrawal,27,1512,6,88.24,17.88,68.13,0,0,1,0,0
TXN-00002610,10.0,18,pharmacy,31,867,1,22.03,28.02,79.37,1,0,0,0,0
TXN-00002611,7.02,22,restaurant,70,601,2,31.66,11.48,98.07,0,0,0,0,0
TXN-00002612,96.05,15,online_shopping,36,772,1,27.7,28.94,78.37,1,0,1,0,0
TXN-00002613,21.47,4,fuel,51,374,2,21.15,11.8,92.02,0,0,1,0,0
TXN-00002614,26.79,12,online_shopping,44,675,1,53.89,2.53,70.1,0,0,0,0,0
TXN-00002615,5.76,19,grocery,38,845,1,11.47,29.88,79.35,1,0,1,1,0
TXN-00002616,19.83,1,restaurant,20,942,3,23.31,6.81,81.85,1,0,1,0,0
TXN-00002617,40.13,14,pharmacy,43,1535,3,41.3,4.7,81.19,1,0,0,1,1
TXN-00002618,107.44,15,fuel,75,1807,5,81.51,34.54,84.03,1,0,1,0,0
TXN-00002619,18.0,12,grocery,72,1040,1,71.74,13.39,73.27,0,0,1,0,0
TXN-00002620,230.5,15,online_shopping,35,523,2,18.94,4.54,90.32,1,0,0,0,0
TXN-00002621,19.71,21,electronics,48,520,2,17.76,26.7,93.27,0,0,1,1,0
TXN-00002622,19.74,2,grocery,34,682,4,22.52,20.67,81.41,1,0,0,0,0
TXN-00002623,203.21,13,restaurant,71,621,4,74.91,47.25,74.99,2,0,0,0,0
TXN-00002624,50.5,19,grocery,50,1052,3,38.42,48.69,88.9,1,0,1,0,0
TXN-00002625,22.65,19,jewelry,71,538,5,187.97,7.97,60.45,2,0,0,0,0
TXN-00002626,34.37,11,fuel,67,1829,1,44.52,1.51,84.85,0,0,1,0,0
TXN-00002627,167.46,23,electronics,36,1415,5,88.27,23.12,90.89,0,0,1,1,0
TXN-00002628,188.58,7,fuel,44,1563,3,27.79,19.09,79.07,0,0,1,0,0
TXN-00002629,17.16,10,online_shopping,51,665,1,17.31,8.48,90.55,1,0,1,0,0
TXN-00002630,38.68,19,fuel,32,538,3,140.78,60.69,91.58,0,0,1,0,0
TXN-00002631,44.46,10,restaurant,66,645,2,12.51,34.75,71.02,0,0,1,0,0
TXN-00002632,14.36,8,travel,50,978,2,35.34,8.18,86.62,0,1,0,0,0
TXN-00002633,38.15,13,pharmacy,30,925,3,31.93,33.03,56.44,0,0,0,0,0
TXN-00002634,40.67,14,online_shopping,46,1737,1,20.12,2.23,82.07,0,0,1,1,0
TXN-00002635,133.92,23,online_shopping,65,1895,1,37.33,2.51,75.07,0,1,0,0,1
TXN-00002636,143.71,14,restaurant,42,1005,4,26.79,11.88,64.74,0,0,0,0,0
TXN-00002637,28.63,4,electronics,59,426,2,16.79,13.0,37.7,1,0,1,0,0
TXN-00002638,32.31,1,restaurant,75,799,2,12.79,22.06,93.96,0,0,1,0,1
TXN-00002639,81.25,23,pharmacy,37,2966,2,39.32,16.98,63.39,1,0,0,0,0
TXN-00002640,21.88,10,cash_withdrawal,75,440,0,17.74,7.1,82.48,1,0,1,0,0
TXN-00002641,75.04,4,grocery,42,1073,3,21.03,2.22,69.2,0,0,0,0,0
TXN-00002642,36.88,5,travel,50,642,1,17.27,2.7,71.6,0,0,0,0,0
TXN-00002643,14.62,2,fuel,62,2286,2,17.57,16.95,94.11,0,0,0,1,0
TXN-00002644,14.81,4,online_shopping,21,1122,0,26.78,7.38,57.83,0,0,1,0,0
TXN-00002645,184.83,18,restaurant,58,646,3,13.14,2.92,91.06,0,0,1,0,0
TXN-00002646,34.32,15,electronics,50,738,2,24.04,7.58,81.2,0,0,1,0,0
TXN-00002647,226.42,14,travel,56,303,2,42.81,27.52,96.85,0,0,0,0,0
TXN-00002648,23.59,0,online_shopping,73,1065,0,43.78,1.66,90.16,0,0,1,0,0
TXN-00002649,54.91,16,fuel,46,1081,2,21.28,24.37,54.4,0,0,1,0,0
TXN-00002650,498.85,23,restaurant,71,436,4,18.31,8.15,83.22,1,0,1,0,1
TXN-00002651,13.33,22,travel,50,1259,3,63.78,3.55,94.81,0,0,1,0,0
TXN-00002652,5.51,9,electronics,30,1883,1,38.36,6.32,78.7,0,0,0,0,0
TXN-00002653,156.17,14,fuel,55,491,4,41.17,20.63,93.84,1,0,1,0,0
TXN-00002654,16.98,7,jewelry,29,1245,3,66.66,2.25,93.36,0,0,1,0,0
TXN-00002655,39.58,21,gaming,70,1260,1,58.21,23.44,90.11,1,0,0,0,0
TXN-00002656,21.86,22,restaurant,26,1008,2,52.35,12.4,77.17,0,0,1,0,0
TXN-00002657,53.6,5,electronics,46,1042,3,10.0,2.98,81.4,2,0,1,0,0
TXN-00002658,14.91,11,gaming,65,723,1,20.35,24.21,79.55,0,0,0,0,0
TXN-00002659,33.48,5,cash_withdrawal,18,296,4,12.23,23.12,66.26,0,0,0,0,0
TXN-00002660,64.86,14,pharmacy,46,1109,2,70.93,33.58,82.65,0,0,1,1,0
TXN-00002661,14.03,7,fuel,47,1405,3,23.46,50.92,75.3,0,0,0,0,0
TXN-00002662,19.39,16,fuel,37,558,3,17.98,9.32,71.77,1,0,1,0,0
TXN-00002663,28.09,23,online_shopping,57,650,1,36.13,34.86,55.64,0,0,1,0,0
TXN-00002664,9.02,20,grocery,36,608,2,44.41,10.23,93.93,2,0,1,0,0
TXN-00002665,25.95,4,restaurant,39,1150,5,40.23,2.05,84.25,0,0,1,0,0
TXN-00002666,45.82,3,electronics,33,1070,4,29.88,49.88,48.12,1,1,0,0,0
TXN-00002667,26.59,19,travel,54,578,2,64.35,42.39,96.25,0,0,0,0,0
TXN-00002668,30.42,1,electronics,69,913,1,23.78,16.06,82.21,1,0,1,0,0
TXN-00002669,39.61,9,restaurant,28,928,1,11.12,6.6,78.71,1,0,1,0,0
TXN-00002670,20.32,23,cash_withdrawal,41,1119,2,22.87,15.99,79.03,0,0,1,0,0
TXN-00002671,83.56,10,electronics,31,765,4,22.3,2.9,78.31,1,0,0,1,0
TXN-00002672,182.69,0,electronics,32,1600,0,44.86,5.28,58.71,0,1,1,0,1
TXN-00002673,24.84,23,pharmacy,74,1126,1,54.24,11.07,65.36,2,0,0,0,0
TXN-00002674,67.32,16,restaurant,59,1586,1,18.09,7.13,46.65,0,0,0,0,0
TXN-00002675,31.45,7,online_shopping,72,1112,1,10.0,4.51,80.71,0,0,1,0,0
TXN-00002676,59.37,14,electronics,54,1161,0,106.74,11.67,92.3,1,0,0,0,0
TXN-00002677,209.36,14,grocery,56,390,1,33.79,14.35,81.09,0,0,1,0,0
TXN-00002678,69.0,13,online_shopping,59,1069,4,10.0,19.12,81.72,1,0,0,0,1
TXN-00002679,6.28,23,pharmacy,55,902,4,10.28,20.67,83.14,0,0,0,0,1
TXN-00002680,65.15,18,grocery,65,1668,3,34.5,4.91,93.2,0,1,1,0,0
TXN-00002681,147.6,6,fuel,36,1551,2,21.32,31.68,95.67,0,0,0,0,0
TXN-00002682,32.05,23,restaurant,23,1754,1,66.74,32.54,93.72,1,0,0,0,0
TXN-00002683,115.06,23,grocery,46,658,5,21.37,1.44,45.75,1,0,0,0,1
TXN-00002684,19.6,1,online_shopping,18,936,2,28.41,4.3,62.6,0,0,0,1,1
TXN-00002685,8.5,7,pharmacy,20,1837,2,20.19,17.06,77.81,0,0,1,0,0
TXN-00002686,46.91,14,online_shopping,20,649,2,27.28,15.29,86.65,1,0,0,0,0
TXN-00002687,6.4,21,grocery,22,1673,2,31.06,7.82,78.07,2,0,1,0,0
TXN-00002688,31.45,17,cash_withdrawal,58,1583,3,71.33,11.42,91.95,0,0,0,0,0
TXN-00002689,156.21,13,fuel,52,920,4,36.35,2.52,82.1,0,0,1,1,0
TXN-00002690,5.45,7,jewelry,72,2066,1,31.59,17.26,96.62,1,0,1,0,0
TXN-00002691,10.55,2,cash_withdrawal,34,1617,2,48.54,2.18,78.94,2,0,0,0,0
TXN-00002692,13.69,21,cash_withdrawal,37,470,5,70.15,3.21,78.57,1,0,1,0,0
TXN-00002693,37.85,12,fuel,46,1909,1,12.59,47.29,95.51,0,1,1,0,0
TXN-00002694,27.55,10,electronics,63,922,3,19.45,20.14,90.71,0,0,1,0,0
TXN-00002695,175.76,23,travel,71,1149,3,34.19,6.69,88.09,2,0,0,0,0
TXN-00002696,110.17,3,fuel,60,1152,3,29.91,1.75,37.46,0,0,1,0,1
TXN-00002697,68.04,6,fuel,47,1292,1,20.09,13.45,78.27,0,0,1,0,0
TXN-00002698,47.13,20,pharmacy,74,1857,1,10.0,3.8,81.19,0,0,0,0,0
TXN-00002699,61.12,6,online_shopping,28,1141,3,24.9,4.56,68.32,0,0,1,1,0
TXN-00002700,16.36,22,grocery,45,889,3,38.22,2.45,83.47,1,0,0,0,0
TXN-00002701,99.49,20,grocery,32,568,3,76.39,12.78,82.4,1,0,0,1,0
TXN-00002702,12.58,2,cash_withdrawal,27,742,2,30.51,2.87,75.55,0,0,0,0,0
TXN-00002703,97.24,10,grocery,41,1562,0,30.09,5.48,86.38,0,0,0,0,0
TXN-00002704,140.53,18,online_shopping,62,1729,1,18.0,5.55,67.17,0,0,1,0,0
TXN-00002705,50.47,11,gaming,36,788,2,29.99,48.35,96.72,1,0,0,0,0
TXN-00002706,33.62,5,gaming,65,1416,0,21.68,7.69,84.34,0,0,1,0,0
TXN-00002707,61.58,1,pharmacy,53,709,0,43.25,2.49,66.6,0,0,0,0,0
TXN-00002708,5.0,0,grocery,59,337,6,40.31,2.79,71.35,0,0,1,0,0
TXN-00002709,55.55,4,restaurant,32,429,3,75.1,33.04,85.39,1,0,1,0,0
TXN-00002710,35.91,6,online_shopping,68,1633,4,36.0,42.49,96.17,0,0,0,0,0
TXN-00002711,38.35,7,cash_withdrawal,29,347,2,42.56,24.35,77.45,1,0,1,1,0
TXN-00002712,84.93,20,jewelry,39,1356,4,12.29,3.96,80.81,1,0,1,0,0
TXN-00002713,37.39,12,online_shopping,63,1097,2,37.33,15.08,89.67,0,0,0,0,0
TXN-00002714,12.22,3,grocery,58,1682,0,48.45,14.59,60.78,1,0,1,0,0
TXN-00002715,34.87,1,fuel,35,1037,4,32.29,21.76,96.25,1,0,1,0,1
TXN-00002716,43.42,3,fuel,33,1226,0,29.11,29.26,97.41,2,0,0,0,0
TXN-00002717,45.64,7,restaurant,43,1083,4,26.69,10.72,85.18,2,0,1,0,0
TXN-00002718,47.94,17,fuel,43,1156,3,87.35,1.4,81.12,1,0,1,0,0
TXN-00002719,120.46,1,electronics,21,953,0,10.4,19.88,72.0,0,0,1,0,0
TXN-00002720,12.93,9,travel,32,1238,1,67.81,3.58,90.23,0,0,0,0,0
TXN-00002721,48.64,10,gaming,26,834,5,38.94,25.9,75.56,1,0,1,0,0
TXN-00002722,156.71,3,fuel,26,1509,2,21.81,8.7,60.96,0,0,1,1,0
TXN-00002723,6.54,1,online_shopping,38,1027,2,42.53,1.97,82.56,1,0,1,1,0
TXN-00002724,48.84,5,travel,20,1453,1,39.18,7.06,88.48,0,0,0,0,0
TXN-00002725,21.88,3,fuel,57,656,5,15.76,11.11,71.19,0,0,1,0,0
TXN-00002726,27.41,19,restaurant,56,797,3,59.66,29.21,93.92,2,0,1,0,0
TXN-00002727,15.64,22,restaurant,30,435,4,34.31,9.31,70.8,1,1,0,0,0
TXN-00002728,33.85,14,fuel,68,1166,2,18.05,12.2,78.23,0,0,1,0,0
TXN-00002729,279.59,18,grocery,52,1140,2,81.7,52.29,83.46,0,0,1,0,0
TXN-00002730,10.72,18,cash_withdrawal,36,733,2,44.53,44.94,93.6,0,0,0,0,0
TXN-00002731,11.85,21,restaurant,29,977,3,38.7,0.72,85.13,0,0,0,0,0
TXN-00002732,10.31,2,electronics,42,562,0,59.04,27.43,69.27,0,0,0,0,0
TXN-00002733,248.09,23,restaurant,73,1583,1,30.6,20.69,65.46,2,0,1,1,0
TXN-00002734,24.89,10,travel,18,1557,4,52.7,1.71,94.0,0,0,1,0,0
TXN-00002735,39.37,13,online_shopping,19,953,0,50.63,1.94,95.58,1,1,0,1,0
TXN-00002736,26.5,19,online_shopping,41,867,2,21.09,0.1,77.33,0,0,1,0,0
TXN-00002737,15.0,11,online_shopping,71,387,3,27.09,9.4,71.48,0,0,1,0,0
TXN-00002738,31.6,6,cash_withdrawal,34,1433,3,22.27,1.23,62.24,0,0,1,0,0
TXN-00002739,534.41,0,restaurant,61,617,6,74.43,5.51,96.96,0,0,1,0,1
TXN-00002740,174.46,4,travel,51,1493,4,11.49,5.67,78.55,1,0,0,0,1
TXN-00002741,16.52,2,gaming,29,427,0,37.78,25.26,91.73,0,0,1,0,0
TXN-00002742,79.83,9,fuel,70,549,1,73.1,1.78,90.53,1,0,0,0,0
TXN-00002743,16.89,18,travel,27,487,5,13.63,26.15,64.33,1,0,1,0,0
TXN-00002744,6.26,8,travel,47,603,3,31.3,19.72,64.7,0,1,0,0,0
TXN-00002745,117.98,14,online_shopping,56,2690,1,65.96,1.19,81.39,0,0,0,0,0
TXN-00002746,136.74,4,cash_withdrawal,57,896,2,23.78,24.05,92.43,0,0,0,0,0
TXN-00002747,121.31,14,restaurant,67,1326,5,33.01,17.39,77.81,1,0,0,0,1
TXN-00002748,24.7,22,electronics,58,535,2,26.03,32.12,92.99,1,1,1,0,0
TXN-00002749,33.95,7,fuel,56,658,2,16.2,30.37,81.32,0,0,1,0,0
TXN-00002750,88.88,11,fuel,26,2182,0,23.49,3.76,73.23,0,1,1,0,0
TXN-00002751,61.01,23,online_shopping,35,914,1,19.75,11.41,44.35,0,0,0,0,0
TXN-00002752,26.75,14,cash_withdrawal,38,1050,3,11.03,36.84,71.27,0,0,1,0,0
TXN-00002753,7.39,9,cash_withdrawal,39,1204,1,76.76,12.21,95.39,0,0,1,0,0
TXN-00002754,45.58,2,restaurant,24,2044,4,40.08,16.86,96.05,0,0,1,0,0
TXN-00002755,125.58,22,grocery,23,213,2,23.37,28.67,39.98,1,0,1,0,0
TXN-00002756,11.5,14,restaurant,43,1632,1,22.01,18.43,82.82,0,0,1,0,0
TXN-00002757,79.1,1,travel,59,1795,0,22.77,10.47,71.65,0,0,1,0,0
TXN-00002758,57.29,13,grocery,69,1265,3,18.39,1.06,85.21,0,0,1,0,0
TXN-00002759,88.91,23,jewelry,72,831,3,23.29,15.98,88.59,0,0,1,0,1
TXN-00002760,101.05,22,travel,45,1119,0,16.6,19.09,70.08,0,0,1,0,0
TXN-00002761,19.51,4,restaurant,70,515,4,47.29,11.39,60.92,0,0,0,0,0
TXN-00002762,7.41,9,online_shopping,44,304,1,10.0,6.72,83.76,0,0,1,0,0
TXN-00002763,23.1,23,pharmacy,45,1054,1,34.17,3.59,81.26,0,0,0,0,0
TXN-00002764,102.88,18,cash_withdrawal,30,153,0,16.87,1.6,83.63,0,0,0,0,0
TXN-00002765,22.89,13,fuel,54,723,2,54.16,2.44,97.26,1,0,1,0,0
TXN-00002766,19.52,7,online_shopping,35,556,2,26.8,11.3,68.98,0,0,0,0,0
TXN-00002767,5.97,18,cash_withdrawal,46,828,1,37.73,28.91,96.66,1,0,0,0,0
TXN-00002768,254.75,13,fuel,72,863,6,19.99,2.35,57.3,0,0,0,0,0
TXN-00002769,96.25,12,grocery,49,476,3,69.75,29.36,81.34,0,0,1,1,0
TXN-00002770,90.78,22,fuel,35,1232,3,13.35,9.59,79.38,1,0,1,0,0
TXN-00002771,111.73,9,fuel,56,1740,1,19.44,4.61,97.51,0,1,1,0,0
TXN-00002772,74.11,15,electronics,60,514,2,15.82,63.24,66.14,0,0,1,1,0
TXN-00002773,31.29,1,travel,53,495,5,28.67,16.3,77.54,1,0,1,0,1
TXN-00002774,34.06,17,online_shopping,20,930,3,31.78,27.43,42.62,0,0,0,0,0
TXN-00002775,25.82,13,grocery,31,310,2,13.19,54.41,80.33,0,0,0,0,0
TXN-00002776,643.21,21,online_shopping,25,942,2,15.09,48.84,67.35,1,0,1,0,0
TXN-00002777,72.51,7,restaurant,73,1631,3,14.57,64.29,95.98,0,0,1,0,0
TXN-00002778,24.85,22,electronics,36,497,3,11.56,20.14,76.56,0,0,0,0,1
TXN-00002779,65.94,13,cash_withdrawal,45,1978,3,19.18,8.51,91.12,0,0,1,0,0
TXN-00002780,13.99,4,electronics,70,764,3,92.69,10.86,55.53,0,0,0,0,0
TXN-00002781,196.32,3,restaurant,75,823,2,32.83,11.49,50.03,0,1,0,0,1
TXN-00002782,20.2,4,travel,30,686,7,19.47,2.41,82.82,0,0,1,0,0
TXN-00002783,68.45,7,grocery,67,1403,2,25.16,48.35,77.75,0,0,0,0,0
TXN-00002784,123.88,13,restaurant,60,1008,2,10.88,7.07,60.62,1,0,0,1,0
TXN-00002785,60.58,20,gaming,53,787,3,11.31,4.36,94.14,1,0,1,0,0
TXN-00002786,44.67,23,online_shopping,27,613,4,17.18,0.03,84.65,0,0,0,0,0
TXN-00002787,40.91,16,restaurant,58,1093,3,13.12,2.26,85.45,1,0,0,0,1
TXN-00002788,38.12,11,jewelry,53,1801,2,52.29,9.37,70.26,0,0,0,1,0
TXN-00002789,22.08,14,gaming,43,825,3,102.42,6.13,63.72,0,1,0,0,0
TXN-00002790,25.23,7,gaming,52,993,2,52.5,0.59,52.09,0,0,0,0,0
TXN-00002791,191.25,5,fuel,30,392,0,17.9,9.69,82.37,0,0,0,1,0
TXN-00002792,36.09,12,gaming,54,987,3,30.14,6.61,96.15,2,1,1,0,0
TXN-00002793,17.72,19,restaurant,26,2708,2,41.82,42.72,67.4,0,0,1,0,0
TXN-00002794,23.52,1,restaurant,34,464,3,38.81,4.27,59.39,1,0,1,1,0
TXN-00002795,128.43,2,electronics,46,1139,6,79.0,11.97,82.84,1,0,0,0,0
TXN-00002796,82.22,4,online_shopping,27,709,0,13.75,60.58,82.69,0,0,0,0,0
TXN-00002797,72.85,5,pharmacy,70,375,2,33.03,18.27,85.74,0,1,1,0,0
TXN-00002798,30.86,3,grocery,69,760,2,28.95,18.2,66.67,1,0,1,0,0
TXN-00002799,73.85,3,restaurant,45,2395,1,24.03,0.28,74.45,0,0,1,0,0
TXN-00002800,20.58,0,online_shopping,51,1130,1,10.88,16.11,61.06,0,0,1,0,0
TXN-00002801,30.8,8,restaurant,34,1068,0,11.61,24.54,70.31,0,0,1,0,0
TXN-00002802,111.98,17,grocery,30,490,4,69.3,21.3,95.58,1,1,1,0,0
TXN-00002803,101.29,3,online_shopping,73,1563,2,52.17,6.95,85.99,0,1,0,0,0
TXN-00002804,14.43,7,restaurant,41,1864,3,14.26,26.65,96.39,0,0,1,0,0
TXN-00002805,16.47,23,travel,73,1828,2,10.0,1.09,91.66,3,0,0,0,0
TXN-00002806,45.34,4,grocery,21,1510,0,30.52,12.46,63.56,2,0,1,0,0
TXN-00002807,247.75,23,fuel,24,582,0,28.45,18.79,79.96,2,0,0,0,1
TXN-00002808,5.41,12,restaurant,45,508,4,10.48,9.54,69.04,0,0,1,0,0
TXN-00002809,54.18,17,pharmacy,63,286,0,114.02,8.23,87.02,0,0,0,0,0
TXN-00002810,9.54,7,pharmacy,42,539,1,67.09,24.45,93.6,1,0,0,0,0
TXN-00002811,20.78,7,grocery,66,1110,4,14.85,18.23,95.89,2,0,0,0,0
TXN-00002812,27.59,9,restaurant,25,534,1,70.29,47.42,75.97,0,0,0,0,0
TXN-00002813,26.01,3,restaurant,67,1600,5,34.77,2.44,85.97,1,0,1,0,1
TXN-00002814,23.09,7,restaurant,43,1725,2,47.97,1.39,54.19,0,0,1,0,0
TXN-00002815,40.75,21,gaming,34,1676,2,17.33,7.91,71.01,1,0,1,0,0
TXN-00002816,23.06,0,gaming,55,333,1,44.82,29.25,69.61,0,0,1,0,1
TXN-00002817,8.71,13,restaurant,63,1069,3,126.97,0.07,82.66,0,1,1,0,0
TXN-00002818,91.73,16,fuel,71,1007,5,64.53,55.91,90.04,2,0,0,0,1
TXN-00002819,89.17,3,gaming,23,1653,5,48.44,17.62,92.9,0,0,1,1,0
TXN-00002820,98.04,2,grocery,58,382,2,10.0,15.83,81.55,0,0,0,0,0
TXN-00002821,8.02,13,restaurant,36,1000,6,52.2,2.05,76.6,0,0,0,0,0
TXN-00002822,55.36,5,pharmacy,47,377,2,40.39,6.28,72.06,1,0,1,0,0
TXN-00002823,82.25,23,electronics,44,1533,5,17.64,21.7,79.66,0,1,1,0,0
TXN-00002824,13.7,4,restaurant,62,199,0,24.28,19.28,95.89,1,0,1,0,0
TXN-00002825,40.84,3,grocery,41,2368,2,28.29,7.71,76.28,0,0,1,0,0
TXN-00002826,35.8,7,restaurant,34,1244,0,42.45,6.79,64.56,1,0,0,0,0
TXN-00002827,279.85,7,grocery,46,928,6,11.73,61.0,72.75,0,1,1,0,0
TXN-00002828,305.12,3,fuel,56,661,2,31.0,29.48,89.81,0,1,0,0,1
TXN-00002829,7.05,15,gaming,67,1691,3,82.01,4.35,78.83,1,1,0,1,1
TXN-00002830,554.81,8,restaurant,18,388,5,42.39,29.68,86.8,0,0,1,0,0
TXN-00002831,15.47,12,restaurant,50,197,4,14.89,4.6,69.99,0,0,0,0,0
TXN-00002832,113.26,5,travel,22,1209,2,35.73,3.55,57.93,1,0,1,0,0
TXN-00002833,112.06,2,fuel,53,893,2,41.02,0.61,57.54,1,0,1,0,1
TXN-00002834,14.22,1,gaming,54,1109,5,10.0,14.02,88.25,0,0,0,1,0
TXN-00002835,67.89,1,online_shopping,67,1028,3,36.54,10.46,72.78,0,0,0,0,0
TXN-00002836,36.13,20,fuel,29,1297,3,30.26,3.56,81.67,1,0,1,0,0
TXN-00002837,72.39,6,travel,64,931,4,10.8,19.63,78.11,0,0,0,0,0
TXN-00002838,51.53,7,online_shopping,57,758,4,103.92,3.43,88.3,0,0,1,0,0
TXN-00002839,142.05,13,restaurant,56,947,1,36.66,12.36,77.74,0,0,0,0,0
TXN-00002840,43.78,2,gaming,54,1403,1,26.21,0.94,90.05,2,1,1,0,0
TXN-00002841,33.91,14,restaurant,49,1454,3,17.13,6.44,52.11,1,0,0,0,0
TXN-00002842,127.85,12,restaurant,21,1135,3,32.2,1.45,90.31,1,0,0,0,0
TXN-00002843,74.4,18,restaurant,65,241,0,39.33,10.01,77.47,0,0,0,0,0
TXN-00002844,87.22,2,pharmacy,40,1070,1,71.07,18.38,86.61,1,0,1,0,0
TXN-00002845,20.13,0,cash_withdrawal,24,347,4,27.78,35.37,93.81,0,1,1,0,1
TXN-00002846,13.5,18,electronics,53,1491,0,12.46,3.64,78.47,0,0,0,0,0
TXN-00002847,22.28,8,restaurant,72,1391,3,28.46,30.6,88.24,2,0,0,0,0
TXN-00002848,21.08,1,grocery,59,565,5,28.31,7.6,80.45,0,0,0,0,0
TXN-00002849,92.34,13,online_shopping,32,1275,2,87.05,19.65,93.56,0,0,1,0,0
TXN-00002850,112.71,11,online_shopping,65,982,4,36.17,0.54,44.68,0,0,0,0,0
TXN-00002851,34.37,22,restaurant,67,626,3,38.43,0.66,82.3,0,0,1,0,0
TXN-00002852,181.72,22,fuel,37,1263,6,20.97,20.1,74.62,0,1,1,0,1
TXN-00002853,170.19,12,cash_withdrawal,48,1936,3,37.69,14.56,84.3,0,1,1,0,1
TXN-00002854,52.23,3,restaurant,66,742,1,17.35,3.34,93.58,0,0,0,0,1
TXN-00002855,17.06,17,travel,27,1142,2,33.33,11.51,82.44,0,0,0,0,0
TXN-00002856,211.48,4,grocery,38,542,2,50.18,27.38,91.62,0,0,0,0,0
TXN-00002857,37.94,20,fuel,44,659,2,29.7,2.47,86.28,1,0,0,1,0
TXN-00002858,46.18,14,fuel,18,954,1,61.37,15.13,80.29,0,0,1,1,0
TXN-00002859,28.32,8,travel,27,610,3,74.02,12.34,83.17,2,0,0,0,1
TXN-00002860,15.89,23,online_shopping,53,588,3,62.71,18.43,79.87,2,0,1,0,0
TXN-00002861,8.65,12,gaming,33,496,2,31.19,21.12,55.43,0,0,1,0,0
TXN-00002862,78.61,9,grocery,32,1721,6,16.34,10.81,65.3,1,0,0,0,0
TXN-00002863,17.77,4,restaurant,35,1418,1,15.69,3.91,87.08,0,0,0,0,0
TXN-00002864,1004.76,15,grocery,25,939,3,42.66,10.82,83.78,1,0,1,0,0
TXN-00002865,12.93,6,restaurant,54,1469,3,35.67,10.24,94.2,1,0,0,0,0
TXN-00002866,10.8,3,cash_withdrawal,32,1528,2,28.85,29.91,83.15,0,0,0,0,0
TXN-00002867,69.11,2,restaurant,55,861,3,21.22,2.56,78.09,1,0,1,0,1
TXN-00002868,201.5,15,fuel,66,526,3,30.21,2.55,84.98,0,0,1,0,0
TXN-00002869,43.29,22,restaurant,45,1148,0,12.23,18.58,71.7,0,0,1,0,0
TXN-00002870,73.76,6,electronics,71,1729,1,19.72,3.38,62.4,0,0,1,0,0
TXN-00002871,5.84,5,jewelry,29,1358,1,26.27,11.5,44.49,0,0,1,0,1
TXN-00002872,19.86,14,fuel,73,1894,4,47.26,34.02,74.88,0,0,0,0,0
TXN-00002873,13.1,3,electronics,36,1518,2,56.44,20.89,90.51,2,0,1,0,0
TXN-00002874,5.53,2,fuel,35,2504,2,10.0,31.34,77.32,0,0,1,0,1
TXN-00002875,45.73,15,grocery,74,1184,1,10.67,16.78,94.97,1,0,1,1,0
TXN-00002876,5.0,12,cash_withdrawal,44,810,2,47.7,8.26,96.93,0,1,0,0,0
TXN-00002877,10.09,0,fuel,61,1406,0,32.04,12.22,75.53,1,0,0,0,1
TXN-00002878,23.01,5,grocery,64,1765,3,45.08,10.26,86.44,0,0,0,0,0
TXN-00002879,16.9,4,electronics,43,1075,2,20.0,9.18,82.73,0,0,1,0,0
TXN-00002880,61.33,16,electronics,36,1535,2,20.73,12.18,73.26,2,0,1,0,0
TXN-00002881,55.75,15,cash_withdrawal,46,765,1,18.56,3.66,65.83,1,0,1,0,1
TXN-00002882,103.39,17,restaurant,40,1514,3,10.0,2.18,93.67,1,0,0,0,1
TXN-00002883,89.12,2,grocery,42,3088,1,14.47,7.81,71.47,1,0,0,0,0
TXN-00002884,134.0,20,restaurant,31,769,0,14.97,35.75,26.58,1,0,1,0,0
TXN-00002885,40.37,5,travel,71,1111,4,16.4,6.33,76.62,0,0,1,0,0
TXN-00002886,55.63,23,travel,51,1315,4,15.92,18.54,86.18,0,0,1,0,0
TXN-00002887,69.21,20,electronics,64,915,3,16.49,8.59,82.22,0,0,1,0,0
TXN-00002888,46.93,11,pharmacy,56,797,1,25.7,25.68,87.59,0,0,0,0,0
TXN-00002889,26.65,18,cash_withdrawal,38,1002,3,42.85,14.72,85.24,1,0,1,0,0
TXN-00002890,28.53,16,fuel,36,1648,0,10.0,0.47,84.2,0,0,1,0,0
TXN-00002891,17.14,18,restaurant,74,397,3,16.26,1.91,92.74,2,1,1,0,0
TXN-00002892,62.97,0,pharmacy,19,598,3,16.66,9.32,96.74,1,1,1,0,0
TXN-00002893,36.65,2,electronics,35,901,2,11.06,0.55,93.72,0,0,1,0,0
TXN-00002894,20.16,21,online_shopping,60,1557,1,61.54,17.08,76.32,1,0,1,0,0
TXN-00002895,20.18,18,travel,49,998,3,14.55,2.83,88.86,0,0,0,0,0
TXN-00002896,11.35,14,travel,53,694,1,39.18,6.59,65.78,0,0,0,0,0
TXN-00002897,113.04,7,restaurant,19,1990,3,17.9,9.11,64.97,0,0,0,0,0
TXN-00002898,43.93,10,online_shopping,30,1095,3,68.19,10.1,88.52,0,0,0,1,0
TXN-00002899,16.35,9,grocery,52,789,7,17.25,5.65,68.46,2,0,0,1,0
TXN-00002900,94.54,10,online_shopping,36,1305,0,16.46,5.7,79.97,0,0,1,0,0
TXN-00002901,22.46,15,grocery,45,1273,2,26.55,28.01,91.06,0,0,1,0,0
TXN-00002902,9.24,18,online_shopping,73,1110,1,79.26,52.96,91.95,1,0,0,0,0
TXN-00002903,118.19,9,grocery,55,672,1,41.16,6.12,89.55,0,0,0,0,0
TXN-00002904,23.01,20,online_shopping,54,1541,3,19.41,1.63,88.39,0,0,1,0,0
TXN-00002905,26.33,2,travel,29,2163,2,33.53,17.28,33.03,0,0,1,0,0
TXN-00002906,42.23,19,fuel,52,1202,2,20.56,16.84,77.96,0,0,0,0,0
TXN-00002907,134.25,16,restaurant,73,432,1,78.38,8.53,85.99,0,0,1,0,0
TXN-00002908,41.31,12,pharmacy,55,2697,2,49.57,7.57,92.36,0,0,1,0,0
TXN-00002909,11.48,9,grocery,63,1299,0,29.17,5.79,95.3,1,0,1,0,0
TXN-00002910,71.6,8,gaming,73,560,0,33.82,4.32,94.56,1,0,1,0,0
TXN-00002911,24.31,8,restaurant,70,1502,5,19.77,6.92,85.66,0,0,1,0,0
TXN-00002912,293.63,22,online_shopping,37,1733,5,29.93,1.31,52.52,1,0,0,0,0
TXN-00002913,40.4,0,restaurant,35,1018,2,43.52,17.58,56.76,0,0,1,0,0
TXN-00002914,5.0,15,jewelry,34,353,3,53.25,1.88,84.66,1,0,0,0,0
TXN-00002915,58.86,23,grocery,62,1138,3,22.65,18.56,89.36,1,0,0,0,0
TXN-00002916,311.63,13,restaurant,39,550,1,10.0,3.99,94.69,0,1,1,0,0
TXN-00002917,211.6,15,electronics,65,1320,3,47.0,6.3,92.75,0,0,0,0,0
TXN-00002918,276.58,14,pharmacy,64,687,2,19.9,5.82,93.35,0,0,0,1,0
TXN-00002919,13.86,12,electronics,56,1245,5,51.72,0.65,85.64,1,0,1,0,0
TXN-00002920,105.4,15,electronics,25,804,4,11.11,4.89,72.3,0,0,1,0,0
TXN-00002921,18.95,21,electronics,59,1165,3,36.94,10.52,96.38,0,0,1,0,0
TXN-00002922,51.19,17,restaurant,29,1524,0,26.18,6.16,94.68,1,0,1,0,0
TXN-00002923,10.63,20,online_shopping,50,1545,6,22.38,36.16,56.98,1,1,1,0,0
TXN-00002924,20.56,13,grocery,31,638,2,76.96,4.33,95.27,0,0,1,0,0
TXN-00002925,19.88,18,grocery,21,855,1,18.64,12.37,78.57,0,0,0,0,0
TXN-00002926,103.91,21,restaurant,54,876,4,72.45,12.55,82.83,0,0,1,0,0
TXN-00002927,93.76,5,gaming,44,1128,1,122.95,2.3,92.11,0,0,0,0,0
TXN-00002928,54.09,20,online_shopping,55,1794,2,13.19,3.51,78.65,0,0,0,0,0
TXN-00002929,9.8,16,gaming,46,931,4,16.56,44.03,77.73,1,0,0,0,0
TXN-00002930,29.16,10,fuel,39,1255,2,26.96,33.4,91.64,0,0,1,0,0
TXN-00002931,18.48,18,grocery,18,908,1,25.86,15.51,72.54,1,0,0,0,0
TXN-00002932,100.8,4,restaurant,34,690,6,61.43,26.51,71.82,2,0,0,0,0
TXN-00002933,139.36,16,pharmacy,69,414,5,61.33,22.98,80.46,1,0,1,0,0
TXN-00002934,122.63,13,grocery,61,778,2,21.77,24.25,86.77,1,0,0,1,0
TXN-00002935,18.3,21,cash_withdrawal,44,505,0,17.99,4.48,84.59,0,0,1,0,0
TXN-00002936,5.0,14,grocery,19,521,3,24.16,2.89,69.93,0,0,0,1,0
TXN-00002937,6.33,12,fuel,75,1177,1,34.51,22.15,74.63,0,0,1,0,0
TXN-00002938,179.96,12,restaurant,60,1248,0,14.21,13.47,83.42,1,0,1,0,0
TXN-00002939,26.54,13,online_shopping,19,1580,0,13.22,18.62,74.6,0,0,1,0,0
TXN-00002940,18.39,21,grocery,30,315,4,18.36,38.08,82.56,0,0,0,0,0
TXN-00002941,226.96,18,electronics,27,1448,2,22.26,23.92,92.48,0,0,1,0,0
TXN-00002942,152.69,2,fuel,70,184,0,23.5,10.45,65.08,1,0,1,0,0
TXN-00002943,41.5,12,electronics,73,692,5,10.0,4.83,61.27,1,1,0,0,0
TXN-00002944,29.72,6,travel,41,909,2,22.68,5.47,78.96,0,0,1,0,0
TXN-00002945,35.21,3,grocery,28,690,1,12.81,9.47,71.89,0,0,0,0,0
TXN-00002946,51.34,20,online_shopping,55,981,2,31.29,31.86,97.01,0,0,0,1,0
TXN-00002947,217.03,20,fuel,33,1090,0,13.17,86.86,73.03,0,0,0,0,0
TXN-00002948,63.03,22,restaurant,25,157,5,36.98,0.57,68.21,2,0,0,0,1
TXN-00002949,86.69,9,fuel,33,1268,5,26.75,3.24,81.93,0,0,1,0,0
TXN-00002950,138.07,10,travel,32,749,0,75.43,2.12,69.99,0,0,0,0,0
TXN-00002951,11.84,18,cash_withdrawal,21,1422,3,36.03,7.85,55.2,1,0,0,1,0
TXN-00002952,89.35,4,grocery,58,1448,2,26.36,1.59,82.52,0,0,1,0,0
TXN-00002953,29.69,1,electronics,38,1039,0,28.88,46.15,90.58,0,0,0,0,0
TXN-00002954,5.0,10,restaurant,49,1544,3,30.95,7.76,85.87,0,0,1,0,0
TXN-00002955,5.0,15,grocery,49,604,0,20.33,10.19,72.21,1,0,1,1,0
TXN-00002956,13.89,10,grocery,62,698,1,25.35,6.91,78.8,0,1,0,0,0
TXN-00002957,70.65,5,restaurant,62,309,2,21.49,17.7,76.0,0,0,1,0,0
TXN-00002958,45.58,12,pharmacy,50,1290,6,23.69,7.44,76.96,0,0,1,0,0
TXN-00002959,49.09,22,electronics,66,991,2,22.2,1.14,83.66,0,0,1,0,0
TXN-00002960,313.72,6,electronics,51,904,4,23.5,6.26,71.46,0,0,0,0,0
TXN-00002961,10.67,9,restaurant,19,874,3,29.02,10.37,78.14,0,0,1,0,0
TXN-00002962,39.3,7,electronics,67,807,1,42.86,1.8,50.49,0,0,0,1,0
TXN-00002963,55.68,7,online_shopping,62,523,6,54.25,20.0,92.65,0,0,1,0,0
TXN-00002964,18.67,15,fuel,42,463,1,19.87,12.26,82.58,0,0,1,0,0
TXN-00002965,41.67,8,pharmacy,40,2170,2,11.92,13.68,86.03,2,0,0,0,0
TXN-00002966,7.54,14,fuel,69,1230,1,49.66,4.12,90.51,0,0,0,1,0
TXN-00002967,177.75,0,fuel,42,891,0,121.51,8.46,82.3,0,0,1,0,0
TXN-00002968,19.77,15,restaurant,39,832,1,42.06,13.52,83.46,0,0,0,0,0
TXN-00002969,341.37,2,online_shopping,60,1160,2,24.01,20.76,45.43,0,0,0,0,0
TXN-00002970,39.09,9,electronics,37,1698,2,34.49,7.08,82.14,0,0,0,0,0
TXN-00002971,119.04,20,gaming,41,1052,1,33.01,17.26,87.02,0,0,1,0,0
TXN-00002972,38.25,8,pharmacy,63,2575,6,29.11,4.28,79.92,0,0,1,0,0
TXN-00002973,39.16,16,electronics,30,1315,3,16.64,21.55,52.62,1,0,0,0,0
TXN-00002974,21.91,8,online_shopping,18,751,3,56.72,32.1,58.67,0,0,0,0,0
TXN-00002975,45.84,21,travel,37,458,3,17.82,22.56,65.39,0,1,0,0,0
TXN-00002976,56.48,22,gaming,27,1655,2,55.75,11.31,87.33,0,0,1,0,0
TXN-00002977,17.75,21,electronics,38,566,2,42.4,5.63,83.58,1,0,0,0,0
TXN-00002978,35.47,9,cash_withdrawal,22,1425,3,74.97,31.11,86.28,0,0,1,0,0
TXN-00002979,21.31,7,cash_withdrawal,52,1173,4,47.65,2.5,88.34,0,0,1,0,0
TXN-00002980,452.44,14,gaming,47,401,1,10.0,3.08,94.7,1,0,1,1,0
TXN-00002981,36.81,19,restaurant,33,1146,4,11.95,1.27,94.28,0,0,1,0,0
TXN-00002982,204.89,12,cash_withdrawal,54,1258,2,31.13,13.69,87.8,2,0,0,0,0
TXN-00002983,32.94,17,fuel,26,813,3,88.73,28.7,49.67,1,0,0,0,0
TXN-00002984,53.1,21,online_shopping,18,787,2,23.06,90.05,84.08,2,0,1,1,0
TXN-00002985,10.1,18,restaurant,45,839,1,12.21,26.42,59.03,1,0,1,0,0
TXN-00002986,25.29,8,pharmacy,27,1634,4,50.03,2.61,59.78,1,1,1,0,0
TXN-00002987,50.45,5,electronics,67,764,3,86.31,58.59,69.46,0,0,1,0,0
TXN-00002988,213.86,10,restaurant,35,326,0,17.8,9.24,91.73,0,0,1,0,0
TXN-00002989,51.06,13,grocery,42,993,2,21.13,17.08,69.7,0,0,1,0,0
TXN-00002990,172.93,20,cash_withdrawal,35,300,3,86.39,2.6,75.85,1,0,1,0,0
TXN-00002991,79.26,7,restaurant,43,1128,1,13.01,35.8,54.08,1,0,0,0,0
TXN-00002992,223.36,3,grocery,23,540,1,14.91,9.52,88.98,1,0,1,0,0
TXN-00002993,38.02,7,restaurant,72,867,1,14.77,49.35,62.78,1,0,0,1,0
TXN-00002994,497.57,14,travel,28,545,2,33.3,23.86,47.18,0,0,1,0,0
TXN-00002995,24.3,5,gaming,40,1920,2,24.82,42.12,81.05,0,0,0,0,0
TXN-00002996,18.09,9,restaurant,67,1168,1,20.18,8.18,83.92,1,1,0,0,0
TXN-00002997,11.35,6,grocery,42,528,5,52.75,62.17,76.9,0,0,0,0,0
TXN-00002998,467.58,23,fuel,58,1048,4,50.91,28.37,88.4,0,0,1,0,0
TXN-00002999,95.62,12,fuel,21,473,3,76.48,9.51,73.52,0,0,1,0,0
TXN-00003000,28.48,17,pharmacy,35,860,3,31.01,0.68,79.03,1,0,1,0,0
TXN-00003001,150.13,12,restaurant,62,1697,1,49.35,8.7,84.56,0,0,1,0,0
TXN-00003002,83.27,0,fuel,33,1179,0,14.2,8.32,83.83,1,1,0,0,1
TXN-00003003,318.76,6,grocery,42,564,3,47.71,24.96,88.26,1,0,1,0,0
TXN-00003004,7.96,20,pharmacy,22,426,0,49.25,11.65,78.71,2,0,0,0,0
TXN-00003005,30.61,12,online_shopping,47,1263,3,17.86,4.86,69.91,1,0,0,0,0
TXN-00003006,24.89,16,fuel,38,2097,3,44.23,10.52,79.24,0,0,1,0,0
TXN-00003007,5.09,18,jewelry,67,886,1,35.0,8.68,54.16,1,0,1,0,0
TXN-00003008,123.14,13,grocery,41,1655,3,40.34,11.56,90.45,0,0,1,0,0
TXN-00003009,30.45,13,electronics,65,1190,3,55.36,6.55,90.28,0,0,1,0,0
TXN-00003010,87.94,5,online_shopping,70,1253,2,33.51,5.37,95.8,0,0,0,0,0
TXN-00003011,481.91,5,electronics,66,466,6,63.53,5.01,74.09,0,0,0,0,0
TXN-00003012,27.91,3,online_shopping,61,856,3,14.49,17.57,76.98,0,0,0,0,0
TXN-00003013,25.99,7,electronics,51,889,3,17.06,24.23,94.99,0,0,1,0,0
TXN-00003014,45.81,15,electronics,45,241,2,26.94,14.06,75.12,0,0,0,0,0
TXN-00003015,114.05,22,online_shopping,22,659,4,18.13,13.8,82.85,0,0,0,0,0
TXN-00003016,22.31,10,restaurant,25,701,6,35.4,17.81,67.95,0,0,1,0,0
TXN-00003017,20.85,14,travel,40,557,2,24.03,21.94,75.53,1,0,0,0,0
TXN-00003018,122.74,20,cash_withdrawal,56,839,6,24.65,13.63,86.89,0,0,1,0,1
TXN-00003019,60.19,16,grocery,18,1389,0,24.19,27.27,85.14,0,0,1,0,0
TXN-00003020,5.0,6,restaurant,72,1410,1,34.95,2.88,74.67,0,0,1,0,0
TXN-00003021,11.17,6,electronics,75,1806,4,29.82,47.33,78.01,0,0,1,0,0
TXN-00003022,195.64,15,gaming,22,1513,3,38.0,1.5,70.96,0,0,0,0,0
TXN-00003023,61.68,6,online_shopping,23,1090,1,23.24,17.58,47.59,0,0,0,0,0
TXN-00003024,18.17,5,online_shopping,67,1834,2,10.0,1.38,76.81,0,0,1,0,0
TXN-00003025,33.82,14,online_shopping,29,731,2,48.42,7.09,73.18,1,0,1,0,0
TXN-00003026,41.01,15,cash_withdrawal,28,935,1,18.02,5.38,82.35,1,0,0,1,1
TXN-00003027,87.58,6,online_shopping,28,2179,2,35.92,29.39,76.47,0,0,1,0,0
TXN-00003028,9.72,1,restaurant,58,719,1,29.89,10.53,61.85,0,0,1,0,0
TXN-00003029,16.73,18,fuel,25,208,1,126.06,12.14,90.23,1,0,0,0,0
TXN-00003030,53.87,9,online_shopping,28,432,1,10.0,42.76,75.42,1,0,1,0,0
TXN-00003031,36.42,15,fuel,41,882,8,19.52,46.41,52.53,0,0,0,0,0
TXN-00003032,73.73,4,fuel,52,554,4,38.19,1.7,83.59,1,0,0,0,0
TXN-00003033,11.12,7,online_shopping,75,406,3,10.55,7.82,84.93,1,0,1,0,0
TXN-00003034,58.85,14,electronics,31,1429,0,29.08,2.2,88.38,0,0,0,0,0
TXN-00003035,127.25,2,pharmacy,32,1191,3,10.06,0.49,97.19,1,0,1,0,1
TXN-00003036,67.43,7,cash_withdrawal,49,252,0,29.73,4.6,88.16,0,0,1,0,0
TXN-00003037,46.81,17,grocery,42,1575,3,30.64,2.64,86.0,0,0,0,0,0
TXN-00003038,36.57,18,online_shopping,52,2469,4,47.46,4.69,57.89,1,1,1,0,0
TXN-00003039,16.83,8,fuel,32,653,5,35.68,20.25,89.61,0,0,1,0,1
TXN-00003040,37.5,2,electronics,53,1203,3,15.93,1.63,83.69,0,0,1,0,0
TXN-00003041,151.82,0,gaming,71,517,3,31.02,26.5,83.27,1,0,0,0,1
TXN-00003042,35.7,13,restaurant,57,1021,1,36.74,31.37,74.19,0,0,0,0,0
TXN-00003043,15.89,16,jewelry,60,1223,3,16.54,6.0,91.38,0,0,0,0,0
TXN-00003044,24.12,14,cash_withdrawal,22,885,2,56.23,39.81,78.82,1,0,1,0,0
TXN-00003045,49.94,9,restaurant,70,600,3,43.06,7.81,84.62,1,0,1,1,0
TXN-00003046,27.33,0,fuel,58,714,1,10.36,37.2,61.49,0,0,1,1,0
TXN-00003047,67.33,5,electronics,54,292,1,30.27,34.73,96.6,0,0,0,0,0
TXN-00003048,70.03,0,electronics,26,962,1,15.27,17.68,57.84,0,0,1,0,0
TXN-00003049,102.87,11,grocery,50,2005,2,10.0,5.87,95.39,1,0,1,0,0
TXN-00003050,180.32,7,grocery,57,431,2,20.56,2.17,77.76,0,1,1,0,1
TXN-00003051,115.08,1,restaurant,54,1799,3,23.35,3.0,67.93,0,0,1,0,0
TXN-00003052,15.17,14,restaurant,25,801,2,118.83,3.32,93.57,0,0,0,0,0
TXN-00003053,15.66,8,grocery,20,288,0,20.92,13.77,62.41,1,1,1,1,0
TXN-00003054,37.35,23,online_shopping,45,1439,2,30.57,20.54,84.54,0,0,1,0,0
TXN-00003055,25.19,10,online_shopping,59,969,1,36.3,14.18,87.67,0,0,1,0,0
TXN-00003056,12.24,2,restaurant,40,492,2,23.48,11.33,93.85,0,0,0,0,0
TXN-00003057,25.44,16,restaurant,57,618,4,35.49,17.08,95.08,0,0,1,0,0
TXN-00003058,24.58,16,grocery,74,694,6,18.65,5.74,93.54,0,0,0,1,0
TXN-00003059,19.98,22,restaurant,69,860,3,14.53,9.11,89.39,0,0,1,0,0
TXN-00003060,29.03,16,electronics,54,1019,1,20.29,14.76,50.38,0,0,1,0,0
TXN-00003061,139.4,8,online_shopping,60,1038,4,12.89,10.13,92.86,1,0,0,0,1
TXN-00003062,49.86,16,electronics,23,1366,2,43.7,10.49,86.8,1,0,1,0,0
TXN-00003063,542.07,19,online_shopping,22,950,5,28.16,26.42,71.73,0,0,0,0,0
TXN-00003064,48.38,12,gaming,58,1116,1,21.41,0.18,38.58,0,0,0,0,0
TXN-00003065,29.83,19,online_shopping,64,970,4,42.9,28.87,71.1,1,0,1,0,0
TXN-00003066,40.62,23,online_shopping,29,2953,4,19.93,0.63,76.03,0,0,0,0,0
TXN-00003067,52.95,18,restaurant,52,146,3,10.0,11.5,88.52,0,0,0,0,0
TXN-00003068,63.88,12,electronics,34,442,1,20.68,0.13,71.52,0,0,1,0,1
TXN-00003069,358.0,11,restaurant,24,515,2,47.98,2.37,60.58,0,0,1,0,0
TXN-00003070,16.65,20,online_shopping,39,929,7,56.14,14.15,67.63,2,0,0,0,1
TXN-00003071,99.68,20,cash_withdrawal,43,973,2,13.18,1.99,95.4,0,0,1,1,0
TXN-00003072,50.31,6,grocery,63,810,2,19.94,3.54,68.94,0,0,0,0,1
TXN-00003073,7.77,0,travel,68,1207,1,46.93,4.14,85.78,0,0,1,0,0
TXN-00003074,90.85,19,restaurant,72,1296,4,11.08,20.83,64.52,0,0,0,0,0
TXN-00003075,153.09,5,restaurant,24,856,1,23.87,22.36,98.6,0,0,1,0,0
TXN-00003076,16.44,23,grocery,71,1378,1,35.74,13.96,69.46,0,0,1,0,0
TXN-00003077,40.07,0,grocery,48,789,2,72.55,6.89,83.05,0,0,0,1,0
TXN-00003078,6.61,21,fuel,27,1082,6,21.6,2.89,90.29,0,0,0,0,0
TXN-00003079,10.79,16,online_shopping,55,193,5,11.68,18.84,72.48,1,0,0,0,0
TXN-00003080,121.56,7,restaurant,21,863,3,17.51,10.24,90.13,0,0,1,0,0
TXN-00003081,24.79,0,pharmacy,44,1406,4,138.0,8.63,63.8,1,0,1,0,0
TXN-00003082,12.63,20,restaurant,66,171,4,35.69,11.1,75.3,1,0,1,0,0
TXN-00003083,51.47,2,electronics,74,934,3,64.35,43.6,69.26,0,0,1,0,0
TXN-00003084,23.37,2,online_shopping,34,500,4,28.9,4.91,65.56,0,0,1,0,0
TXN-00003085,24.67,18,cash_withdrawal,28,1044,4,17.37,33.71,73.6,1,0,0,0,0
TXN-00003086,87.91,16,online_shopping,51,808,3,14.54,2.44,66.44,0,0,1,0,1
TXN-00003087,11.94,3,online_shopping,27,1104,3,21.53,5.33,61.57,0,1,1,0,0
TXN-00003088,15.63,8,restaurant,74,600,7,46.55,3.13,73.89,0,1,0,0,0
TXN-00003089,47.55,15,fuel,37,840,3,12.44,36.0,92.78,0,0,0,0,0
TXN-00003090,111.93,15,travel,28,485,4,46.59,13.71,62.33,1,0,0,0,0
TXN-00003091,148.42,8,pharmacy,31,694,2,13.71,50.93,92.76,1,0,1,0,0
TXN-00003092,20.12,9,grocery,39,1001,1,23.9,39.17,96.62,1,0,1,0,0
TXN-00003093,108.23,1,grocery,61,319,3,28.0,8.98,85.83,0,1,1,0,0
TXN-00003094,17.75,0,restaurant,68,862,4,43.11,11.93,62.17,0,0,1,1,0
TXN-00003095,275.21,23,online_shopping,60,431,3,24.04,11.87,80.86,2,0,0,0,1
TXN-00003096,12.3,5,jewelry,55,778,1,40.9,25.08,72.05,0,0,0,0,0
TXN-00003097,163.19,22,travel,33,395,4,23.7,45.47,74.11,1,0,1,0,0
TXN-00003098,20.3,1,online_shopping,72,2310,0,37.39,6.19,81.06,0,0,1,0,0
TXN-00003099,334.93,23,grocery,75,1402,6,28.62,11.12,98.47,0,1,0,0,1
TXN-00003100,75.26,10,cash_withdrawal,54,806,5,32.99,1.85,83.71,0,0,1,1,0
TXN-00003101,13.92,19,online_shopping,63,1792,0,32.68,23.47,68.51,0,0,0,0,0
TXN-00003102,23.37,20,cash_withdrawal,35,611,4,27.2,7.64,83.35,0,0,0,0,0
TXN-00003103,91.86,8,gaming,43,1595,4,61.93,9.66,75.22,0,0,1,0,0
TXN-00003104,122.15,17,electronics,64,1116,5,42.71,17.12,88.28,3,1,0,0,1
TXN-00003105,37.55,8,grocery,42,626,1,32.48,38.93,49.24,0,0,0,0,0
TXN-00003106,42.39,18,electronics,62,1225,2,20.4,18.03,74.16,0,1,1,1,0
TXN-00003107,89.68,23,online_shopping,67,1436,2,139.93,24.83,76.09,1,0,1,0,0
TXN-00003108,46.45,19,electronics,72,879,0,79.04,1.2,80.23,1,0,0,0,0
TXN-00003109,10.4,17,online_shopping,34,1350,3,15.21,14.07,78.26,1,0,1,0,0
TXN-00003110,17.23,8,cash_withdrawal,45,1290,5,43.12,0.07,63.56,0,0,0,0,0
TXN-00003111,51.77,2,pharmacy,40,1052,2,65.51,19.03,72.66,0,0,1,0,0
TXN-00003112,144.93,12,online_shopping,47,393,5,40.23,5.23,90.59,1,0,1,0,1
TXN-00003113,220.69,3,grocery,61,1031,3,29.04,26.43,78.44,0,0,0,0,0
TXN-00003114,91.7,12,online_shopping,36,160,2,19.58,2.76,87.66,1,0,0,0,0
TXN-00003115,54.69,20,fuel,31,866,1,39.7,8.38,37.27,2,0,1,0,0
TXN-00003116,88.79,2,pharmacy,33,1183,3,16.21,1.65,61.32,0,0,1,1,0
TXN-00003117,20.08,21,online_shopping,62,510,1,22.83,31.98,62.47,1,0,1,0,0
TXN-00003118,34.44,14,jewelry,75,1370,1,20.8,22.81,70.04,0,0,0,0,1
TXN-00003119,17.02,1,jewelry,23,676,1,40.77,12.24,68.19,3,0,0,0,0
TXN-00003120,10.9,17,online_shopping,74,517,3,70.86,1.95,62.65,0,0,1,0,0
TXN-00003121,57.41,0,cash_withdrawal,19,1268,2,21.38,24.46,83.12,0,0,1,0,0
TXN-00003122,49.15,14,fuel,48,1816,3,22.77,32.11,75.42,1,0,1,0,0
TXN-00003123,83.27,12,fuel,25,969,1,67.71,20.04,85.56,1,0,1,0,0
TXN-00003124,71.77,17,online_shopping,73,1749,5,20.65,18.55,97.93,1,0,1,0,0
TXN-00003125,52.18,9,electronics,62,626,2,10.0,2.83,85.3,0,0,0,1,0
TXN-00003126,72.56,2,grocery,38,559,1,97.61,30.44,79.13,0,0,1,0,0
TXN-00003127,38.67,9,online_shopping,57,1537,2,56.23,3.31,63.5,1,0,1,0,0
TXN-00003128,62.4,18,cash_withdrawal,67,1186,3,49.31,0.94,55.86,2,0,0,0,0
TXN-00003129,18.87,22,online_shopping,30,419,5,37.29,5.97,58.49,2,0,1,0,0
TXN-00003130,59.63,4,grocery,54,1898,1,27.76,71.63,84.34,1,0,1,0,0
TXN-00003131,81.6,8,gaming,35,866,3,10.0,16.7,88.25,0,0,0,0,0
TXN-00003132,20.02,21,restaurant,59,906,7,25.38,0.88,83.27,1,0,1,0,0
TXN-00003133,42.71,7,electronics,50,2032,1,25.0,8.02,88.09,0,1,0,0,0
TXN-00003134,21.01,5,cash_withdrawal,59,1774,1,26.81,3.79,98.8,0,0,0,0,0
TXN-00003135,23.27,19,electronics,54,1704,4,42.46,0.17,48.46,0,0,1,0,0
TXN-00003136,12.41,11,electronics,54,628,0,77.81,49.44,81.91,0,1,0,0,0
TXN-00003137,152.79,13,restaurant,22,1051,0,27.78,16.61,79.61,0,0,1,0,0
TXN-00003138,123.84,11,restaurant,67,1156,1,25.52,64.99,94.67,0,0,0,0,0
TXN-00003139,71.12,14,grocery,27,533,1,77.59,3.1,82.84,1,0,0,0,0
TXN-00003140,320.8,6,online_shopping,40,427,2,17.41,1.16,91.18,1,0,1,0,0
TXN-00003141,33.16,17,online_shopping,47,836,1,28.58,68.65,91.9,0,0,1,0,0
TXN-00003142,975.89,8,restaurant,67,1362,2,29.72,1.59,79.95,0,0,1,1,0
TXN-00003143,31.85,12,gaming,54,176,1,17.42,13.45,75.23,0,0,1,0,0
TXN-00003144,52.88,4,grocery,28,944,0,23.38,8.46,75.78,1,0,1,0,0
TXN-00003145,26.64,0,fuel,34,460,5,23.57,23.64,74.51,1,0,0,0,0
TXN-00003146,59.8,13,gaming,29,1428,1,48.3,22.03,75.44,0,0,1,0,0
TXN-00003147,97.26,3,electronics,52,1074,5,24.16,1.76,73.9,1,0,1,0,1
TXN-00003148,35.89,21,grocery,59,455,1,24.6,4.25,83.44,0,1,1,0,0
TXN-00003149,261.27,23,electronics,59,1443,3,39.69,31.16,92.39,0,0,1,0,0
TXN-00003150,51.99,7,restaurant,61,1070,2,21.27,5.89,72.0,0,0,0,1,1
TXN-00003151,53.73,6,travel,58,801,4,16.17,4.57,69.85,0,0,1,0,0
TXN-00003152,15.57,12,online_shopping,70,2325,1,163.75,3.73,87.92,0,0,1,0,0
TXN-00003153,62.77,4,gaming,70,846,1,28.19,15.28,57.1,0,0,1,0,0
TXN-00003154,35.14,20,pharmacy,33,680,4,33.84,19.07,72.48,0,0,1,0,1
TXN-00003155,21.36,2,fuel,35,1228,2,24.53,27.1,73.8,1,0,1,0,0
TXN-00003156,17.9,10,electronics,21,1952,4,10.99,47.15,79.95,0,0,1,0,0
TXN-00003157,668.71,4,pharmacy,33,186,2,20.88,44.74,49.82,0,0,0,0,0
TXN-00003158,30.67,19,online_shopping,47,1587,2,14.15,3.69,86.16,0,1,1,0,0
TXN-00003159,8.76,3,restaurant,56,1256,2,41.63,3.07,84.67,1,0,1,0,0
TXN-00003160,19.43,10,grocery,68,1797,2,38.3,0.52,51.41,2,0,1,0,0
TXN-00003161,38.32,20,restaurant,52,1639,1,42.61,17.84,80.85,0,0,0,0,0
TXN-00003162,71.81,10,grocery,74,1134,2,15.41,39.66,76.17,1,0,0,0,0
TXN-00003163,72.42,4,electronics,50,1240,3,10.0,0.26,91.81,0,1,1,0,1
TXN-00003164,82.31,3,restaurant,67,971,2,10.0,17.3,80.64,0,0,0,1,0
TXN-00003165,20.55,14,restaurant,64,1835,1,37.88,3.79,76.86,1,0,1,0,0
TXN-00003166,57.83,2,travel,46,619,1,22.58,20.22,63.61,1,0,1,1,1
TXN-00003167,16.12,8,online_shopping,68,965,2,12.72,19.29,83.73,4,0,1,0,0
TXN-00003168,21.1,14,electronics,68,1365,0,41.73,0.97,62.61,0,0,0,0,0
TXN-00003169,15.43,9,online_shopping,36,1444,4,51.38,36.71,78.07,0,0,1,0,0
TXN-00003170,11.61,19,grocery,30,1447,5,28.08,4.32,62.85,1,0,1,0,0
TXN-00003171,123.65,16,travel,25,1188,4,19.98,10.96,63.64,0,0,0,0,0
TXN-00003172,83.35,3,online_shopping,71,1452,2,25.23,13.15,92.83,0,1,0,0,1
TXN-00003173,112.79,19,online_shopping,43,1238,2,62.43,18.51,71.93,1,0,1,0,0
TXN-00003174,42.15,21,electronics,50,2039,2,58.0,9.25,44.76,0,0,0,0,0
TXN-00003175,91.44,4,grocery,33,607,3,25.17,0.73,86.82,2,0,1,1,1
TXN-00003176,6.36,8,pharmacy,40,1449,2,31.87,15.52,50.99,0,0,0,0,0
TXN-00003177,100.11,9,restaurant,41,893,3,560.81,4.65,77.65,0,0,1,1,1
TXN-00003178,48.71,10,pharmacy,51,1007,4,115.3,64.63,48.44,0,0,0,0,0
TXN-00003179,78.14,11,grocery,28,2115,1,30.07,10.99,86.2,1,1,1,0,0
TXN-00003180,60.28,21,fuel,63,2101,3,73.97,10.87,86.13,0,0,1,1,0
TXN-00003181,14.35,15,travel,40,1835,1,37.49,6.77,62.13,1,0,1,0,0
TXN-00003182,8.39,21,fuel,31,728,2,76.57,1.69,78.16,0,0,1,0,0
TXN-00003183,19.15,8,electronics,18,689,2,18.37,5.25,88.37,3,0,0,0,0
TXN-00003184,73.2,12,online_shopping,23,454,7,47.31,5.77,78.85,0,0,1,0,0
TXN-00003185,83.48,2,online_shopping,33,1914,1,56.85,4.5,71.72,1,0,0,0,1
TXN-00003186,9.62,6,electronics,60,542,3,28.89,4.31,98.37,1,0,0,0,0
TXN-00003187,14.44,14,travel,67,810,2,22.21,6.21,74.41,3,0,1,1,0
TXN-00003188,18.93,4,fuel,73,730,2,33.96,2.79,84.81,0,0,0,0,0
TXN-00003189,27.79,23,gaming,35,682,4,12.15,54.81,65.91,0,0,1,0,0
TXN-00003190,9.68,6,restaurant,54,314,8,22.71,3.0,95.13,0,0,1,0,0
TXN-00003191,9.09,3,pharmacy,33,771,5,20.51,21.23,79.06,0,0,1,0,0
TXN-00003192,17.07,18,online_shopping,26,1050,1,51.13,11.58,75.82,0,0,0,0,0
TXN-00003193,44.28,2,grocery,49,493,4,41.01,10.28,90.54,0,1,0,0,1
TXN-00003194,11.71,7,online_shopping,55,631,1,44.64,2.93,71.16,1,0,1,0,0
TXN-00003195,35.82,4,cash_withdrawal,62,1777,3,63.09,9.47,72.68,1,0,1,0,0
TXN-00003196,122.91,16,fuel,24,571,3,14.2,10.32,50.69,1,0,1,0,0
TXN-00003197,10.31,20,restaurant,61,913,4,84.01,3.7,89.11,3,0,0,1,0
TXN-00003198,32.56,4,grocery,35,945,2,53.22,3.27,67.63,0,0,0,1,0
TXN-00003199,118.63,9,electronics,34,637,0,12.02,2.25,91.57,1,0,1,0,0
TXN-00003200,26.07,11,online_shopping,19,1530,4,48.69,48.6,79.47,1,0,0,0,0
TXN-00003201,22.15,16,grocery,29,1742,1,42.48,4.74,89.71,0,0,0,0,0
TXN-00003202,137.23,8,pharmacy,46,423,1,38.38,7.29,73.99,0,0,1,0,0
TXN-00003203,29.33,12,electronics,28,722,2,16.05,28.12,97.66,1,0,1,0,0
TXN-00003204,128.99,12,cash_withdrawal,36,611,2,29.17,2.94,63.92,0,0,1,0,0
TXN-00003205,63.46,0,restaurant,48,814,3,45.29,56.85,79.77,1,0,0,0,0
TXN-00003206,28.22,13,grocery,23,946,2,30.23,5.52,66.38,2,0,1,0,0
TXN-00003207,66.93,13,grocery,68,326,1,12.49,12.56,94.42,0,0,1,0,0
TXN-00003208,56.63,23,fuel,35,944,2,23.33,47.86,73.72,1,0,0,0,0
TXN-00003209,118.15,12,online_shopping,62,260,1,37.17,4.22,97.85,0,0,1,0,0
TXN-00003210,22.74,21,electronics,55,2109,3,26.21,0.24,98.24,2,0,0,0,0
TXN-00003211,42.24,8,pharmacy,61,1661,1,100.28,1.2,83.36,1,0,1,1,1
TXN-00003212,37.92,16,online_shopping,34,244,1,48.17,22.96,74.26,1,0,0,1,1
TXN-00003213,84.72,21,pharmacy,27,1044,3,46.97,4.32,63.62,0,0,1,0,0
TXN-00003214,13.78,3,cash_withdrawal,26,363,6,33.27,52.4,79.1,0,1,1,0,1
TXN-00003215,117.66,13,restaurant,31,1424,3,22.27,2.01,87.23,1,0,0,0,0
TXN-00003216,66.0,22,restaurant,49,762,2,89.35,0.97,69.91,0,1,0,1,0
TXN-00003217,10.15,13,restaurant,54,1593,1,23.34,2.48,72.95,0,0,1,0,0
TXN-00003218,143.84,21,online_shopping,61,1469,1,31.15,36.8,95.36,1,1,1,0,0
TXN-00003219,422.33,10,cash_withdrawal,73,809,2,28.18,35.88,79.72,0,0,0,0,1
TXN-00003220,115.81,21,jewelry,66,907,4,12.12,7.85,45.26,2,0,0,0,0
TXN-00003221,180.97,15,cash_withdrawal,38,621,1,39.73,0.64,85.66,1,0,0,0,0
TXN-00003222,44.24,11,online_shopping,45,376,3,56.17,8.45,55.92,0,0,0,0,0
TXN-00003223,7.07,5,online_shopping,73,935,3,20.54,5.03,54.72,0,0,0,0,0
TXN-00003224,5.83,4,fuel,59,1319,2,24.6,16.51,73.0,2,0,0,0,0
TXN-00003225,52.87,6,grocery,42,992,1,17.49,5.63,90.79,1,0,0,0,0
TXN-00003226,21.72,18,pharmacy,66,882,3,95.76,9.07,70.48,0,1,1,0,0
TXN-00003227,15.48,11,online_shopping,25,1236,5,39.52,18.19,87.91,0,0,0,0,0
TXN-00003228,37.87,9,electronics,57,868,0,70.23,10.88,62.33,0,0,1,0,0
TXN-00003229,77.2,11,online_shopping,73,1045,1,22.83,6.33,88.89,3,0,0,0,0
TXN-00003230,8.8,8,restaurant,48,793,2,42.87,24.06,86.18,0,0,0,0,0
TXN-00003231,25.25,19,pharmacy,53,924,2,10.8,1.76,83.99,2,0,1,0,0
TXN-00003232,197.43,9,cash_withdrawal,21,476,4,20.23,7.74,93.75,1,0,0,1,1
TXN-00003233,13.08,11,electronics,53,663,2,111.97,0.29,80.57,1,0,1,0,0
TXN-00003234,100.81,13,gaming,34,2078,2,39.01,42.41,73.76,0,0,1,0,0
TXN-00003235,24.31,15,fuel,75,445,0,24.17,6.94,80.32,3,0,1,0,0
TXN-00003236,71.74,8,grocery,36,2150,2,10.0,0.75,73.79,1,0,0,0,0
TXN-00003237,128.02,1,cash_withdrawal,36,1024,4,33.7,25.91,88.42,0,0,0,0,0
TXN-00003238,88.09,16,travel,40,372,2,22.78,8.94,93.33,0,0,1,0,0
TXN-00003239,105.07,13,grocery,58,1444,5,51.98,11.25,78.26,0,1,0,0,0
TXN-00003240,12.07,15,restaurant,73,432,1,11.65,29.66,58.97,2,0,1,0,0
TXN-00003241,130.24,13,grocery,38,1376,4,53.43,4.78,60.01,0,0,0,1,0
TXN-00003242,16.52,12,online_shopping,30,1167,2,22.31,39.12,79.94,0,0,1,0,0
TXN-00003243,53.12,22,electronics,62,989,1,15.27,5.48,87.06,1,0,0,0,0
TXN-00003244,53.05,1,pharmacy,49,1095,3,33.78,2.16,82.98,0,0,0,0,0
TXN-00003245,67.31,2,grocery,44,1125,2,97.62,19.51,92.23,0,0,1,0,0
TXN-00003246,57.62,22,grocery,75,852,1,47.92,16.75,91.08,0,0,1,0,0
TXN-00003247,16.68,21,online_shopping,46,2229,2,36.64,12.55,82.35,2,0,1,1,0
TXN-00003248,9.8,9,restaurant,53,1808,2,21.13,4.72,75.79,1,0,0,0,0
TXN-00003249,101.09,12,grocery,74,1416,4,75.27,6.25,82.03,1,0,0,0,0
TXN-00003250,49.16,10,online_shopping,30,794,1,37.56,18.92,95.68,1,1,0,0,0
TXN-00003251,135.21,23,travel,70,755,3,10.0,1.93,72.43,0,0,0,0,1
TXN-00003252,38.59,10,cash_withdrawal,73,1122,4,49.15,8.74,77.0,0,1,1,0,0
TXN-00003253,9.25,18,travel,45,759,2,35.01,32.83,90.08,2,0,0,0,0
TXN-00003254,111.55,8,pharmacy,37,856,4,27.66,11.86,80.0,1,0,0,1,0
TXN-00003255,27.42,9,fuel,27,1429,2,67.05,11.78,74.44,1,0,1,0,0
TXN-00003256,57.92,16,fuel,20,1843,2,18.51,4.89,88.67,0,0,1,0,0
TXN-00003257,20.49,9,gaming,75,1136,0,21.21,0.2,88.6,0,0,1,0,0
TXN-00003258,227.36,0,fuel,43,285,4,26.61,0.71,79.13,0,0,1,0,1
TXN-00003259,16.11,4,restaurant,56,1060,2,39.04,7.16,81.74,0,0,1,0,0
TXN-00003260,28.38,20,gaming,31,361,1,20.08,11.05,81.79,0,0,1,0,0
TXN-00003261,45.28,8,gaming,36,1394,1,15.62,3.21,94.9,0,0,0,0,0
TXN-00003262,12.85,2,grocery,65,1473,2,26.13,15.54,80.14,1,0,0,0,0
TXN-00003263,57.23,22,grocery,56,1647,0,21.48,9.49,68.4,0,0,1,0,0
TXN-00003264,219.75,23,restaurant,30,2936,5,86.99,4.09,63.61,0,0,0,0,0
TXN-00003265,24.17,11,restaurant,18,742,3,10.0,9.77,74.63,0,0,1,0,0
TXN-00003266,61.25,15,electronics,65,1970,2,52.75,12.11,88.54,0,0,1,0,0
TXN-00003267,5.0,18,restaurant,22,1870,1,10.0,5.96,63.4,0,0,0,0,0
TXN-00003268,38.83,1,grocery,20,1070,3,28.14,25.82,77.51,1,0,1,0,0
TXN-00003269,29.12,7,restaurant,35,434,1,14.65,21.18,87.45,0,0,1,0,0
TXN-00003270,17.13,13,gaming,71,1760,5,10.79,14.98,94.69,0,0,1,0,0
TXN-00003271,125.9,13,gaming,55,2002,6,69.84,22.83,96.52,1,0,1,0,1
TXN-00003272,28.72,7,restaurant,20,514,2,47.46,61.5,82.84,1,0,1,0,0
TXN-00003273,33.57,0,jewelry,71,1332,4,30.76,1.19,73.55,0,1,0,0,1
TXN-00003274,27.22,22,electronics,72,1030,1,32.16,3.87,84.42,0,0,0,0,0
TXN-00003275,5.41,14,grocery,58,1001,3,17.98,5.13,70.14,0,0,1,0,0
TXN-00003276,12.32,18,online_shopping,22,371,3,21.9,27.27,85.66,0,0,1,0,0
TXN-00003277,110.96,10,travel,18,1738,6,18.87,29.69,93.22,1,0,1,0,0
TXN-00003278,5.0,12,cash_withdrawal,68,799,1,20.99,6.86,65.83,0,0,1,0,0
TXN-00003279,18.09,10,grocery,65,2385,4,25.74,7.12,83.46,0,1,1,0,0
TXN-00003280,26.58,10,electronics,66,886,1,70.16,5.42,70.65,1,0,1,0,0
TXN-00003281,252.35,16,cash_withdrawal,46,744,2,43.44,43.38,83.77,0,0,1,0,0
TXN-00003282,90.65,23,electronics,52,789,1,36.16,8.3,69.52,3,1,1,0,1
TXN-00003283,22.53,18,travel,28,910,0,15.5,98.96,70.04,0,0,0,0,0
TXN-00003284,159.13,16,grocery,20,896,1,39.51,4.89,85.66,0,0,0,0,0
TXN-00003285,18.59,0,online_shopping,30,1741,1,10.0,13.82,92.47,1,0,1,0,0
TXN-00003286,116.69,12,fuel,54,891,1,18.83,1.97,81.69,0,0,0,1,0
TXN-00003287,9.71,22,online_shopping,41,1885,6,13.25,8.56,45.48,0,0,1,0,0
TXN-00003288,124.83,9,pharmacy,53,1720,0,23.19,1.51,91.59,0,0,1,0,0
TXN-00003289,26.41,13,travel,43,1605,2,24.5,2.82,69.64,0,0,0,0,0
TXN-00003290,13.74,7,travel,50,1463,3,22.27,23.38,76.79,0,0,1,0,0
TXN-00003291,32.2,4,grocery,73,557,4,29.17,16.13,89.84,0,0,0,0,0
TXN-00003292,54.12,16,electronics,54,1513,2,32.54,14.62,67.85,1,0,0,0,0
TXN-00003293,24.06,7,travel,73,1723,3,70.5,5.41,95.34,1,0,0,1,0
TXN-00003294,72.36,14,grocery,74,1944,4,17.44,0.86,77.83,0,0,1,0,0
TXN-00003295,21.93,14,electronics,53,385,6,17.17,4.24,75.88,0,0,0,0,0
TXN-00003296,77.59,20,electronics,75,1681,1,27.51,2.86,85.62,0,0,1,0,0
TXN-00003297,64.35,22,grocery,32,392,2,35.95,2.89,84.85,1,0,1,0,0
TXN-00003298,37.94,13,cash_withdrawal,48,1368,2,30.25,47.28,76.02,1,0,1,0,0
TXN-00003299,25.45,1,cash_withdrawal,22,1253,2,96.76,21.03,91.67,0,0,1,0,0
TXN-00003300,47.42,13,online_shopping,23,618,2,51.17,102.75,76.55,0,0,1,0,0
TXN-00003301,72.08,21,electronics,25,1059,3,72.07,38.99,75.19,2,1,1,0,0
TXN-00003302,352.44,11,online_shopping,25,950,2,39.6,2.02,62.38,0,0,1,0,0
TXN-00003303,108.46,13,restaurant,41,1292,3,31.16,14.26,95.36,0,0,0,0,0
TXN-00003304,112.71,18,grocery,59,1037,3,10.0,1.26,93.97,1,1,0,0,1
TXN-00003305,1035.81,10,restaurant,75,1204,1,30.41,23.96,91.24,0,0,0,0,0
TXN-00003306,69.53,9,gaming,74,865,2,23.8,45.06,61.69,0,0,1,0,0
TXN-00003307,67.28,11,online_shopping,28,2792,1,24.21,7.41,89.16,0,0,1,0,0
TXN-00003308,84.71,20,grocery,43,1220,2,55.82,14.69,36.7,0,0,0,0,0
TXN-00003309,14.02,11,restaurant,43,793,6,12.38,12.69,56.01,0,0,1,0,0
TXN-00003310,25.38,7,online_shopping,23,767,2,59.46,0.0,64.97,1,1,0,0,0
TXN-00003311,23.77,14,online_shopping,20,1474,1,44.12,10.34,63.29,0,0,0,0,1
TXN-00003312,79.84,16,restaurant,38,3491,2,33.79,47.9,69.57,1,0,1,0,0
TXN-00003313,33.69,21,fuel,67,1816,4,49.52,16.87,89.9,0,1,1,0,0
TXN-00003314,46.76,21,gaming,40,1008,1,10.0,4.98,60.01,1,0,1,0,0
TXN-00003315,126.7,18,cash_withdrawal,40,358,3,37.25,5.14,90.85,0,0,1,0,0
TXN-00003316,100.11,18,online_shopping,75,639,1,11.05,8.56,95.07,0,0,0,0,0
TXN-00003317,34.13,10,pharmacy,39,732,1,36.49,4.05,79.76,0,0,0,0,0
TXN-00003318,20.02,8,jewelry,57,344,2,13.25,16.61,93.95,1,0,0,1,0
TXN-00003319,133.22,13,restaurant,74,920,3,17.2,8.41,88.12,0,0,0,0,1
TXN-00003320,91.16,16,electronics,24,1383,3,21.48,7.16,77.66,1,0,1,0,0
TXN-00003321,7.49,12,grocery,47,826,1,23.97,10.32,76.64,0,0,0,0,0
TXN-00003322,29.11,4,cash_withdrawal,37,1555,1,32.6,2.67,83.94,1,0,1,0,1
TXN-00003323,48.12,0,pharmacy,24,761,2,45.6,13.48,65.89,0,0,1,0,0
TXN-00003324,91.63,1,travel,20,460,0,136.9,5.88,90.92,1,0,1,0,0
TXN-00003325,105.17,10,electronics,55,691,2,18.5,37.16,91.87,1,0,0,0,0
TXN-00003326,54.49,18,electronics,55,648,1,31.16,7.58,73.63,0,1,0,0,0
TXN-00003327,74.78,18,online_shopping,50,397,1,27.03,6.77,95.91,1,0,0,0,0
TXN-00003328,43.26,19,online_shopping,57,571,1,14.32,15.19,48.78,0,0,0,0,0
TXN-00003329,19.93,17,restaurant,59,311,2,10.0,9.54,63.64,1,0,0,0,0
TXN-00003330,30.74,0,restaurant,21,298,3,15.37,9.87,89.98,0,1,0,0,1
TXN-00003331,41.26,21,cash_withdrawal,19,817,2,19.83,3.49,96.72,0,0,0,0,0
TXN-00003332,39.0,22,travel,37,725,2,22.24,10.79,95.78,1,0,1,0,0
TXN-00003333,5.59,20,online_shopping,50,2497,1,11.25,1.0,79.19,0,0,1,0,0
TXN-00003334,26.65,10,jewelry,70,586,2,23.38,63.24,90.92,0,0,0,0,0
TXN-00003335,42.91,5,pharmacy,74,787,3,25.39,2.26,87.22,0,0,0,0,0
TXN-00003336,30.1,21,online_shopping,65,1103,3,15.86,11.62,52.2,2,0,0,0,1
TXN-00003337,31.21,4,travel,34,1611,3,46.54,17.19,52.73,0,0,0,0,1
TXN-00003338,67.52,18,grocery,51,1908,0,10.0,0.53,89.31,0,0,1,0,0
TXN-00003339,13.03,23,electronics,24,1111,1,34.13,11.25,68.64,2,0,1,0,0
TXN-00003340,7.32,21,restaurant,46,928,1,24.55,2.15,73.66,1,0,0,0,0
TXN-00003341,28.06,12,jewelry,23,670,7,30.13,17.06,56.83,1,0,0,0,0
TXN-00003342,90.23,20,grocery,75,1039,3,37.34,9.17,36.05,0,0,0,0,1
TXN-00003343,237.92,19,cash_withdrawal,44,1832,3,34.5,2.89,57.72,2,0,1,0,1
TXN-00003344,91.95,23,fuel,59,1021,4,10.0,20.65,78.54,0,0,0,0,0
TXN-00003345,8.66,8,online_shopping,24,1235,2,24.14,1.16,91.63,2,0,1,0,0
TXN-00003346,31.69,15,electronics,73,1513,2,38.61,4.97,96.97,1,0,1,0,0
TXN-00003347,52.96,19,grocery,48,1184,2,39.47,22.43,67.67,0,0,1,0,0
TXN-00003348,48.74,5,grocery,22,1293,2,16.98,47.56,91.78,0,0,0,0,1
TXN-00003349,71.26,5,restaurant,39,1166,2,14.12,10.34,68.11,0,0,0,0,0
TXN-00003350,15.44,9,online_shopping,30,554,3,41.33,6.72,80.35,1,0,1,0,0
TXN-00003351,43.3,8,grocery,21,1052,3,39.19,3.21,80.48,1,0,0,0,0
TXN-00003352,62.89,18,cash_withdrawal,19,1112,0,14.15,27.56,64.85,0,0,0,1,0
TXN-00003353,96.25,22,restaurant,59,2192,2,12.37,8.75,86.65,0,0,0,0,0
TXN-00003354,17.36,3,online_shopping,68,675,7,21.85,0.36,91.17,1,0,0,0,0
TXN-00003355,28.15,7,cash_withdrawal,56,1086,1,17.01,1.19,74.18,1,0,0,0,0
TXN-00003356,5.0,22,online_shopping,58,814,2,30.54,1.86,59.27,0,0,1,0,0
TXN-00003357,21.06,14,pharmacy,20,2098,1,67.47,30.74,40.26,1,1,1,0,0
TXN-00003358,23.32,4,grocery,28,1706,5,12.44,5.14,39.89,0,0,1,0,0
TXN-00003359,13.87,14,travel,19,1076,3,25.52,0.12,84.54,1,0,1,0,0
TXN-00003360,48.13,21,travel,74,148,2,16.84,16.74,64.91,0,0,0,0,1
TXN-00003361,38.14,8,grocery,60,1744,4,45.38,15.54,59.73,1,0,1,1,0
TXN-00003362,5.0,11,online_shopping,73,414,4,47.33,12.21,79.18,1,0,1,0,0
TXN-00003363,50.72,14,fuel,70,319,5,15.37,7.61,71.04,0,0,1,1,0
TXN-00003364,15.26,20,online_shopping,31,1558,0,56.37,39.8,57.0,0,0,0,0,1
TXN-00003365,67.35,13,electronics,47,1262,4,47.43,5.52,47.68,0,0,1,1,0
TXN-00003366,10.53,22,gaming,55,1202,4,24.73,8.04,64.82,0,0,1,0,0
TXN-00003367,41.74,18,grocery,61,693,1,44.74,7.09,72.08,0,0,1,0,0
TXN-00003368,30.04,10,electronics,56,373,0,11.32,25.57,85.8,0,0,0,0,0
TXN-00003369,55.6,11,online_shopping,44,174,4,95.09,11.61,88.22,0,0,0,0,0
TXN-00003370,46.11,16,restaurant,18,1199,3,28.52,1.99,53.18,0,0,1,0,0
TXN-00003371,30.94,1,jewelry,72,461,1,62.34,1.5,85.81,1,0,1,0,0
TXN-00003372,8.06,5,travel,57,1308,1,18.62,35.76,83.12,1,1,0,0,0
TXN-00003373,8.58,5,gaming,66,500,0,10.0,30.17,66.21,0,0,1,0,0
TXN-00003374,21.91,19,online_shopping,30,1089,2,37.24,15.42,79.0,1,0,1,0,0
TXN-00003375,40.1,19,electronics,24,541,4,16.97,13.55,74.48,1,0,0,1,0
TXN-00003376,21.36,19,grocery,70,1487,3,18.2,13.68,83.73,1,0,0,0,0
TXN-00003377,77.98,2,cash_withdrawal,64,1173,2,32.07,19.2,93.4,0,0,0,0,0
TXN-00003378,30.17,7,grocery,66,1039,3,47.23,6.29,87.38,1,0,1,0,0
TXN-00003379,14.68,7,online_shopping,43,593,1,34.61,33.53,74.79,0,0,0,0,0
TXN-00003380,30.2,0,restaurant,70,401,1,54.51,0.41,77.07,0,0,1,0,0
TXN-00003381,51.27,6,fuel,31,1203,0,24.07,16.35,58.42,0,0,1,0,0
TXN-00003382,56.89,10,grocery,61,703,7,66.43,25.65,81.66,0,0,0,0,0
TXN-00003383,290.7,21,pharmacy,46,1003,1,46.83,5.14,54.3,1,0,0,0,0
TXN-00003384,20.04,4,pharmacy,27,972,1,13.54,10.41,84.71,0,0,0,0,0
TXN-00003385,37.44,20,grocery,59,937,2,41.45,120.66,88.92,2,0,1,0,0
TXN-00003386,63.27,19,electronics,38,1716,3,27.88,3.75,85.34,1,0,1,0,0
TXN-00003387,39.46,3,grocery,27,948,3,16.32,2.99,82.94,1,0,0,0,0
TXN-00003388,23.91,6,electronics,59,548,5,39.76,8.15,67.34,0,1,0,0,0
TXN-00003389,7.95,10,online_shopping,62,1355,4,36.02,12.56,80.07,0,0,1,1,0
TXN-00003390,23.66,22,grocery,36,1330,2,42.15,2.98,65.5,0,1,0,0,0
TXN-00003391,13.1,18,pharmacy,74,661,2,13.37,78.11,95.35,0,0,1,0,0
TXN-00003392,6.6,23,pharmacy,59,596,4,10.0,32.8,93.57,0,0,1,0,0
TXN-00003393,17.54,7,restaurant,19,1169,2,21.81,19.94,87.04,0,0,1,0,0
TXN-00003394,13.47,21,cash_withdrawal,37,476,5,22.73,9.72,86.16,0,0,1,0,0
TXN-00003395,74.66,22,restaurant,74,1176,3,37.12,41.44,82.77,2,0,1,0,0
TXN-00003396,76.03,14,grocery,28,1955,0,10.0,10.77,56.58,0,0,0,0,0
TXN-00003397,15.66,3,online_shopping,73,1346,3,41.08,29.92,63.24,0,0,1,0,0
TXN-00003398,30.78,6,online_shopping,48,2010,6,46.36,3.3,86.39,0,0,1,0,0
TXN-00003399,5.75,3,travel,57,1007,0,48.32,16.79,66.55,2,0,1,0,0
TXN-00003400,24.07,19,fuel,57,1005,2,46.96,6.42,85.68,0,0,0,0,0
TXN-00003401,61.49,7,electronics,47,1066,2,13.37,17.84,92.85,0,0,0,0,0
TXN-00003402,96.18,16,grocery,47,1236,1,15.45,14.98,75.25,2,0,1,0,0
TXN-00003403,19.13,6,cash_withdrawal,50,1198,3,23.93,18.9,90.7,0,0,1,0,0
TXN-00003404,122.05,23,electronics,55,608,3,24.67,3.37,75.29,2,0,0,0,1
TXN-00003405,8.24,18,pharmacy,60,961,2,14.73,17.37,56.93,0,0,0,0,0
TXN-00003406,10.91,9,restaurant,43,1687,3,30.64,26.71,84.45,1,0,1,0,0
TXN-00003407,85.21,11,online_shopping,43,536,2,36.99,24.03,95.91,0,0,1,0,0
TXN-00003408,233.85,1,gaming,63,110,4,34.29,16.17,67.25,0,1,1,0,1
TXN-00003409,67.9,3,gaming,61,1065,2,30.35,0.46,90.82,1,1,1,0,1
TXN-00003410,38.77,23,restaurant,55,1224,5,35.82,10.28,76.14,0,0,0,0,1
TXN-00003411,5.0,19,grocery,44,1224,0,23.69,2.96,69.48,0,0,0,0,0
TXN-00003412,5.0,20,fuel,51,395,4,39.51,2.62,76.77,0,0,1,0,0
TXN-00003413,46.33,15,restaurant,51,528,2,36.56,18.51,44.8,0,0,0,0,0
TXN-00003414,27.77,5,grocery,43,1656,2,16.83,3.64,68.09,0,0,1,0,0
TXN-00003415,12.67,2,online_shopping,28,1642,4,93.2,40.48,81.67,1,0,1,0,0
TXN-00003416,43.33,17,restaurant,49,983,3,75.83,10.78,68.29,0,1,0,0,0
TXN-00003417,45.64,7,restaurant,43,1141,2,44.32,14.95,82.44,0,0,0,0,0
TXN-00003418,109.03,0,grocery,20,565,3,59.16,2.08,83.18,0,0,1,0,0
TXN-00003419,46.69,0,grocery,73,452,1,34.71,2.49,61.4,0,0,0,0,0
TXN-00003420,146.91,13,grocery,56,328,1,22.71,14.47,91.48,0,0,0,0,0
TXN-00003421,40.79,20,online_shopping,24,446,2,59.08,50.81,96.25,1,0,1,0,0
TXN-00003422,35.83,8,online_shopping,29,1140,5,34.44,15.53,91.24,1,0,1,1,0
TXN-00003423,123.66,23,restaurant,51,908,3,45.55,6.24,72.28,0,0,1,0,0
TXN-00003424,14.48,9,fuel,67,1035,1,78.25,10.3,92.46,0,0,1,0,0
TXN-00003425,776.79,17,electronics,46,1026,0,10.52,12.58,83.63,0,0,0,0,0
TXN-00003426,59.98,5,fuel,65,519,2,38.91,4.52,57.96,1,0,1,0,0
TXN-00003427,60.33,14,electronics,25,1176,3,16.08,0.26,89.26,1,1,1,0,1
TXN-00003428,70.2,6,grocery,48,1766,3,25.97,30.1,75.12,4,0,1,0,0
TXN-00003429,290.32,18,online_shopping,65,524,2,17.57,21.71,63.44,2,0,1,0,1
TXN-00003430,92.96,10,restaurant,67,944,2,61.9,6.71,84.59,0,0,1,0,0
TXN-00003431,7.5,1,online_shopping,31,1376,3,39.31,2.62,84.91,1,0,1,0,0
TXN-00003432,176.56,5,pharmacy,56,1640,0,30.18,4.24,73.49,0,1,0,0,0
TXN-00003433,28.28,8,electronics,20,1245,0,10.61,1.53,69.35,0,0,0,0,0
TXN-00003434,45.26,11,online_shopping,26,564,2,20.54,19.1,77.34,2,0,0,0,0
TXN-00003435,10.56,6,gaming,70,306,7,21.34,34.81,68.39,0,0,0,0,0
TXN-00003436,70.28,13,electronics,60,815,1,35.38,33.24,80.71,1,0,0,0,0
TXN-00003437,20.41,23,travel,30,886,3,21.95,64.24,86.94,0,0,0,1,0
TXN-00003438,44.93,17,online_shopping,75,1641,3,23.59,2.53,72.99,1,0,0,0,0
TXN-00003439,30.01,7,restaurant,75,775,4,10.0,19.15,98.02,0,0,0,0,0
TXN-00003440,305.29,16,fuel,20,515,3,53.04,10.45,86.5,0,0,1,0,0
TXN-00003441,324.2,23,online_shopping,19,636,1,13.44,7.46,84.61,0,0,1,0,1
TXN-00003442,42.47,5,cash_withdrawal,32,1240,6,18.41,5.03,93.38,0,0,0,0,0
TXN-00003443,43.26,5,fuel,64,977,1,40.66,18.55,82.25,0,0,0,0,0
TXN-00003444,27.33,0,restaurant,52,892,2,51.08,23.69,79.38,1,0,1,0,0
TXN-00003445,129.19,20,travel,47,1662,4,29.23,6.96,78.76,1,1,1,0,1
TXN-00003446,28.64,19,cash_withdrawal,42,228,1,36.63,37.92,50.58,0,0,0,0,0
TXN-00003447,25.99,9,travel,45,1511,0,53.69,19.16,90.55,0,1,0,1,0
TXN-00003448,113.02,20,fuel,54,134,4,10.0,11.27,59.9,0,1,1,0,0
TXN-00003449,22.98,15,electronics,21,1470,4,51.14,38.89,66.83,1,0,1,0,0
TXN-00003450,38.88,23,travel,52,1059,4,10.0,17.69,46.79,1,0,1,1,1
TXN-00003451,7.69,22,online_shopping,30,1024,2,23.38,2.83,86.78,1,0,1,0,0
TXN-00003452,84.72,23,restaurant,63,1036,3,37.82,6.8,85.62,1,1,0,0,0
TXN-00003453,310.42,9,cash_withdrawal,29,1470,1,15.29,10.88,61.48,2,1,1,0,0
TXN-00003454,86.25,15,cash_withdrawal,22,504,3,25.27,48.77,85.84,2,0,0,0,0
TXN-00003455,187.71,4,pharmacy,43,1308,4,10.0,9.31,84.82,0,0,1,0,0
TXN-00003456,16.64,21,restaurant,43,1492,2,12.34,6.22,49.98,0,0,0,0,0
TXN-00003457,51.84,7,grocery,48,919,2,17.02,0.11,76.57,0,0,0,0,0
TXN-00003458,15.02,10,restaurant,67,687,3,15.04,5.21,74.83,0,0,0,0,0
TXN-00003459,31.84,14,fuel,58,347,3,25.95,22.08,36.91,0,0,1,0,0
TXN-00003460,91.0,18,restaurant,39,3192,3,87.65,4.3,60.43,0,0,0,1,0
TXN-00003461,45.01,17,online_shopping,60,1033,4,49.81,1.23,75.31,0,0,0,0,0
TXN-00003462,9.18,22,travel,47,312,3,51.09,5.2,43.34,0,1,0,0,1
TXN-00003463,10.17,17,pharmacy,30,548,2,38.61,7.29,44.11,0,0,1,1,0
TXN-00003464,9.49,19,pharmacy,19,711,4,11.33,20.21,87.74,0,0,1,0,0
TXN-00003465,67.76,13,fuel,18,1510,1,61.89,0.86,83.03,0,0,0,0,0
TXN-00003466,353.22,9,grocery,31,548,3,36.61,8.76,92.83,0,0,1,1,1
TXN-00003467,169.12,21,jewelry,65,692,3,40.25,12.43,55.43,0,0,0,0,0
TXN-00003468,5.52,9,pharmacy,44,1385,2,48.45,18.56,86.75,0,0,1,1,0
TXN-00003469,179.85,14,fuel,44,797,3,39.92,15.97,83.07,1,0,1,0,0
TXN-00003470,108.12,6,travel,41,1011,0,36.4,19.74,88.25,0,0,0,0,0
TXN-00003471,7.98,11,fuel,32,427,1,16.85,33.06,88.43,2,1,1,0,0
TXN-00003472,29.42,8,restaurant,59,479,2,14.75,16.89,84.48,1,0,0,1,0
TXN-00003473,127.78,6,grocery,18,515,0,14.82,13.05,84.36,0,0,1,1,0
TXN-00003474,72.09,19,restaurant,53,939,1,10.0,33.95,79.27,1,0,0,0,0
TXN-00003475,10.23,18,cash_withdrawal,72,1005,2,20.6,111.07,82.95,0,0,0,0,0
TXN-00003476,76.81,16,online_shopping,69,1057,4,40.75,9.76,79.09,0,0,1,0,0
TXN-00003477,5.0,1,restaurant,39,1659,0,59.45,31.49,82.82,0,0,0,0,0
TXN-00003478,32.01,5,restaurant,67,684,3,17.88,21.7,65.96,0,1,0,0,0
TXN-00003479,133.6,5,online_shopping,31,376,3,26.82,13.74,70.8,2,0,0,0,1
TXN-00003480,41.24,17,cash_withdrawal,31,1405,2,20.63,5.81,82.7,0,0,1,0,0
TXN-00003481,23.95,21,online_shopping,37,1086,0,33.26,2.87,88.38,1,1,0,0,0
TXN-00003482,102.91,9,grocery,19,1357,3,11.81,9.14,93.56,3,0,1,0,0
TXN-00003483,112.56,7,fuel,33,1084,2,20.39,5.69,91.63,0,0,0,0,0
TXN-00003484,160.06,13,electronics,67,724,2,17.1,42.81,88.54,0,0,0,1,1
TXN-00003485,101.3,23,restaurant,62,723,3,43.54,28.01,77.74,0,0,1,0,0
TXN-00003486,125.89,8,online_shopping,37,642,1,10.0,30.77,92.86,0,0,1,0,1
TXN-00003487,87.32,6,online_shopping,36,1793,4,36.78,9.07,84.34,0,0,0,0,0
TXN-00003488,53.45,12,cash_withdrawal,38,2572,4,52.64,19.65,81.32,1,0,0,0,0
TXN-00003489,44.43,21,grocery,24,1277,4,11.26,28.45,73.38,1,0,1,1,0
TXN-00003490,31.53,17,online_shopping,27,848,3,19.23,12.41,61.08,0,0,0,0,0
TXN-00003491,11.33,12,pharmacy,75,669,3,16.73,12.27,75.24,1,0,0,0,0
TXN-00003492,14.83,17,electronics,58,1178,1,82.65,11.66,85.01,0,0,1,0,0
TXN-00003493,30.08,0,fuel,57,430,2,71.49,4.35,83.98,1,0,1,0,1
TXN-00003494,52.12,18,restaurant,34,1256,1,53.92,54.38,78.94,1,0,1,1,0
TXN-00003495,183.62,2,jewelry,67,648,2,38.7,1.92,62.83,1,0,1,0,1
TXN-00003496,38.71,9,pharmacy,28,160,2,52.87,6.07,74.48,0,0,1,0,1
TXN-00003497,116.01,8,fuel,74,2020,4,43.87,16.25,95.33,1,1,0,0,1
TXN-00003498,125.62,16,electronics,47,1424,2,84.32,13.15,58.42,0,0,0,0,0
TXN-00003499,31.72,5,restaurant,37,401,2,30.79,17.91,87.39,0,0,0,0,0
TXN-00003500,75.52,5,grocery,61,1543,4,10.0,10.6,87.25,0,1,1,0,0
TXN-00003501,31.32,21,online_shopping,42,642,3,21.75,13.97,65.85,0,0,1,1,0
TXN-00003502,162.1,11,cash_withdrawal,33,1527,0,42.7,31.81,78.12,1,0,1,0,0
TXN-00003503,78.86,17,restaurant,57,932,3,24.24,7.52,73.84,1,1,1,0,0
TXN-00003504,11.59,13,restaurant,59,965,1,64.97,7.56,65.37,0,0,1,0,0
TXN-00003505,47.92,14,restaurant,52,1007,4,17.39,0.46,78.37,0,0,0,0,0
TXN-00003506,228.27,16,electronics,44,937,1,53.8,11.22,65.01,0,0,1,0,0
TXN-00003507,33.44,16,restaurant,37,539,4,11.57,4.89,77.49,0,0,0,0,0
TXN-00003508,64.72,21,restaurant,41,2023,1,37.27,12.5,91.11,0,0,0,0,0
TXN-00003509,71.75,18,online_shopping,68,1273,3,17.7,12.24,87.0,1,0,1,0,0
TXN-00003510,13.62,7,grocery,38,468,4,12.56,1.84,66.03,0,0,1,0,0
TXN-00003511,69.15,4,travel,74,693,2,28.85,14.77,47.41,1,0,1,0,0
TXN-00003512,9.36,20,grocery,26,2035,1,13.6,4.0,69.6,0,0,1,0,0
TXN-00003513,20.97,8,fuel,27,395,3,49.44,0.47,73.21,0,1,1,1,0
TXN-00003514,125.15,7,fuel,37,1250,4,23.71,9.99,91.38,3,0,0,0,1
TXN-00003515,58.83,2,pharmacy,18,517,7,31.84,6.2,70.79,0,0,1,0,0
TXN-00003516,29.38,13,jewelry,68,633,0,28.93,8.33,47.59,0,0,0,0,0
TXN-00003517,64.64,12,online_shopping,37,934,2,43.23,31.35,76.83,0,0,0,0,0
TXN-00003518,37.97,19,travel,23,1193,5,19.07,0.07,90.59,0,0,1,0,1
TXN-00003519,40.99,17,cash_withdrawal,53,1023,4,62.05,7.95,92.0,0,0,0,0,0
TXN-00003520,80.61,17,online_shopping,73,486,6,113.15,16.36,83.8,0,0,1,0,0
TXN-00003521,18.85,12,fuel,75,1991,0,14.58,21.1,76.55,0,0,0,0,0
TXN-00003522,42.2,20,fuel,24,1345,3,84.45,9.04,86.23,0,0,1,0,0
TXN-00003523,29.14,23,fuel,63,1711,3,20.94,27.39,66.22,2,0,0,0,1
TXN-00003524,7.65,19,cash_withdrawal,38,910,2,21.58,32.08,80.29,1,0,0,0,0
TXN-00003525,15.39,8,grocery,66,1393,4,51.94,5.15,81.22,0,0,1,0,0
TXN-00003526,209.9,6,online_shopping,53,1720,2,14.6,11.7,64.23,1,0,1,0,1
TXN-00003527,60.58,0,grocery,60,1139,2,44.23,2.18,85.98,1,1,1,0,0
TXN-00003528,10.08,23,pharmacy,66,1121,1,42.87,2.14,90.85,0,0,0,0,0
TXN-00003529,8.03,17,grocery,69,1239,4,28.59,50.4,82.7,0,0,1,0,0
TXN-00003530,35.95,22,grocery,26,1235,2,27.88,13.52,34.25,0,0,1,0,0
TXN-00003531,208.36,18,grocery,59,1153,4,21.15,27.3,82.22,0,0,1,1,0
TXN-00003532,33.24,10,online_shopping,26,1483,2,47.95,52.44,79.01,0,0,1,0,0
TXN-00003533,159.55,3,restaurant,72,900,0,23.28,7.38,83.87,2,0,0,1,0
TXN-00003534,58.53,1,electronics,54,1921,3,61.76,5.91,79.0,1,0,0,0,1
TXN-00003535,66.34,19,fuel,29,263,2,63.04,22.38,95.89,0,0,0,0,0
TXN-00003536,9.95,7,grocery,34,1378,0,11.64,13.77,53.53,1,0,0,0,0
TXN-00003537,108.25,9,gaming,69,1865,6,12.68,3.68,80.92,0,0,1,0,0
TXN-00003538,28.45,20,restaurant,55,688,6,26.55,9.25,88.04,1,0,1,0,0
TXN-00003539,100.11,11,cash_withdrawal,31,784,1,16.26,8.1,61.01,1,0,1,1,0
TXN-00003540,17.2,22,online_shopping,65,1940,2,19.15,4.73,81.43,0,0,1,0,0
TXN-00003541,48.71,13,online_shopping,59,1372,7,17.62,0.61,64.43,0,0,0,0,0
TXN-00003542,58.53,19,online_shopping,22,1422,3,104.81,21.06,76.07,0,0,0,1,0
TXN-00003543,34.41,3,restaurant,34,874,1,63.07,8.88,84.02,0,0,1,0,0
TXN-00003544,61.85,9,online_shopping,66,836,2,17.33,16.54,76.86,0,0,0,0,0
TXN-00003545,30.58,4,restaurant,38,876,3,10.0,11.38,86.25,2,0,1,0,1
TXN-00003546,20.46,1,travel,20,825,1,20.68,6.4,91.3,0,0,0,0,0
TXN-00003547,218.28,23,fuel,53,883,2,13.02,13.44,74.11,1,0,1,0,0
TXN-00003548,121.68,12,grocery,70,1300,1,47.49,3.62,90.41,2,0,1,0,0
TXN-00003549,18.19,8,gaming,50,809,0,31.14,16.27,92.37,2,0,1,0,0
TXN-00003550,73.47,9,grocery,74,520,3,20.6,26.86,66.77,0,0,0,0,0
TXN-00003551,18.54,5,online_shopping,24,1817,2,28.34,20.51,97.22,1,0,1,0,0
TXN-00003552,11.66,2,electronics,56,685,3,14.14,24.91,49.78,1,0,1,0,0
TXN-00003553,119.76,21,travel,55,784,3,25.74,46.74,84.53,1,0,0,0,0
TXN-00003554,6.76,2,online_shopping,75,423,4,86.52,7.88,77.65,0,0,0,1,1
TXN-00003555,107.04,9,cash_withdrawal,48,1129,1,19.17,9.25,60.75,0,0,1,0,0
TXN-00003556,31.02,3,cash_withdrawal,65,672,7,31.95,17.62,61.79,1,0,0,0,1
TXN-00003557,32.39,22,restaurant,26,508,4,18.0,14.47,82.94,0,0,1,0,1
TXN-00003558,62.19,4,grocery,20,1553,2,17.81,11.98,99.17,0,0,1,0,0
TXN-00003559,74.46,9,fuel,59,2216,3,51.34,21.01,91.94,0,0,1,0,0
TXN-00003560,16.99,18,online_shopping,18,728,3,13.39,14.38,74.41,0,0,1,0,0
TXN-00003561,85.94,13,cash_withdrawal,68,1381,1,26.59,7.06,69.05,2,0,1,0,0
TXN-00003562,45.56,9,grocery,19,1173,1,16.92,12.35,47.72,0,0,0,0,0
TXN-00003563,10.82,13,fuel,57,1065,1,73.16,9.07,89.9,0,0,0,0,0
TXN-00003564,33.84,10,online_shopping,44,495,6,19.1,1.97,91.02,0,0,1,0,0
TXN-00003565,172.49,6,fuel,55,1118,4,13.11,18.63,78.3,0,0,0,0,0
TXN-00003566,235.2,14,fuel,54,1410,1,26.97,59.02,79.52,2,0,0,0,0
TXN-00003567,85.9,8,travel,43,2524,2,27.03,45.07,98.87,0,0,0,0,0
TXN-00003568,11.59,23,cash_withdrawal,45,285,3,61.03,1.7,62.97,3,0,0,0,0
TXN-00003569,67.7,11,restaurant,47,1372,1,20.97,4.82,86.39,1,0,0,0,0
TXN-00003570,98.83,18,electronics,57,1064,2,39.43,17.36,89.69,0,0,1,0,0
TXN-00003571,86.66,5,fuel,59,888,4,15.63,2.15,86.67,0,0,0,0,0
TXN-00003572,92.22,15,restaurant,44,1825,2,60.7,1.02,75.59,0,0,0,0,0
TXN-00003573,59.23,13,fuel,38,720,1,53.16,37.12,69.55,0,0,1,0,0
TXN-00003574,37.49,17,pharmacy,20,2192,1,42.96,4.32,64.64,0,0,1,0,0
TXN-00003575,21.35,11,grocery,63,263,3,51.5,1.43,90.11,1,0,0,0,0
TXN-00003576,5.51,17,grocery,31,819,3,35.43,4.24,93.12,0,0,1,1,0
TXN-00003577,57.78,1,restaurant,43,1567,3,32.27,0.66,77.37,0,0,0,0,0
TXN-00003578,49.17,16,restaurant,75,1093,3,14.2,10.13,66.5,1,0,1,0,0
TXN-00003579,72.64,18,travel,63,671,1,19.36,2.67,78.86,0,0,1,0,0
TXN-00003580,9.93,11,electronics,38,743,3,51.84,6.06,66.47,1,0,0,0,0
TXN-00003581,79.62,0,online_shopping,45,1259,2,50.58,16.59,80.78,0,0,0,0,0
TXN-00003582,349.77,13,electronics,36,623,2,53.37,10.06,78.68,1,0,0,0,0
TXN-00003583,43.92,18,online_shopping,54,1964,3,22.65,17.16,75.52,0,0,0,1,0
TXN-00003584,37.91,11,electronics,26,951,3,89.15,2.98,67.15,0,0,1,0,0
TXN-00003585,55.95,2,pharmacy,73,903,2,26.8,0.85,62.91,0,0,1,0,0
TXN-00003586,341.71,9,fuel,75,1185,1,40.38,35.67,59.29,2,0,1,0,0
TXN-00003587,13.81,23,fuel,35,425,0,182.23,2.74,90.85,1,0,1,0,1
TXN-00003588,50.07,6,electronics,31,1096,2,21.46,16.34,90.22,0,0,1,1,0
TXN-00003589,17.47,12,restaurant,49,2717,1,47.8,8.76,82.88,0,0,1,1,0
TXN-00003590,22.77,8,gaming,55,936,2,11.21,1.29,43.63,1,1,1,1,1
TXN-00003591,38.4,17,online_shopping,55,1076,3,23.55,10.2,87.37,1,0,0,0,0
TXN-00003592,166.45,10,electronics,20,1459,3,44.12,1.19,62.19,1,0,1,0,0
TXN-00003593,268.01,9,fuel,59,1938,2,20.05,16.55,69.36,0,0,1,0,0
TXN-00003594,64.75,13,fuel,21,1090,3,30.72,11.47,79.16,0,1,1,0,0
TXN-00003595,27.24,13,restaurant,37,879,1,34.71,5.71,85.82,2,0,0,0,0
TXN-00003596,554.12,11,travel,59,1540,2,33.26,14.63,69.46,2,0,1,0,0
TXN-00003597,25.82,6,restaurant,69,619,4,10.0,48.38,95.37,0,0,1,0,0
TXN-00003598,22.2,2,cash_withdrawal,54,1913,4,128.72,2.46,67.2,1,0,1,0,0
TXN-00003599,6.27,16,restaurant,27,1647,1,14.57,19.46,94.41,0,0,1,0,0
TXN-00003600,175.19,8,pharmacy,57,1517,3,17.76,6.77,84.76,0,0,1,0,0
TXN-00003601,111.79,14,jewelry,20,1212,2,10.43,0.83,60.88,1,0,1,0,0
TXN-00003602,512.19,9,grocery,31,1359,3,15.35,4.11,76.5,0,0,1,0,0
TXN-00003603,9.4,20,fuel,25,1359,2,28.61,12.63,87.08,0,0,1,0,0
TXN-00003604,186.99,16,restaurant,75,1149,3,56.8,1.78,72.24,0,1,0,0,0
TXN-00003605,43.54,9,pharmacy,39,723,0,19.71,16.63,87.29,0,0,1,1,0
TXN-00003606,94.29,7,fuel,50,1380,2,31.98,23.86,90.28,0,0,1,0,0
TXN-00003607,7.17,17,online_shopping,63,487,2,36.05,0.43,67.64,2,0,0,0,0
TXN-00003608,188.95,0,grocery,74,545,1,14.05,29.71,85.49,1,0,0,0,0
TXN-00003609,92.37,1,online_shopping,75,1965,2,10.0,35.25,77.91,1,0,0,0,1
TXN-00003610,38.83,2,restaurant,27,538,3,15.58,21.1,73.97,1,0,1,0,0
TXN-00003611,79.63,8,restaurant,40,1743,4,69.14,18.74,82.7,0,0,1,0,0
TXN-00003612,18.11,11,cash_withdrawal,41,526,1,17.2,0.7,89.67,0,1,0,0,0
TXN-00003613,22.01,7,electronics,64,910,3,17.91,12.7,77.06,0,0,1,0,0
TXN-00003614,24.86,4,grocery,37,961,2,35.95,15.93,68.94,1,0,1,0,0
TXN-00003615,5.78,7,online_shopping,31,404,2,43.41,2.07,84.2,1,0,1,0,0
TXN-00003616,99.97,11,gaming,61,1297,2,13.62,33.77,55.48,0,0,1,0,0
TXN-00003617,141.34,7,cash_withdrawal,46,447,2,46.2,8.4,93.37,0,1,1,0,1
TXN-00003618,19.37,13,travel,61,464,1,39.31,11.87,64.29,1,0,0,1,0
TXN-00003619,58.3,9,fuel,40,435,6,19.59,10.93,77.79,1,0,1,0,0
TXN-00003620,30.61,22,fuel,46,260,1,10.0,31.78,77.8,0,0,0,0,0
TXN-00003621,57.09,23,electronics,18,1502,2,47.76,25.58,86.44,0,0,1,0,0
TXN-00003622,20.93,15,grocery,18,740,2,35.74,23.7,97.95,0,0,1,0,0
TXN-00003623,16.0,13,online_shopping,18,842,3,32.0,18.77,69.0,0,0,0,0,0
TXN-00003624,122.08,0,restaurant,28,904,3,11.53,8.18,67.31,1,0,1,0,1
TXN-00003625,37.82,14,online_shopping,38,760,1,124.18,19.26,51.75,1,0,0,0,0
TXN-00003626,338.06,9,electronics,20,513,1,14.67,19.9,98.3,1,1,1,0,0
TXN-00003627,42.46,6,travel,27,714,1,19.84,9.56,78.35,0,0,0,0,0
TXN-00003628,15.3,19,pharmacy,67,901,3,53.32,1.69,73.96,0,0,0,0,0
TXN-00003629,146.69,1,online_shopping,67,495,4,30.2,15.65,75.83,0,0,1,1,0
TXN-00003630,78.44,6,grocery,34,730,3,32.28,43.71,92.61,1,0,1,0,0
TXN-00003631,86.77,18,cash_withdrawal,72,1611,2,13.01,9.31,73.69,0,0,1,0,0
TXN-00003632,141.19,22,online_shopping,24,712,2,12.38,59.98,64.08,0,0,1,0,0
TXN-00003633,20.38,12,travel,19,1193,1,36.6,14.5,79.63,0,1,1,0,0
TXN-00003634,35.39,12,jewelry,38,78,7,21.9,2.31,98.59,3,0,0,0,0
TXN-00003635,33.78,23,fuel,33,1281,1,98.4,2.93,81.38,0,0,1,0,0
TXN-00003636,10.43,2,cash_withdrawal,22,342,2,13.38,11.57,89.34,0,0,1,0,0
TXN-00003637,30.67,11,gaming,67,1296,2,22.1,19.17,92.48,0,0,1,0,0
TXN-00003638,164.55,5,online_shopping,74,1509,5,32.59,57.25,76.29,0,0,0,0,0
TXN-00003639,51.89,11,pharmacy,33,1217,1,21.6,6.53,79.3,1,0,0,0,0
TXN-00003640,9.84,21,fuel,36,795,4,17.23,1.73,65.42,0,1,1,0,0
TXN-00003641,7.9,14,fuel,59,431,2,30.34,0.79,86.72,1,0,0,0,0
TXN-00003642,232.3,23,restaurant,72,1248,0,107.84,3.56,74.72,0,0,0,0,0
TXN-00003643,36.79,12,restaurant,34,734,3,19.02,11.09,94.45,1,0,1,0,0
TXN-00003644,20.5,20,online_shopping,57,858,3,10.14,5.94,80.79,0,0,0,0,0
TXN-00003645,30.34,4,online_shopping,19,607,6,41.54,10.65,60.44,0,0,1,0,0
TXN-00003646,8.57,7,travel,50,906,3,22.94,18.37,53.61,0,0,0,0,0
TXN-00003647,180.23,6,electronics,75,879,2,14.89,7.12,73.51,0,0,1,1,0
TXN-00003648,26.77,18,electronics,45,530,2,43.61,1.35,73.21,1,0,0,0,0
TXN-00003649,170.0,12,online_shopping,55,1165,2,39.6,38.01,78.23,1,0,0,1,0
TXN-00003650,42.7,5,online_shopping,57,1962,4,18.72,8.96,75.61,0,0,1,0,0
TXN-00003651,181.46,4,gaming,54,1569,3,10.0,8.91,88.49,0,1,1,0,1
TXN-00003652,52.96,9,online_shopping,57,2045,1,53.1,17.52,70.97,0,0,1,0,0
TXN-00003653,99.08,3,grocery,69,711,0,18.75,18.58,88.33,1,0,1,0,0
TXN-00003654,86.06,16,restaurant,18,567,5,34.76,13.79,67.77,1,0,1,0,0
TXN-00003655,77.82,20,restaurant,69,310,2,26.85,10.23,62.03,1,0,0,0,0
TXN-00003656,58.28,23,restaurant,70,814,1,40.78,8.95,53.14,0,0,0,0,0
TXN-00003657,31.67,5,restaurant,70,873,2,34.22,1.89,80.02,1,0,0,0,0
TXN-00003658,302.24,10,restaurant,39,974,1,69.08,5.06,73.78,1,0,1,0,0
TXN-00003659,15.61,12,pharmacy,51,516,2,45.22,11.64,76.15,0,0,1,0,0
TXN-00003660,40.63,11,travel,38,1064,2,10.0,3.49,75.78,1,0,1,0,0
TXN-00003661,41.08,10,online_shopping,66,938,2,23.45,5.87,84.41,0,0,0,0,0
TXN-00003662,61.72,5,travel,41,1073,2,32.51,23.15,81.76,1,0,1,0,0
TXN-00003663,25.77,2,grocery,36,1192,1,22.84,0.36,71.82,0,0,0,0,0
TXN-00003664,56.29,9,cash_withdrawal,57,607,3,64.14,4.1,86.39,0,0,0,0,0
TXN-00003665,33.88,2,jewelry,20,996,2,40.05,2.91,88.86,3,0,0,0,1
TXN-00003666,7.68,1,electronics,39,1546,3,10.0,5.91,82.43,1,1,1,0,1
TXN-00003667,40.86,12,travel,29,1150,2,23.46,18.46,95.34,0,0,0,1,0
TXN-00003668,12.74,20,grocery,39,952,0,30.32,1.41,78.85,1,0,0,0,0
TXN-00003669,6.55,12,travel,44,652,0,17.77,20.02,77.06,0,0,0,0,0
TXN-00003670,46.7,0,online_shopping,21,826,5,46.49,22.54,79.98,1,1,1,0,0
TXN-00003671,67.51,20,grocery,68,419,3,42.84,29.05,95.28,0,0,1,0,0
TXN-00003672,70.32,16,online_shopping,42,1393,2,38.44,4.32,90.45,0,0,0,0,0
TXN-00003673,73.37,7,gaming,38,654,5,48.05,4.51,87.22,0,0,1,0,0
TXN-00003674,5.32,6,electronics,26,560,2,71.38,2.4,62.42,2,0,1,0,0
TXN-00003675,9.69,21,cash_withdrawal,75,454,7,51.24,11.14,70.9,1,0,0,0,1
TXN-00003676,321.24,11,online_shopping,67,627,4,50.56,18.64,84.63,0,0,0,0,0
TXN-00003677,13.47,3,cash_withdrawal,45,726,5,29.59,0.91,62.11,0,0,1,0,0
TXN-00003678,76.81,6,restaurant,37,1699,1,20.55,50.15,76.08,0,1,0,0,1
TXN-00003679,19.66,6,gaming,45,647,5,113.25,3.17,45.7,0,0,1,1,0
TXN-00003680,43.98,9,fuel,73,1891,2,39.21,5.23,83.86,0,0,0,0,0
TXN-00003681,20.8,8,pharmacy,30,1709,3,16.0,11.34,89.76,0,0,1,0,0
TXN-00003682,72.94,13,restaurant,57,1676,4,28.49,5.06,79.88,0,0,1,0,1
TXN-00003683,46.69,7,cash_withdrawal,70,1256,4,23.87,15.71,70.84,0,0,1,0,0
TXN-00003684,25.26,15,restaurant,61,362,2,51.31,1.56,61.91,0,0,1,1,0
TXN-00003685,13.43,11,online_shopping,68,1582,1,24.44,32.57,58.47,0,0,0,0,0
TXN-00003686,53.58,22,fuel,72,388,1,11.0,3.58,75.64,1,0,0,0,0
TXN-00003687,11.32,19,grocery,21,529,2,43.84,0.13,87.89,2,1,1,0,0
TXN-00003688,63.36,7,restaurant,31,724,3,21.18,1.97,96.23,2,1,1,0,0
TXN-00003689,637.66,1,restaurant,26,659,5,10.0,4.46,85.73,1,1,0,0,1
TXN-00003690,166.95,14,fuel,50,1430,3,54.0,39.64,67.18,0,0,1,1,0
TXN-00003691,85.99,8,restaurant,41,1341,1,12.77,19.53,79.74,1,0,0,1,1
TXN-00003692,36.97,21,grocery,20,884,3,15.75,4.55,73.06,0,0,1,0,0
TXN-00003693,5.28,9,restaurant,50,1247,2,31.57,3.85,84.16,0,0,1,0,0
TXN-00003694,10.09,6,grocery,23,1013,0,32.82,1.34,84.53,0,0,0,0,0
TXN-00003695,155.54,8,pharmacy,41,932,3,21.06,6.63,92.3,0,0,0,0,0
TXN-00003696,17.65,20,fuel,39,767,4,37.99,4.89,84.72,1,0,1,0,0
TXN-00003697,19.41,2,restaurant,69,609,5,51.66,2.75,87.24,0,0,1,0,0
TXN-00003698,33.99,22,grocery,57,184,3,16.47,83.46,96.63,0,0,1,0,0
TXN-00003699,13.26,5,gaming,54,1412,3,31.41,20.3,85.07,1,0,0,1,0
TXN-00003700,11.16,20,travel,66,636,4,32.61,5.09,68.54,0,0,1,0,0
TXN-00003701,38.36,13,fuel,28,669,3,65.21,16.13,85.27,2,0,0,0,0
TXN-00003702,15.86,13,grocery,32,614,2,34.37,4.84,86.22,0,0,0,0,0
TXN-00003703,18.58,4,travel,61,1075,2,10.0,22.61,87.53,1,0,1,0,0
TXN-00003704,17.81,17,grocery,61,1204,2,134.05,2.99,63.91,2,0,1,0,0
TXN-00003705,70.0,15,gaming,19,687,3,32.09,4.04,59.61,1,0,0,0,0
TXN-00003706,31.7,11,cash_withdrawal,31,951,4,35.21,3.21,79.75,0,0,1,0,0
TXN-00003707,33.53,10,online_shopping,31,710,7,27.81,5.76,70.74,1,0,0,0,0
TXN-00003708,75.7,14,pharmacy,18,1413,6,35.58,9.48,93.81,2,0,0,0,0
TXN-00003709,34.84,11,grocery,56,1124,4,39.28,26.18,65.57,1,0,1,1,0
TXN-00003710,30.2,23,online_shopping,21,269,4,49.2,2.38,97.06,0,0,0,0,0
TXN-00003711,66.29,0,online_shopping,66,1182,3,26.92,18.3,82.74,0,0,0,0,0
TXN-00003712,81.58,6,grocery,51,985,3,10.0,18.51,58.01,0,0,1,0,0
TXN-00003713,34.66,20,gaming,62,583,5,22.35,21.36,90.35,0,0,1,0,1
TXN-00003714,44.02,19,online_shopping,46,541,1,25.85,0.09,85.11,2,0,1,0,0
TXN-00003715,17.8,8,pharmacy,74,1334,5,19.0,25.03,60.03,0,0,1,0,0
TXN-00003716,16.38,12,restaurant,33,1376,3,14.65,8.53,87.3,2,0,1,0,0
TXN-00003717,90.7,0,online_shopping,50,1013,2,21.71,1.03,50.27,0,0,1,0,0
TXN-00003718,64.53,4,grocery,18,694,3,51.73,10.27,86.31,0,0,1,0,0
TXN-00003719,65.24,22,online_shopping,66,593,2,36.38,30.22,82.1,0,0,1,0,0
TXN-00003720,54.32,15,gaming,50,606,1,12.3,2.93,96.52,0,0,0,0,0
TXN-00003721,42.46,0,restaurant,28,777,1,10.0,4.85,94.86,0,0,1,0,0
TXN-00003722,84.03,19,grocery,65,1530,2,10.0,3.69,90.74,0,0,0,0,0
TXN-00003723,107.97,9,pharmacy,75,337,2,34.67,5.56,94.81,0,0,1,0,0
TXN-00003724,105.3,13,grocery,21,937,4,11.1,12.55,41.21,0,0,0,0,1
TXN-00003725,36.39,20,cash_withdrawal,67,781,2,27.93,46.82,93.8,1,1,0,0,0
TXN-00003726,173.53,20,online_shopping,60,1134,0,45.11,0.01,88.32,0,0,1,0,0
TXN-00003727,51.41,3,electronics,38,523,0,38.17,39.78,70.08,0,0,1,0,0
TXN-00003728,78.57,8,fuel,54,830,2,23.55,2.88,57.02,1,0,0,0,0
TXN-00003729,54.39,6,fuel,63,1363,3,81.0,43.8,72.77,1,0,1,0,0
TXN-00003730,52.42,21,cash_withdrawal,45,1018,1,19.81,8.0,84.03,0,0,0,0,0
TXN-00003731,18.68,18,restaurant,56,720,4,32.13,13.88,93.87,1,0,0,0,0
TXN-00003732,84.47,15,grocery,20,576,4,22.93,23.15,95.6,1,0,0,0,1
TXN-00003733,802.36,1,electronics,71,1711,2,25.87,0.68,73.23,1,0,0,0,0
TXN-00003734,27.29,19,electronics,71,429,2,50.17,56.98,74.22,0,0,0,0,0
TXN-00003735,43.58,13,restaurant,30,1827,0,44.79,0.7,64.63,1,0,1,0,0
TXN-00003736,25.32,6,travel,45,1005,0,10.0,9.68,62.75,0,0,0,0,0
TXN-00003737,24.23,10,online_shopping,31,872,6,15.07,40.03,69.94,0,0,1,0,0
TXN-00003738,204.73,10,electronics,41,1515,3,50.33,1.84,82.19,0,0,0,0,0
TXN-00003739,19.95,7,travel,33,1550,1,12.55,2.54,54.66,0,0,1,0,0
TXN-00003740,24.59,21,electronics,67,968,0,15.19,32.6,57.32,1,0,0,0,0
TXN-00003741,7.64,22,restaurant,58,1153,1,36.75,4.83,88.13,0,0,0,0,0
TXN-00003742,18.26,1,travel,67,486,1,55.26,34.49,63.87,1,1,1,0,1
TXN-00003743,6.73,22,online_shopping,63,832,3,50.93,5.09,70.51,1,0,1,0,0
TXN-00003744,78.52,9,pharmacy,60,649,3,10.31,9.68,72.57,0,0,1,0,0
TXN-00003745,764.85,19,grocery,27,1725,3,24.62,11.89,73.72,0,0,1,1,0
TXN-00003746,27.52,18,cash_withdrawal,66,1643,0,22.94,3.88,62.93,0,0,0,1,0
TXN-00003747,7.03,14,cash_withdrawal,63,493,1,19.88,0.2,90.49,0,0,1,0,0
TXN-00003748,104.06,17,pharmacy,25,475,0,10.55,4.44,88.33,0,0,1,1,1
TXN-00003749,18.85,16,online_shopping,23,853,3,71.45,1.69,92.49,0,0,0,0,0
TXN-00003750,158.27,20,online_shopping,62,1859,1,27.27,31.87,93.27,1,0,0,0,0
TXN-00003751,30.08,10,fuel,40,741,3,15.57,11.68,95.01,1,0,0,0,0
TXN-00003752,20.83,17,pharmacy,37,2482,3,37.08,12.74,77.38,3,1,0,0,0
TXN-00003753,33.55,23,restaurant,40,437,2,26.3,6.82,84.81,1,0,1,0,0
TXN-00003754,89.63,22,grocery,68,635,3,50.65,9.6,91.27,1,0,0,0,0
TXN-00003755,31.86,3,fuel,39,485,3,21.34,27.25,89.98,0,0,1,0,0
TXN-00003756,24.01,11,pharmacy,39,976,1,22.14,23.85,71.37,0,0,1,0,0
TXN-00003757,32.83,12,restaurant,41,731,4,29.9,3.63,79.69,1,0,1,0,0
TXN-00003758,10.64,14,pharmacy,21,1776,7,46.05,9.18,95.94,0,0,1,0,0
TXN-00003759,61.37,15,gaming,20,699,1,15.57,21.17,88.94,0,0,1,0,0
TXN-00003760,6.2,20,online_shopping,42,1390,2,11.86,11.73,63.86,0,0,0,0,0
TXN-00003761,25.37,12,electronics,18,502,4,41.09,0.33,91.98,1,0,0,0,0
TXN-00003762,89.78,16,pharmacy,61,805,4,35.42,32.63,73.22,0,0,1,0,0
TXN-00003763,55.6,21,travel,42,303,1,30.51,1.5,57.01,1,0,1,0,0
TXN-00003764,75.18,2,fuel,47,1875,1,31.16,11.55,66.48,0,1,1,0,1
TXN-00003765,37.78,15,fuel,37,851,3,30.12,1.6,87.63,0,0,1,1,0
TXN-00003766,138.14,8,online_shopping,62,1385,3,71.02,7.55,77.01,2,0,0,0,0
TXN-00003767,106.8,21,travel,42,370,3,33.85,36.17,85.5,0,0,1,0,0
TXN-00003768,64.62,13,fuel,20,415,1,26.04,0.52,85.17,0,0,1,0,0
TXN-00003769,107.12,14,grocery,46,509,3,15.07,3.09,80.87,0,0,1,0,0
TXN-00003770,88.94,18,grocery,28,663,8,23.03,20.96,87.36,0,0,0,0,0
TXN-00003771,25.5,5,cash_withdrawal,52,1540,1,42.42,5.99,88.12,1,1,0,0,1
TXN-00003772,9.86,13,fuel,50,716,3,47.9,1.89,67.04,0,0,1,0,0
TXN-00003773,62.89,18,fuel,45,1188,5,11.44,3.94,95.01,0,0,0,0,1
TXN-00003774,71.76,18,pharmacy,40,2096,6,52.65,31.88,78.64,0,0,1,0,0
TXN-00003775,127.1,5,electronics,52,786,3,27.36,0.19,52.96,0,0,1,0,0
TXN-00003776,15.13,20,travel,57,395,3,136.58,11.07,91.03,0,0,1,0,0
TXN-00003777,15.62,3,online_shopping,68,515,2,65.27,4.49,64.96,2,1,1,0,1
TXN-00003778,65.56,6,restaurant,73,1244,3,26.24,4.28,68.91,1,0,1,0,0
TXN-00003779,37.54,20,electronics,22,651,0,13.81,12.36,73.46,0,0,1,0,0
TXN-00003780,5.58,14,cash_withdrawal,56,367,4,15.07,47.43,86.25,1,0,1,0,0
TXN-00003781,59.97,13,gaming,22,2987,1,20.79,19.79,94.15,0,0,1,1,0
TXN-00003782,5.78,13,pharmacy,42,1600,2,94.46,11.14,74.6,0,0,1,0,0
TXN-00003783,14.99,23,travel,60,568,2,24.0,17.5,71.62,2,0,1,0,0
TXN-00003784,167.21,5,cash_withdrawal,49,2389,1,33.75,11.31,87.37,1,0,1,0,1
TXN-00003785,274.82,7,gaming,64,2682,2,26.69,2.84,79.61,0,0,1,0,0
TXN-00003786,11.29,11,online_shopping,70,2157,2,25.77,65.67,89.72,2,0,0,0,0
TXN-00003787,28.62,20,restaurant,74,799,3,22.29,4.82,79.54,0,0,0,0,0
TXN-00003788,42.3,13,travel,57,898,3,75.64,0.26,92.63,0,0,1,0,0
TXN-00003789,262.51,17,electronics,57,1215,2,51.28,13.63,76.32,3,0,1,0,0
TXN-00003790,24.11,19,pharmacy,64,608,2,11.56,36.45,84.28,0,0,1,0,0
TXN-00003791,24.51,21,online_shopping,31,1537,2,10.0,0.7,70.57,1,1,1,0,0
TXN-00003792,205.65,11,grocery,35,1097,4,49.59,18.7,65.22,0,0,0,0,0
TXN-00003793,27.29,10,electronics,37,1514,2,58.93,2.98,90.27,2,0,1,0,0
TXN-00003794,86.34,1,grocery,61,721,1,16.05,4.66,75.8,0,0,1,0,1
TXN-00003795,8.58,1,restaurant,38,1054,2,22.13,5.78,92.53,0,1,1,0,0
TXN-00003796,33.79,11,jewelry,26,454,2,59.9,9.93,86.17,0,0,1,0,0
TXN-00003797,7.08,17,fuel,64,683,3,44.42,3.37,92.79,0,0,1,1,0
TXN-00003798,13.35,20,online_shopping,61,759,0,29.41,3.17,69.43,0,1,0,0,0
TXN-00003799,97.63,9,online_shopping,52,1241,3,42.62,6.98,89.16,0,0,1,0,1
TXN-00003800,38.38,13,restaurant,69,1462,3,25.03,3.56,85.16,0,0,1,0,0
TXN-00003801,28.93,19,restaurant,63,498,4,22.64,29.2,95.04,2,0,0,0,0
TXN-00003802,18.43,7,fuel,70,1711,5,58.96,12.03,85.79,0,0,1,0,0
TXN-00003803,32.08,3,fuel,33,1164,3,19.16,0.21,90.33,1,0,1,0,0
TXN-00003804,55.49,22,restaurant,24,1295,1,21.76,0.8,78.92,0,0,1,0,0
TXN-00003805,113.53,13,restaurant,37,1456,1,89.02,37.45,86.91,0,0,0,0,0
TXN-00003806,5.0,3,restaurant,66,555,4,16.89,8.9,72.73,0,0,1,0,0
TXN-00003807,16.89,6,online_shopping,71,1695,2,87.22,5.69,56.05,0,0,0,0,0
TXN-00003808,47.8,7,restaurant,24,657,2,33.13,3.74,90.1,1,0,1,0,0
TXN-00003809,36.46,4,pharmacy,67,875,3,29.64,0.95,59.45,0,0,1,0,0
TXN-00003810,61.78,10,jewelry,45,802,2,41.46,1.99,90.29,1,0,1,0,0
TXN-00003811,53.57,19,grocery,65,2393,2,50.96,10.79,81.5,1,1,1,0,0
TXN-00003812,29.37,17,online_shopping,57,567,0,71.65,9.65,70.91,1,1,1,1,1
TXN-00003813,23.26,22,electronics,21,2161,2,25.54,8.37,65.8,0,0,1,0,0
TXN-00003814,31.26,20,grocery,46,1883,1,39.46,9.25,75.2,0,0,1,0,0
TXN-00003815,135.12,7,gaming,23,435,5,22.1,3.05,52.38,0,0,1,1,0
TXN-00003816,18.75,1,gaming,37,647,1,20.7,11.93,63.9,0,0,1,0,0
TXN-00003817,37.87,3,grocery,61,653,4,31.97,8.13,86.72,0,1,0,0,0
TXN-00003818,49.03,19,online_shopping,57,1309,3,47.64,3.81,81.7,1,1,0,0,1
TXN-00003819,208.17,8,grocery,58,1698,2,16.23,39.23,86.46,0,0,1,0,0
TXN-00003820,29.51,17,fuel,56,654,4,10.46,12.77,73.75,0,0,0,1,0
TXN-00003821,110.69,10,electronics,18,381,0,15.2,8.06,90.94,1,0,0,0,0
TXN-00003822,147.46,21,electronics,51,1310,6,21.62,22.34,48.85,0,0,1,0,0
TXN-00003823,37.83,12,electronics,46,989,1,68.13,10.59,76.8,0,0,0,0,0
TXN-00003824,32.42,21,cash_withdrawal,48,429,0,17.07,0.76,73.83,0,0,0,0,0
TXN-00003825,28.63,6,online_shopping,30,1220,0,40.76,14.74,88.38,0,0,0,0,0
TXN-00003826,30.92,18,electronics,58,950,2,61.69,3.16,83.51,0,0,1,1,0
TXN-00003827,99.18,12,grocery,53,499,2,17.89,6.39,77.48,0,0,1,0,0
TXN-00003828,51.55,4,gaming,41,709,2,71.44,10.18,65.02,1,0,1,0,0
TXN-00003829,51.78,5,online_shopping,21,2089,3,42.93,14.64,82.8,0,0,0,0,0
TXN-00003830,12.41,7,restaurant,21,179,1,15.73,9.29,65.98,0,1,1,0,0
TXN-00003831,14.65,3,grocery,38,536,2,22.85,43.38,76.31,0,0,1,0,0
TXN-00003832,383.99,22,gaming,49,405,1,17.63,1.6,91.74,1,0,0,1,1
TXN-00003833,33.56,5,fuel,75,813,2,24.94,33.69,82.82,0,1,1,0,0
TXN-00003834,17.93,14,travel,59,1029,0,38.16,15.81,54.52,2,1,1,0,0
TXN-00003835,181.75,13,online_shopping,46,887,0,19.29,13.09,63.58,0,0,1,0,0
TXN-00003836,54.37,12,restaurant,35,943,3,37.43,3.07,81.38,0,0,0,0,0
TXN-00003837,74.22,15,pharmacy,27,1066,1,33.04,11.66,90.51,0,0,0,0,0
TXN-00003838,34.99,21,gaming,26,706,0,14.76,24.75,62.22,0,0,1,0,0
TXN-00003839,28.94,23,grocery,22,2763,3,37.55,20.21,91.37,0,0,0,0,0
TXN-00003840,33.85,20,pharmacy,70,983,1,59.24,31.87,85.11,0,0,0,0,0
TXN-00003841,9.47,11,restaurant,18,452,2,25.22,6.34,85.02,0,0,0,1,0
TXN-00003842,36.88,17,restaurant,68,901,3,47.55,8.85,40.73,1,0,1,0,0
TXN-00003843,55.19,4,grocery,51,1314,5,15.16,21.04,85.28,2,1,1,0,1
TXN-00003844,282.3,21,electronics,53,1412,2,80.21,2.23,79.26,2,0,0,0,0
TXN-00003845,44.27,4,jewelry,73,1218,2,43.73,12.05,87.43,0,0,1,0,1
TXN-00003846,5.0,2,fuel,63,1016,2,46.64,31.64,86.7,0,0,1,0,0
TXN-00003847,36.65,19,online_shopping,26,553,1,19.2,6.9,85.09,1,0,0,0,0
TXN-00003848,718.01,18,restaurant,74,1122,3,46.72,0.77,83.12,1,1,1,0,0
TXN-00003849,100.45,3,fuel,28,890,3,38.64,6.6,89.28,1,0,0,0,0
TXN-00003850,17.26,23,fuel,51,637,3,47.87,8.57,68.03,2,0,1,0,1
TXN-00003851,75.24,2,restaurant,55,983,3,68.81,5.75,76.42,0,0,1,1,1
TXN-00003852,18.56,1,travel,32,1452,4,21.54,17.34,87.02,0,0,0,1,0
TXN-00003853,9.76,22,grocery,54,374,4,68.8,32.19,87.54,1,0,0,0,0
TXN-00003854,28.06,5,electronics,55,551,4,48.56,79.65,81.73,0,0,0,0,0
TXN-00003855,44.53,5,cash_withdrawal,74,87,0,13.81,0.69,62.42,0,1,1,0,0
TXN-00003856,5.66,19,cash_withdrawal,71,1353,1,86.76,69.48,84.07,1,0,1,0,0
TXN-00003857,12.1,14,travel,41,483,1,21.06,50.18,83.95,0,0,0,0,0
TXN-00003858,40.89,12,jewelry,58,1652,4,33.99,31.26,67.26,1,1,0,0,0
TXN-00003859,26.35,23,online_shopping,65,829,4,34.96,0.64,68.94,0,0,1,0,0
TXN-00003860,61.22,2,online_shopping,19,1208,4,16.02,7.74,90.72,0,0,0,0,1
TXN-00003861,11.3,22,cash_withdrawal,57,1325,1,52.39,14.49,94.8,0,0,0,0,0
TXN-00003862,85.61,6,online_shopping,71,918,2,22.46,16.46,61.77,3,0,0,0,1
TXN-00003863,11.67,14,restaurant,24,1720,2,13.04,54.13,76.95,1,0,0,0,0
TXN-00003864,226.98,7,travel,61,1000,0,17.54,28.74,42.68,1,0,0,0,0
TXN-00003865,6.68,7,electronics,21,1052,2,10.0,4.66,80.94,1,0,0,0,0
TXN-00003866,12.84,7,grocery,41,433,2,12.56,2.85,76.0,0,0,0,0,0
TXN-00003867,62.69,13,electronics,65,2124,3,56.87,13.62,89.4,1,0,1,0,1
TXN-00003868,232.16,21,online_shopping,75,1454,0,11.04,5.68,82.69,2,0,0,0,0
TXN-00003869,56.31,2,fuel,60,521,2,37.36,12.31,62.44,0,0,0,0,0
TXN-00003870,73.04,15,fuel,59,435,1,20.47,20.98,76.76,0,0,0,0,0
TXN-00003871,41.2,20,restaurant,33,761,3,60.34,42.07,85.18,0,0,0,1,0
TXN-00003872,13.77,17,fuel,65,814,1,29.48,15.7,70.86,0,0,0,0,0
TXN-00003873,24.18,23,fuel,56,956,3,13.66,1.81,94.8,0,0,1,0,0
TXN-00003874,11.33,0,restaurant,72,1667,2,43.71,0.66,96.9,0,0,0,0,0
TXN-00003875,10.56,8,fuel,52,1712,0,23.3,5.91,83.65,0,0,1,0,0
TXN-00003876,61.67,10,restaurant,20,1436,2,46.18,4.71,67.53,0,0,1,0,0
TXN-00003877,12.44,12,online_shopping,47,284,3,36.89,28.76,68.63,0,0,1,1,0
TXN-00003878,56.57,7,restaurant,62,1977,3,15.04,2.43,67.25,1,0,1,0,1
TXN-00003879,10.31,6,online_shopping,63,1533,3,27.45,9.71,75.67,0,0,1,1,0
TXN-00003880,55.21,20,restaurant,40,1263,0,20.61,4.59,78.24,0,0,0,0,0
TXN-00003881,24.21,5,restaurant,27,835,1,25.24,19.57,74.55,0,1,1,0,0
TXN-00003882,177.14,22,travel,68,1210,5,27.29,2.0,59.11,0,1,0,1,0
TXN-00003883,56.82,0,cash_withdrawal,65,394,1,10.59,4.52,73.39,0,0,1,0,0
TXN-00003884,148.05,10,online_shopping,68,1185,2,36.23,32.06,79.19,2,0,1,0,0
TXN-00003885,18.29,14,fuel,56,1497,2,24.07,15.4,97.15,1,0,0,0,0
TXN-00003886,42.9,23,online_shopping,66,1100,2,13.02,5.79,71.83,0,0,0,0,0
TXN-00003887,14.44,18,jewelry,41,830,4,14.01,17.91,71.96,1,0,1,0,0
TXN-00003888,26.2,0,restaurant,63,1744,0,10.0,3.41,77.56,0,0,1,0,0
TXN-00003889,30.72,17,restaurant,46,2585,1,105.92,4.42,81.43,1,1,0,0,0
TXN-00003890,18.88,7,restaurant,64,1253,2,29.18,6.64,92.33,0,0,1,1,0
TXN-00003891,11.29,20,online_shopping,26,1482,4,37.94,2.59,75.08,1,0,0,1,1
TXN-00003892,9.17,18,online_shopping,35,931,5,75.99,31.64,96.61,0,0,1,0,0
TXN-00003893,5.0,4,online_shopping,30,753,1,175.86,42.4,60.34,0,0,1,0,0
TXN-00003894,13.34,8,grocery,41,1542,1,18.79,17.66,74.66,1,0,1,0,0
TXN-00003895,78.17,19,grocery,65,2277,1,21.24,9.17,71.33,0,0,0,0,1
TXN-00003896,7.55,22,fuel,24,657,3,15.5,15.6,75.03,2,1,0,0,0
TXN-00003897,9.62,14,cash_withdrawal,60,530,1,27.02,9.16,96.61,1,0,0,0,0
TXN-00003898,265.19,5,online_shopping,66,719,1,10.0,36.82,79.49,0,0,1,0,0
TXN-00003899,20.73,9,grocery,56,638,6,69.76,19.17,85.19,1,1,1,0,0
TXN-00003900,56.66,19,grocery,55,1809,1,41.29,7.1,87.22,0,0,1,0,0
TXN-00003901,79.39,14,restaurant,26,1705,1,26.08,13.62,50.9,0,1,1,1,1
TXN-00003902,81.1,4,restaurant,53,701,3,11.54,27.09,75.38,0,0,0,0,0
TXN-00003903,8.18,6,cash_withdrawal,31,1068,1,76.06,12.06,70.16,0,0,1,0,0
TXN-00003904,31.73,4,grocery,32,537,3,22.4,1.66,64.62,0,0,1,0,0
TXN-00003905,7.4,11,restaurant,67,911,3,92.35,11.57,86.07,0,0,0,0,0
TXN-00003906,527.76,10,electronics,53,522,2,24.58,4.53,70.39,0,0,0,0,0
TXN-00003907,7.58,13,grocery,75,836,3,31.35,20.2,85.33,1,0,1,0,0
TXN-00003908,13.46,22,jewelry,44,530,2,13.28,32.33,71.36,0,0,0,0,0
TXN-00003909,13.56,15,electronics,38,1737,2,65.54,14.57,79.38,0,0,1,0,0
TXN-00003910,8.4,14,electronics,75,1088,1,10.08,27.28,98.82,0,0,1,0,0
TXN-00003911,167.37,8,gaming,54,1172,0,49.55,5.97,67.68,1,1,0,0,0
TXN-00003912,514.69,15,online_shopping,68,653,2,73.4,11.92,64.07,0,0,1,0,0
TXN-00003913,24.54,22,grocery,20,778,3,10.15,25.31,69.5,0,0,1,0,0
TXN-00003914,10.11,0,grocery,48,1043,2,54.84,12.38,82.89,1,0,1,0,0
TXN-00003915,5.0,8,restaurant,65,2271,2,76.3,2.93,84.86,0,0,1,0,0
TXN-00003916,31.3,1,gaming,64,979,3,39.67,19.73,90.47,0,1,0,0,0
TXN-00003917,29.02,4,grocery,59,1897,4,43.89,13.15,73.41,1,0,0,0,0
TXN-00003918,20.41,1,online_shopping,27,811,1,38.45,41.15,42.6,0,0,0,0,0
TXN-00003919,51.03,14,fuel,49,1005,4,31.3,25.89,83.63,1,1,1,0,0
TXN-00003920,61.25,19,fuel,23,1675,3,15.39,24.04,70.09,0,0,1,0,0
TXN-00003921,56.78,22,gaming,64,1399,3,28.92,3.06,90.07,0,0,1,0,0
TXN-00003922,29.02,5,fuel,54,632,2,24.61,0.52,87.26,0,0,1,0,0
TXN-00003923,12.72,16,online_shopping,29,1187,0,101.55,32.17,93.3,0,1,1,0,0
TXN-00003924,81.38,7,restaurant,60,1225,1,28.69,89.94,58.78,1,0,1,0,0
TXN-00003925,40.98,7,restaurant,59,1325,0,29.35,7.88,87.33,1,0,1,0,0
TXN-00003926,102.8,14,restaurant,21,660,4,33.88,3.31,92.21,2,0,0,1,0
TXN-00003927,92.72,16,grocery,23,480,2,40.17,3.49,71.9,0,0,0,0,0
TXN-00003928,9.09,14,travel,29,1953,6,18.11,17.85,88.39,0,1,0,0,0
TXN-00003929,8.97,2,gaming,22,2608,4,55.6,28.36,96.57,0,0,0,0,1
TXN-00003930,18.3,9,grocery,49,1311,3,28.43,4.96,84.51,0,0,1,0,0
TXN-00003931,13.34,6,online_shopping,69,789,4,48.3,18.54,89.45,0,0,1,0,0
TXN-00003932,89.39,0,gaming,21,1804,2,16.67,19.83,81.99,2,0,0,0,0
TXN-00003933,58.49,0,electronics,53,593,1,27.43,39.29,81.11,0,0,0,0,0
TXN-00003934,128.27,10,travel,42,619,3,78.78,0.57,35.62,0,0,1,0,1
TXN-00003935,61.33,2,cash_withdrawal,66,2022,2,109.25,10.06,77.45,1,0,0,0,0
TXN-00003936,50.35,17,grocery,45,2491,4,46.33,0.11,93.73,0,0,0,0,1
TXN-00003937,142.55,1,cash_withdrawal,56,739,7,14.49,43.76,73.9,0,0,1,1,1
TXN-00003938,66.24,5,online_shopping,71,651,1,10.0,6.33,93.02,0,0,0,0,0
TXN-00003939,43.45,23,grocery,25,990,3,46.31,5.9,59.73,0,0,1,0,0
TXN-00003940,191.42,17,online_shopping,36,560,7,108.71,32.74,85.1,1,0,1,1,0
TXN-00003941,45.65,13,gaming,33,437,1,23.31,0.37,77.3,0,0,1,0,0
TXN-00003942,29.38,0,jewelry,27,446,1,26.52,2.41,56.42,1,0,0,1,0
TXN-00003943,16.78,1,online_shopping,55,1169,4,35.89,10.24,88.62,0,0,1,1,1
TXN-00003944,84.62,21,restaurant,18,958,6,154.05,65.31,68.3,1,1,1,0,0
TXN-00003945,148.25,19,restaurant,40,1666,2,33.97,16.17,66.25,0,0,1,0,0
TXN-00003946,38.35,22,online_shopping,25,2025,3,34.35,17.1,53.64,0,0,0,0,0
TXN-00003947,159.7,19,online_shopping,53,1283,1,23.58,5.48,51.62,0,0,1,0,0
TXN-00003948,5.11,0,online_shopping,61,560,4,32.27,2.07,87.72,1,0,1,0,0
TXN-00003949,38.16,19,gaming,45,299,2,62.82,6.41,73.42,0,0,1,0,0
TXN-00003950,38.78,10,pharmacy,43,821,3,19.78,31.85,81.77,2,0,1,0,0
TXN-00003951,18.85,16,cash_withdrawal,44,764,6,56.11,19.33,75.06,0,0,1,0,0
TXN-00003952,494.26,9,restaurant,29,576,1,57.72,39.22,74.77,1,0,0,0,0
TXN-00003953,37.73,17,restaurant,39,1264,5,18.02,7.23,94.92,1,0,1,0,0
TXN-00003954,26.36,20,travel,72,1313,1,50.65,8.68,50.77,0,0,0,0,0
TXN-00003955,41.57,23,cash_withdrawal,20,1149,1,114.76,14.86,67.24,0,0,1,0,0
TXN-00003956,5.0,12,online_shopping,63,2557,1,13.63,1.3,71.72,2,1,1,0,0
TXN-00003957,18.21,6,restaurant,27,457,5,27.38,6.44,80.95,2,0,1,0,0
TXN-00003958,113.57,14,gaming,24,847,0,35.64,9.9,76.09,0,0,1,0,0
TXN-00003959,20.9,11,travel,34,980,1,38.75,2.19,49.0,0,0,1,0,0
TXN-00003960,16.94,4,cash_withdrawal,33,789,2,16.25,31.75,94.5,1,0,1,0,1
TXN-00003961,159.97,17,electronics,36,735,1,13.35,1.9,82.13,2,0,1,0,0
TXN-00003962,165.22,1,pharmacy,67,1422,0,18.63,53.55,72.37,0,0,0,0,0
TXN-00003963,69.61,9,electronics,70,665,0,32.12,4.12,56.55,0,0,0,0,0
TXN-00003964,25.08,16,electronics,58,599,0,22.19,6.71,63.37,1,0,1,1,0
TXN-00003965,31.45,22,grocery,26,1308,3,52.97,16.71,79.35,0,0,0,0,0
TXN-00003966,17.39,14,restaurant,72,1290,3,66.04,11.6,61.23,1,0,1,0,0
TXN-00003967,14.23,23,fuel,67,417,4,17.21,21.15,74.35,0,0,0,0,0
TXN-00003968,13.51,19,online_shopping,22,1680,1,37.35,11.86,81.04,0,0,1,0,0
TXN-00003969,21.14,5,online_shopping,40,2340,5,32.09,50.6,77.22,0,0,1,0,0
TXN-00003970,13.65,20,restaurant,62,345,2,157.27,10.23,59.06,1,0,0,0,0
TXN-00003971,7.83,8,pharmacy,23,1429,2,22.84,12.53,77.7,1,0,0,1,0
TXN-00003972,50.93,15,gaming,22,1117,0,39.27,7.23,69.03,1,0,1,1,0
TXN-00003973,51.74,4,electronics,53,1059,0,110.03,10.4,71.34,0,0,1,0,0
TXN-00003974,241.25,12,online_shopping,37,1731,0,10.0,6.31,70.02,1,1,0,0,0
TXN-00003975,20.05,16,grocery,43,1105,3,78.61,21.03,59.53,0,0,1,0,0
TXN-00003976,55.2,21,grocery,61,1083,2,20.14,20.54,85.19,2,0,1,0,0
TXN-00003977,56.17,22,cash_withdrawal,49,765,4,11.7,2.92,77.13,0,0,1,0,0
TXN-00003978,30.98,19,travel,59,1774,2,36.89,38.0,85.42,0,1,1,0,0
TXN-00003979,88.37,13,grocery,25,407,1,34.34,14.29,96.07,0,1,0,0,0
TXN-00003980,91.29,21,gaming,18,1561,0,44.98,45.27,86.39,0,0,0,0,0
TXN-00003981,57.04,2,jewelry,32,647,1,49.14,7.05,85.79,0,0,0,0,0
TXN-00003982,30.93,23,electronics,29,960,1,28.11,27.74,86.02,0,0,1,0,0
TXN-00003983,27.79,4,online_shopping,36,564,6,94.47,2.73,65.48,0,0,1,1,0
TXN-00003984,9.62,9,grocery,63,812,5,74.55,1.8,80.06,1,0,0,0,0
TXN-00003985,17.35,21,restaurant,26,616,3,40.43,34.17,87.11,0,0,1,0,0
TXN-00003986,21.05,17,travel,25,854,0,38.08,45.11,93.51,1,0,0,0,0
TXN-00003987,12.43,20,grocery,29,1616,7,65.17,21.96,89.83,0,1,1,1,0
TXN-00003988,64.19,16,jewelry,36,755,3,31.08,52.14,36.33,0,0,1,0,0
TXN-00003989,142.09,14,gaming,29,371,1,13.59,22.49,73.55,1,0,1,0,0
TXN-00003990,15.59,4,fuel,28,1258,2,28.23,1.03,87.36,0,0,1,0,0
TXN-00003991,54.47,23,electronics,51,711,2,24.28,10.27,87.07,1,0,0,0,0
TXN-00003992,13.66,15,online_shopping,24,615,1,33.1,4.79,83.33,0,0,0,1,1
TXN-00003993,29.37,16,cash_withdrawal,26,1000,6,14.03,63.73,83.36,1,0,1,0,0
TXN-00003994,19.59,10,grocery,66,225,1,15.28,2.67,90.76,0,0,0,0,1
TXN-00003995,76.1,22,online_shopping,19,732,3,64.01,10.83,73.52,0,0,0,0,0
TXN-00003996,19.83,10,jewelry,21,1797,3,31.81,6.74,87.58,0,0,0,1,0
TXN-00003997,117.01,4,grocery,22,1219,3,25.27,2.45,90.74,1,0,0,0,1
TXN-00003998,31.25,4,fuel,49,971,3,23.0,8.81,72.44,0,0,0,0,0
TXN-00003999,20.45,16,online_shopping,58,925,2,27.49,16.33,88.89,1,0,1,1,0
TXN-00004000,10.85,17,electronics,58,1617,2,33.97,5.62,93.39,0,0,0,1,0
TXN-00004001,52.77,4,online_shopping,58,713,1,10.39,13.38,95.48,2,1,1,0,1
TXN-00004002,103.54,16,jewelry,21,832,1,23.51,8.58,86.66,1,0,0,0,0
TXN-00004003,53.89,23,grocery,37,232,4,34.67,96.99,70.98,0,0,0,0,1
TXN-00004004,424.44,12,travel,54,929,2,27.7,2.53,94.35,0,0,1,0,0
TXN-00004005,181.5,23,grocery,57,1255,1,10.0,8.68,66.25,1,0,1,0,0
TXN-00004006,29.29,3,grocery,37,746,4,31.0,14.1,72.79,0,1,1,0,1
TXN-00004007,28.96,9,electronics,67,1168,3,29.81,1.12,90.96,0,0,0,0,0
TXN-00004008,66.23,13,travel,66,830,3,19.44,12.8,66.7,0,0,1,0,0
TXN-00004009,16.78,8,gaming,62,1195,0,16.73,4.44,56.86,1,0,1,0,0
TXN-00004010,137.63,2,pharmacy,64,1037,2,34.77,8.98,87.46,1,0,1,0,1
TXN-00004011,59.13,10,restaurant,74,649,1,32.79,13.66,70.92,1,0,0,0,0
TXN-00004012,52.95,8,electronics,64,841,2,41.31,6.15,77.16,0,0,1,0,0
TXN-00004013,83.2,4,electronics,51,930,2,118.2,3.18,97.74,0,1,0,0,0
TXN-00004014,246.9,8,online_shopping,41,919,6,44.42,52.68,92.39,1,0,1,0,0
TXN-00004015,48.4,10,fuel,38,2035,1,19.08,3.14,85.8,0,0,1,1,0
TXN-00004016,35.92,21,grocery,65,905,5,69.22,16.26,78.29,0,0,1,0,1
TXN-00004017,197.19,11,pharmacy,35,1815,1,25.95,0.24,63.7,1,0,1,0,0
TXN-00004018,111.71,9,restaurant,54,548,3,26.02,30.01,66.75,1,0,0,0,0
TXN-00004019,28.87,9,electronics,47,1174,0,17.01,7.5,79.84,0,1,0,0,0
TXN-00004020,40.67,14,fuel,39,1427,4,44.41,7.86,86.65,1,0,1,0,0
TXN-00004021,49.66,6,grocery,44,409,4,25.18,6.16,83.49,0,0,1,0,0
TXN-00004022,59.14,20,online_shopping,22,1273,1,54.41,31.57,81.33,0,0,0,0,0
TXN-00004023,9.73,10,restaurant,59,278,4,45.04,9.66,85.98,0,0,1,0,0
TXN-00004024,8.01,10,restaurant,21,697,2,17.8,4.57,84.52,1,0,0,0,1
TXN-00004025,15.93,1,grocery,22,990,3,16.59,5.32,76.68,0,0,1,0,1
TXN-00004026,14.69,21,restaurant,32,2054,2,36.17,19.56,81.85,1,1,1,0,0
TXN-00004027,20.57,11,fuel,48,1275,5,69.17,8.45,68.56,1,1,1,0,0
TXN-00004028,78.76,3,fuel,35,685,1,61.42,13.5,78.04,0,0,1,0,0
TXN-00004029,33.87,4,grocery,69,1599,1,83.04,19.53,51.08,0,0,1,1,0
TXN-00004030,49.71,8,grocery,71,387,0,34.42,8.19,70.05,2,0,1,0,0
TXN-00004031,11.18,18,grocery,40,474,2,55.88,22.18,84.16,1,0,0,0,0
TXN-00004032,24.91,2,fuel,75,325,3,64.97,15.8,78.9,1,0,0,0,0
TXN-00004033,74.93,2,travel,23,1165,2,114.67,5.02,71.91,1,0,0,0,0
TXN-00004034,75.54,13,online_shopping,26,736,2,40.65,44.88,41.52,0,0,1,0,0
TXN-00004035,18.9,11,pharmacy,38,1010,2,24.4,19.04,53.39,0,1,1,0,0
TXN-00004036,47.93,22,grocery,72,468,5,66.43,16.66,84.68,1,0,0,0,0
TXN-00004037,406.99,18,online_shopping,47,1684,1,13.27,63.55,78.16,0,0,1,0,0
TXN-00004038,39.71,15,grocery,58,1602,4,63.46,25.25,91.72,0,0,1,0,0
TXN-00004039,19.53,8,cash_withdrawal,55,404,3,75.25,8.47,89.47,1,0,1,0,0
TXN-00004040,33.7,15,cash_withdrawal,46,540,1,60.95,8.18,76.9,1,1,1,0,0
TXN-00004041,44.56,14,gaming,72,1824,2,17.1,6.08,69.28,0,0,1,0,0
TXN-00004042,34.51,6,online_shopping,73,730,3,36.44,12.26,84.39,0,1,1,0,0
TXN-00004043,39.14,8,cash_withdrawal,43,482,1,64.05,6.96,95.9,2,0,1,0,0
TXN-00004044,8.89,22,grocery,59,1073,4,44.44,2.18,85.99,0,0,1,0,0
TXN-00004045,14.72,12,electronics,54,756,1,32.35,6.84,86.13,0,1,1,0,1
TXN-00004046,34.58,11,fuel,52,470,0,36.3,6.95,63.33,0,1,1,1,0
TXN-00004047,34.0,19,online_shopping,23,2090,4,233.86,7.55,89.72,0,0,1,0,0
TXN-00004048,22.32,6,fuel,30,319,2,16.57,2.23,76.42,0,0,1,1,0
TXN-00004049,33.59,5,travel,75,881,3,13.83,6.49,88.38,2,0,1,0,0
TXN-00004050,43.12,23,cash_withdrawal,32,1445,3,17.1,4.44,81.57,1,0,0,1,1
TXN-00004051,102.91,19,online_shopping,55,1743,5,125.93,18.67,92.15,1,0,1,1,0
TXN-00004052,36.45,10,pharmacy,70,1289,0,50.41,7.81,92.16,0,0,1,0,0
TXN-00004053,61.5,22,grocery,52,1490,5,21.95,4.4,87.37,1,0,1,0,0
TXN-00004054,22.9,8,pharmacy,30,1370,1,134.34,0.57,89.09,0,0,0,0,0
TXN-00004055,73.75,16,restaurant,67,990,4,15.06,60.08,87.82,2,0,1,0,0
TXN-00004056,60.01,0,online_shopping,19,606,3,21.45,6.61,78.2,0,0,1,0,0
TXN-00004057,100.39,16,restaurant,59,779,2,14.63,8.15,87.48,0,1,1,0,0
TXN-00004058,85.55,4,electronics,33,520,2,32.99,45.6,90.19,1,1,1,0,0
TXN-00004059,75.05,5,travel,55,1034,3,42.7,25.33,67.6,1,1,1,0,0
TXN-00004060,36.48,19,fuel,45,600,1,34.61,19.13,91.8,1,0,1,0,0
TXN-00004061,52.31,4,online_shopping,51,895,1,68.44,8.23,88.9,2,0,1,0,0
TXN-00004062,123.55,11,grocery,40,845,4,24.24,0.04,70.78,0,0,1,0,0
TXN-00004063,20.4,22,electronics,48,1127,5,26.1,6.48,73.68,0,0,1,0,0
TXN-00004064,20.91,22,travel,72,893,3,38.24,17.43,90.71,0,0,0,1,0
TXN-00004065,48.94,10,fuel,65,936,3,103.67,1.83,80.82,1,1,0,0,0
TXN-00004066,62.55,2,electronics,42,437,4,42.43,5.73,79.12,0,0,0,0,1
TXN-00004067,17.03,6,pharmacy,72,687,5,26.03,7.61,85.8,0,1,1,1,0
TXN-00004068,37.39,14,pharmacy,69,102,2,52.87,16.09,68.0,0,1,1,0,0
TXN-00004069,36.65,8,online_shopping,54,1260,1,27.31,6.38,89.52,0,0,0,0,0
TXN-00004070,5.0,17,grocery,52,818,1,37.05,12.74,80.3,0,0,0,0,0
TXN-00004071,32.12,23,fuel,20,758,1,27.95,2.69,81.79,2,1,0,1,1
TXN-00004072,34.29,14,travel,48,1050,2,14.15,7.27,73.75,0,0,0,1,0
TXN-00004073,34.18,14,fuel,30,972,2,20.53,4.78,92.39,2,0,0,0,0
TXN-00004074,178.88,12,fuel,27,1039,2,84.6,0.07,59.21,0,0,1,0,0
TXN-00004075,11.28,4,grocery,67,1130,5,38.06,2.44,67.89,0,0,0,0,0
TXN-00004076,17.02,13,cash_withdrawal,33,883,5,34.48,10.79,69.56,2,0,0,0,0
TXN-00004077,5.0,22,jewelry,53,514,5,31.92,67.95,58.21,3,0,1,0,0
TXN-00004078,24.41,16,travel,68,467,2,25.85,0.29,72.77,1,1,1,1,0
TXN-00004079,26.7,18,online_shopping,52,657,0,32.12,1.3,60.36,2,0,1,0,0
TXN-00004080,23.68,20,grocery,63,1951,1,24.43,30.27,71.79,0,0,1,0,0
TXN-00004081,129.42,9,grocery,62,951,4,36.76,29.67,92.74,0,0,1,0,0
TXN-00004082,99.85,8,online_shopping,43,1203,1,15.7,5.28,92.48,2,0,1,0,0
TXN-00004083,43.89,23,online_shopping,71,773,1,48.79,2.42,77.33,0,0,1,0,0
TXN-00004084,27.41,11,jewelry,70,850,3,29.63,3.22,89.19,0,0,1,0,1
TXN-00004085,118.81,17,online_shopping,37,610,4,13.51,0.75,86.92,0,0,0,1,0
TXN-00004086,39.62,15,electronics,65,1230,2,25.7,47.88,94.77,0,0,0,0,0
TXN-00004087,17.13,2,electronics,28,812,0,24.05,2.31,66.85,0,0,1,0,0
TXN-00004088,6.67,7,online_shopping,24,1291,3,59.59,1.15,58.78,1,0,1,0,0
TXN-00004089,25.45,7,grocery,48,245,3,27.77,17.74,67.57,0,0,1,0,0
TXN-00004090,89.33,4,restaurant,53,1323,1,18.56,5.23,78.46,0,0,1,1,0
TXN-00004091,441.58,18,grocery,51,558,0,10.0,3.52,69.19,0,0,1,0,0
TXN-00004092,43.15,23,electronics,64,613,5,21.18,39.31,74.01,0,0,0,0,0
TXN-00004093,18.11,23,fuel,40,1478,4,66.47,16.66,96.36,0,0,1,0,0
TXN-00004094,11.66,4,grocery,64,1580,3,41.76,0.57,78.67,0,0,1,0,0
TXN-00004095,72.21,10,travel,70,991,3,17.58,18.81,84.24,2,0,0,0,0
TXN-00004096,6.34,5,grocery,23,1527,1,27.57,25.16,89.18,0,0,0,0,0
TXN-00004097,72.09,1,cash_withdrawal,44,688,3,32.59,6.49,71.68,0,0,1,0,0
TXN-00004098,95.45,14,fuel,31,756,1,85.8,5.32,46.91,0,0,0,0,0
TXN-00004099,63.95,20,online_shopping,56,1766,3,31.06,6.47,74.92,0,0,1,0,0
TXN-00004100,32.12,1,fuel,41,295,0,21.91,36.59,49.89,1,0,1,0,0
TXN-00004101,73.2,15,travel,34,1217,3,38.79,5.01,88.2,0,0,1,0,0
TXN-00004102,48.4,0,online_shopping,32,874,2,46.68,15.81,68.29,0,0,1,0,0
TXN-00004103,17.87,20,jewelry,38,1061,4,50.69,10.6,73.01,0,1,0,0,0
TXN-00004104,282.29,1,fuel,24,979,1,50.06,33.62,62.62,1,0,0,0,0
TXN-00004105,27.96,10,electronics,24,1050,0,124.14,14.53,83.17,1,0,1,0,0
TXN-00004106,91.34,2,cash_withdrawal,54,864,1,14.06,19.04,87.49,0,0,0,0,0
TXN-00004107,5.0,9,pharmacy,72,1041,3,28.34,1.32,80.03,0,0,1,0,0
TXN-00004108,154.52,10,travel,47,1210,5,30.59,19.42,92.06,1,0,1,0,0
TXN-00004109,189.09,12,travel,71,2202,0,13.38,27.44,82.87,1,0,0,0,0
TXN-00004110,41.73,19,fuel,26,778,2,14.93,14.41,79.63,0,0,1,0,1
TXN-00004111,72.73,23,restaurant,74,878,1,26.06,2.46,58.31,0,0,1,1,0
TXN-00004112,72.71,8,travel,52,1022,3,24.31,7.04,78.51,0,0,1,0,0
TXN-00004113,20.6,22,online_shopping,61,1533,2,22.05,0.44,56.88,0,0,0,0,0
TXN-00004114,71.84,10,grocery,21,375,1,10.0,12.08,58.73,2,1,1,0,0
TXN-00004115,17.3,2,travel,53,538,2,14.87,0.16,91.03,1,0,1,0,0
TXN-00004116,21.34,14,fuel,40,2120,0,21.24,20.93,89.64,1,0,1,0,0
TXN-00004117,132.06,17,restaurant,70,1142,1,26.19,1.28,76.3,0,0,1,0,0
TXN-00004118,112.55,7,fuel,63,1122,5,37.01,4.47,58.5,0,0,1,0,0
TXN-00004119,19.27,14,travel,68,2662,1,25.8,3.64,91.44,0,0,1,0,0
TXN-00004120,18.72,10,restaurant,69,1113,2,19.8,0.55,77.44,0,0,0,0,0
TXN-00004121,20.53,3,travel,59,728,1,38.5,28.98,58.1,0,0,0,0,0
TXN-00004122,87.29,9,grocery,32,221,2,36.08,16.14,96.0,1,0,1,0,0
TXN-00004123,14.15,10,online_shopping,34,853,4,16.69,0.21,73.69,1,0,1,0,0
TXN-00004124,58.82,8,electronics,67,959,4,109.28,7.52,91.6,0,0,1,1,0
TXN-00004125,88.61,21,travel,52,1416,3,10.0,0.69,71.56,0,0,0,0,0
TXN-00004126,36.87,9,cash_withdrawal,69,1454,3,46.96,21.25,80.8,0,0,0,0,1
TXN-00004127,116.81,15,grocery,64,1234,2,55.06,4.61,94.86,2,0,1,0,0
TXN-00004128,29.38,0,grocery,53,1562,0,59.9,3.24,93.81,3,0,1,0,0
TXN-00004129,32.31,7,jewelry,26,1044,6,37.71,47.26,74.7,0,0,0,0,0
TXN-00004130,14.5,21,restaurant,74,384,3,12.53,6.23,85.79,0,0,0,0,0
TXN-00004131,117.69,21,fuel,32,820,1,108.59,1.13,68.45,0,1,1,0,1
TXN-00004132,18.09,23,fuel,32,824,1,12.58,27.15,82.32,0,0,1,1,0
TXN-00004133,58.4,1,jewelry,26,997,1,15.18,3.32,80.27,2,0,1,0,0
TXN-00004134,37.53,20,online_shopping,22,1590,3,21.46,5.55,87.1,0,0,0,0,0
TXN-00004135,13.39,6,travel,39,918,5,13.36,18.14,86.63,0,0,0,0,0
TXN-00004136,21.34,0,jewelry,66,929,5,13.44,2.63,87.5,0,0,1,0,0
TXN-00004137,172.78,2,cash_withdrawal,68,2837,2,17.08,4.45,62.88,0,0,1,0,1
TXN-00004138,49.99,18,electronics,46,562,6,10.0,4.26,84.42,0,0,1,0,0
TXN-00004139,14.02,14,grocery,36,1093,3,32.65,6.02,85.02,0,0,0,0,0
TXN-00004140,55.73,13,travel,38,695,1,22.75,13.21,90.98,0,1,1,1,0
TXN-00004141,34.69,21,fuel,71,1149,2,25.75,1.99,78.73,0,0,1,0,0
TXN-00004142,1520.43,2,restaurant,21,1686,0,36.33,16.19,85.74,1,1,1,0,1
TXN-00004143,54.56,1,jewelry,21,1337,2,27.83,24.45,75.1,2,1,0,0,0
TXN-00004144,27.12,22,gaming,21,1082,5,19.78,3.46,85.65,0,0,0,0,1
TXN-00004145,179.65,14,online_shopping,69,938,4,40.63,2.72,85.91,1,0,0,0,0
TXN-00004146,5.85,18,online_shopping,23,1563,2,25.28,0.41,80.05,0,1,1,0,0
TXN-00004147,44.66,12,restaurant,72,1377,3,17.83,0.36,74.99,0,0,1,0,0
TXN-00004148,328.37,3,pharmacy,28,944,4,27.46,5.84,62.39,1,0,0,0,0
TXN-00004149,35.8,12,grocery,49,2678,0,68.85,15.11,73.19,1,0,1,0,0
TXN-00004150,6.55,23,cash_withdrawal,74,643,3,20.81,4.5,65.93,0,0,0,1,0
TXN-00004151,26.69,2,travel,24,2574,3,46.07,4.86,64.31,2,0,0,0,0
TXN-00004152,186.28,3,online_shopping,34,1594,2,15.86,16.95,68.41,0,0,0,0,1
TXN-00004153,60.03,8,fuel,60,472,1,30.59,7.49,89.54,0,0,1,0,0
TXN-00004154,16.76,10,online_shopping,65,679,1,36.0,31.37,83.19,0,0,0,0,0
TXN-00004155,19.7,15,jewelry,70,1087,2,17.13,3.56,78.89,1,1,1,0,0
TXN-00004156,22.47,3,gaming,19,407,4,23.93,36.63,68.45,0,0,0,0,0
TXN-00004157,59.1,22,cash_withdrawal,63,1396,5,16.28,19.75,86.58,0,0,0,0,0
TXN-00004158,164.86,3,fuel,36,921,3,17.28,32.33,76.69,0,0,0,1,1
TXN-00004159,122.12,4,travel,50,1426,1,29.79,4.84,90.26,0,0,0,0,0
TXN-00004160,65.29,23,jewelry,70,1335,0,85.46,26.42,92.63,0,0,1,0,0
TXN-00004161,9.99,9,grocery,70,844,3,39.4,2.45,76.28,1,1,1,0,0
TXN-00004162,10.03,13,online_shopping,28,688,3,30.72,1.5,68.44,0,0,0,0,0
TXN-00004163,70.8,10,restaurant,45,270,3,75.7,14.52,81.02,1,0,1,0,0
TXN-00004164,9.85,6,grocery,34,2633,1,12.86,20.02,83.13,0,0,0,0,0
TXN-00004165,31.92,12,restaurant,53,1291,2,72.4,2.32,99.69,2,0,1,0,0
TXN-00004166,55.67,18,restaurant,65,505,5,23.73,3.1,93.39,1,0,0,0,0
TXN-00004167,12.25,0,gaming,36,920,3,36.36,7.46,69.03,1,0,1,0,1
TXN-00004168,13.8,21,restaurant,25,1555,4,47.11,0.02,85.06,0,0,0,0,0
TXN-00004169,36.64,4,travel,21,986,1,41.54,33.16,68.99,0,0,1,0,0
TXN-00004170,68.64,22,online_shopping,21,435,1,24.03,1.31,95.07,0,0,1,1,0
TXN-00004171,123.3,23,electronics,39,1373,5,52.22,15.44,78.94,0,0,1,0,0
TXN-00004172,76.51,22,gaming,74,437,1,23.35,2.12,63.01,1,0,1,0,0
TXN-00004173,43.7,15,cash_withdrawal,32,1471,6,23.27,4.58,77.47,2,0,1,1,0
TXN-00004174,18.48,21,restaurant,41,1166,1,29.48,3.4,55.51,2,0,1,0,0
TXN-00004175,13.14,20,gaming,57,936,6,42.27,20.15,56.49,0,0,0,0,0
TXN-00004176,23.66,15,restaurant,56,915,3,15.94,6.53,83.66,1,0,1,0,0
TXN-00004177,62.2,21,electronics,33,822,3,17.14,1.66,79.18,0,0,0,0,0
TXN-00004178,57.6,8,restaurant,25,1288,2,10.0,29.16,62.43,2,0,0,0,0
TXN-00004179,5.0,20,travel,27,491,3,25.41,7.24,87.63,1,0,0,0,0
TXN-00004180,17.73,22,restaurant,30,715,3,60.56,3.09,81.47,1,0,1,0,0
TXN-00004181,143.27,15,electronics,22,1860,2,246.55,15.89,87.75,0,0,0,1,0
TXN-00004182,43.96,2,travel,44,2487,2,35.79,2.53,93.73,0,0,0,0,0
TXN-00004183,9.14,5,online_shopping,55,872,2,88.86,24.54,88.75,2,0,0,1,0
TXN-00004184,479.92,4,restaurant,57,1026,2,31.23,9.8,79.66,0,0,1,0,0
TXN-00004185,39.24,12,travel,70,539,0,32.74,14.89,89.17,0,0,0,0,0
TXN-00004186,60.55,10,gaming,35,636,5,28.17,3.07,98.29,0,0,0,0,0
TXN-00004187,61.53,19,grocery,55,280,2,29.69,1.7,93.61,0,0,0,0,0
TXN-00004188,27.5,6,cash_withdrawal,69,379,1,29.8,5.31,67.62,0,0,1,0,0
TXN-00004189,18.84,3,fuel,19,768,1,24.71,12.34,92.22,0,0,1,0,0
TXN-00004190,375.31,14,grocery,63,1503,2,96.7,26.48,94.02,1,0,0,0,0
TXN-00004191,115.97,3,fuel,23,937,1,43.73,20.06,63.52,0,0,0,0,1
TXN-00004192,95.87,21,online_shopping,49,1816,0,19.23,3.74,74.21,0,0,1,0,0
TXN-00004193,74.08,1,travel,66,718,3,46.33,2.42,61.11,1,1,0,0,1
TXN-00004194,14.1,11,restaurant,44,1649,3,58.47,28.14,75.05,0,0,1,0,0
TXN-00004195,154.69,22,pharmacy,50,2881,1,13.72,4.04,63.86,0,0,0,0,0
TXN-00004196,16.69,13,gaming,53,1151,3,60.0,22.91,52.73,1,0,1,0,0
TXN-00004197,54.46,19,cash_withdrawal,51,269,3,54.99,21.03,90.79,0,1,1,0,0
TXN-00004198,7.23,10,grocery,60,265,2,39.02,47.63,89.95,0,0,0,0,0
TXN-00004199,5.0,18,jewelry,67,393,3,85.6,11.2,79.54,1,0,1,0,0
TXN-00004200,56.5,16,travel,25,615,3,58.88,18.83,76.24,1,0,0,0,0
TXN-00004201,17.3,12,grocery,42,1452,3,23.51,8.26,95.39,0,0,1,0,0
TXN-00004202,5.01,2,restaurant,67,753,3,33.67,4.91,64.34,1,0,1,0,0
TXN-00004203,71.35,23,travel,40,1647,2,77.17,9.46,84.87,0,0,0,0,0
TXN-00004204,374.68,1,restaurant,46,679,0,22.77,5.92,59.96,0,0,1,0,0
TXN-00004205,174.0,8,grocery,61,2829,4,23.93,24.97,90.4,0,0,1,0,0
TXN-00004206,30.87,15,gaming,72,1867,1,37.31,20.13,60.17,1,0,1,1,0
TXN-00004207,40.82,18,travel,32,725,3,26.9,15.14,89.19,0,0,0,0,0
TXN-00004208,102.73,12,online_shopping,73,573,2,155.28,10.76,84.39,0,0,0,0,0
TXN-00004209,131.4,9,cash_withdrawal,59,1879,3,75.52,14.03,71.2,2,0,0,0,0
TXN-00004210,28.2,9,grocery,19,497,3,129.05,24.63,81.72,0,0,1,0,0
TXN-00004211,41.93,23,online_shopping,67,695,0,69.04,8.56,78.07,0,1,1,0,0
TXN-00004212,55.46,8,cash_withdrawal,40,492,0,35.73,10.99,90.72,0,1,0,0,0
TXN-00004213,72.35,20,pharmacy,34,1067,2,10.0,18.14,79.59,0,0,1,0,0
TXN-00004214,35.17,1,electronics,48,1704,3,39.04,4.02,60.72,2,0,1,0,0
TXN-00004215,35.66,15,grocery,51,739,4,14.95,13.29,36.41,2,0,0,1,0
TXN-00004216,172.23,16,travel,49,1528,4,11.18,3.42,66.7,1,0,1,0,0
TXN-00004217,144.03,16,cash_withdrawal,21,1106,3,66.46,7.02,79.46,0,0,1,0,0
TXN-00004218,66.77,10,fuel,65,483,4,15.06,45.08,67.01,2,0,0,0,0
TXN-00004219,245.93,16,electronics,37,708,0,19.32,4.98,73.09,1,0,0,0,0
TXN-00004220,26.96,10,grocery,26,380,1,22.52,21.06,78.94,3,0,1,0,0
TXN-00004221,222.32,14,pharmacy,50,470,3,33.73,39.57,81.39,0,0,0,0,0
TXN-00004222,71.5,21,travel,54,2157,3,29.47,8.13,74.88,1,0,1,1,0
TXN-00004223,1254.61,16,online_shopping,24,1011,1,49.88,6.31,95.77,0,0,1,0,0
TXN-00004224,11.56,17,fuel,72,929,2,44.66,32.18,71.02,0,0,1,0,0
TXN-00004225,19.61,23,online_shopping,52,998,2,11.03,8.78,71.65,0,1,1,1,1
TXN-00004226,62.79,5,restaurant,75,565,3,83.11,26.98,60.04,1,0,0,0,0
TXN-00004227,61.38,14,pharmacy,56,758,4,14.54,43.84,71.5,0,1,0,0,0
TXN-00004228,313.45,15,restaurant,18,1145,0,15.84,15.18,91.75,0,0,1,0,0
TXN-00004229,20.05,16,fuel,30,323,4,95.77,5.48,96.96,1,0,1,0,0
TXN-00004230,104.6,3,electronics,74,229,1,28.93,13.52,38.06,0,0,0,0,0
TXN-00004231,137.08,18,restaurant,50,671,2,63.38,5.1,53.57,0,0,1,0,0
TXN-00004232,84.76,4,cash_withdrawal,25,612,2,48.32,4.11,64.1,0,0,0,0,0
TXN-00004233,14.75,9,grocery,22,1760,3,40.62,8.9,49.13,1,0,0,0,0
TXN-00004234,177.35,17,online_shopping,49,564,3,19.09,7.9,52.18,2,0,0,0,1
TXN-00004235,147.05,6,grocery,52,1159,3,26.47,7.5,67.54,0,0,1,0,0
TXN-00004236,75.91,3,pharmacy,32,611,3,89.64,6.78,81.76,0,0,1,0,0
TXN-00004237,50.13,16,cash_withdrawal,29,1123,2,19.22,23.95,33.18,0,0,0,0,1
TXN-00004238,51.29,6,travel,53,1021,3,31.45,0.75,60.83,0,0,0,1,0
TXN-00004239,37.24,19,gaming,43,1986,2,42.05,33.62,96.45,1,0,1,1,1
TXN-00004240,79.27,21,electronics,20,534,3,23.23,4.95,71.42,0,0,0,0,0
TXN-00004241,41.79,8,online_shopping,21,535,4,19.14,8.8,52.69,3,1,1,0,1
TXN-00004242,16.59,17,grocery,31,3067,1,26.71,24.38,79.02,1,0,1,0,0
TXN-00004243,13.45,5,electronics,50,1672,2,26.34,6.56,70.58,0,0,0,0,0
TXN-00004244,18.36,22,grocery,35,702,2,11.31,1.88,83.22,0,1,0,0,0
TXN-00004245,51.07,5,travel,18,552,4,35.89,12.83,92.99,0,0,0,0,0
TXN-00004246,39.32,21,fuel,71,508,3,71.12,5.92,84.77,0,0,0,0,0
TXN-00004247,50.71,18,cash_withdrawal,58,1635,5,10.0,2.59,76.01,0,1,0,0,1
TXN-00004248,68.43,7,online_shopping,51,637,2,33.77,8.17,79.36,0,0,1,0,0
TXN-00004249,20.93,19,cash_withdrawal,32,574,2,10.0,8.16,80.72,4,0,0,0,0
TXN-00004250,188.47,15,grocery,59,565,3,78.27,12.9,66.84,0,1,1,1,0
TXN-00004251,30.54,16,restaurant,72,1252,3,20.41,52.12,82.22,0,0,1,0,0
TXN-00004252,25.66,9,grocery,57,814,1,30.17,10.01,96.32,0,0,1,0,0
TXN-00004253,67.12,5,travel,35,1663,2,15.52,2.34,68.61,0,1,0,0,0
TXN-00004254,5.88,16,jewelry,40,2392,4,108.26,56.72,72.36,1,1,1,0,0
TXN-00004255,17.64,1,online_shopping,71,1022,6,116.09,8.68,62.63,3,0,0,0,0
TXN-00004256,113.31,8,grocery,18,1079,4,14.55,61.1,81.03,2,0,0,0,1
TXN-00004257,6.53,3,online_shopping,30,789,1,13.49,55.89,46.61,0,1,0,1,0
TXN-00004258,130.77,0,grocery,24,999,1,51.67,38.52,68.14,1,0,1,1,1
TXN-00004259,197.69,0,online_shopping,55,278,1,52.45,16.45,61.39,0,0,1,0,0
TXN-00004260,27.44,2,online_shopping,44,1133,2,23.28,10.06,83.68,1,0,1,0,0
TXN-00004261,54.95,22,electronics,25,1477,1,15.07,21.36,79.85,0,0,1,0,0
TXN-00004262,130.98,18,grocery,72,488,4,79.53,25.15,81.79,0,0,0,0,0
TXN-00004263,24.78,23,grocery,50,2182,1,25.14,21.76,78.92,1,0,1,0,0
TXN-00004264,100.6,2,online_shopping,32,679,1,24.2,7.68,87.99,1,0,1,0,0
TXN-00004265,19.99,23,travel,72,1884,3,32.37,20.77,67.51,0,0,0,0,0
TXN-00004266,24.5,14,online_shopping,58,1311,2,11.43,47.62,59.26,0,0,1,0,0
TXN-00004267,17.47,19,fuel,25,455,0,19.85,11.33,91.86,0,1,1,0,0
TXN-00004268,57.96,20,restaurant,65,1614,3,15.51,5.23,87.79,0,0,0,0,0
TXN-00004269,136.44,6,travel,21,934,3,10.0,3.24,67.41,2,0,0,0,1
TXN-00004270,33.34,17,restaurant,70,1192,2,17.05,7.89,91.41,2,1,1,0,0
TXN-00004271,10.65,15,pharmacy,40,801,2,28.74,22.52,74.84,1,0,1,0,0
TXN-00004272,12.98,9,gaming,35,868,7,17.72,3.4,80.15,2,0,1,0,0
TXN-00004273,61.21,11,fuel,21,327,2,27.11,11.64,65.99,0,0,0,0,0
TXN-00004274,280.43,5,travel,72,1240,2,14.84,13.81,70.0,0,0,1,0,0
TXN-00004275,61.15,4,electronics,50,922,2,44.16,0.99,89.53,2,0,0,0,0
TXN-00004276,26.94,22,fuel,53,1084,0,56.37,3.27,57.52,0,0,1,0,0
TXN-00004277,90.42,17,gaming,67,1209,1,45.64,17.0,95.43,1,0,1,1,0
TXN-00004278,31.45,13,pharmacy,47,1163,1,32.91,33.97,86.17,0,0,0,1,0
TXN-00004279,27.19,16,online_shopping,34,1267,2,50.58,12.69,65.49,0,0,1,0,0
TXN-00004280,14.79,9,grocery,63,322,2,19.91,6.77,92.75,0,1,0,0,0
TXN-00004281,177.48,5,fuel,48,812,1,17.74,7.05,82.47,2,0,1,0,1
TXN-00004282,5.0,22,restaurant,31,449,1,28.36,20.46,71.92,0,0,1,1,0
TXN-00004283,93.48,23,grocery,66,175,5,20.87,27.48,89.13,0,0,1,0,1
TXN-00004284,24.86,5,pharmacy,65,1181,1,72.53,4.22,74.04,0,0,1,0,1
TXN-00004285,26.29,19,grocery,32,2369,4,110.86,2.08,89.99,0,0,1,0,0
TXN-00004286,239.11,10,grocery,55,195,1,165.06,15.09,88.9,0,0,1,0,0
TXN-00004287,19.11,16,electronics,71,1244,2,54.44,16.07,86.55,0,0,1,0,0
TXN-00004288,19.8,2,restaurant,64,763,4,37.83,0.65,93.35,1,0,0,1,1
TXN-00004289,35.27,11,gaming,29,871,4,10.0,5.72,86.76,1,0,1,0,0
TXN-00004290,62.46,2,electronics,67,1223,4,22.8,4.06,75.28,1,0,1,0,0
TXN-00004291,25.43,19,fuel,21,1134,3,18.5,46.11,90.18,0,0,0,0,0
TXN-00004292,7.75,9,electronics,53,800,5,19.41,1.3,48.07,0,0,0,0,0
TXN-00004293,16.3,6,electronics,47,680,3,72.14,2.86,88.97,0,0,1,0,0
TXN-00004294,155.31,16,online_shopping,20,1141,2,76.9,0.5,56.87,0,0,0,0,0
TXN-00004295,43.75,22,electronics,60,233,3,22.76,1.7,85.95,2,0,1,0,1
TXN-00004296,64.95,8,electronics,35,1217,0,20.1,0.51,84.72,0,0,0,0,0
TXN-00004297,30.74,17,fuel,67,765,4,25.96,2.27,85.6,0,0,1,0,0
TXN-00004298,20.24,16,online_shopping,68,1791,1,10.0,1.56,87.37,2,0,0,0,0
TXN-00004299,235.44,11,electronics,52,912,4,69.21,30.94,85.75,0,0,1,0,0
TXN-00004300,33.19,19,online_shopping,54,1745,2,51.3,19.4,84.97,0,0,0,0,0
TXN-00004301,25.39,3,restaurant,21,521,2,13.41,0.47,83.97,0,0,1,0,0
TXN-00004302,127.86,21,travel,69,496,1,13.58,4.7,83.47,1,0,1,1,0
TXN-00004303,18.94,9,electronics,57,600,2,88.3,1.86,68.09,0,0,0,0,0
TXN-00004304,21.66,1,restaurant,40,1954,4,51.96,9.03,77.3,0,0,0,0,0
TXN-00004305,40.88,23,cash_withdrawal,22,892,2,100.15,1.26,87.1,0,0,1,0,0
TXN-00004306,40.46,18,pharmacy,47,665,1,18.41,20.67,82.49,0,0,0,0,0
TXN-00004307,53.12,19,fuel,70,1130,1,98.25,7.49,79.41,2,0,0,0,0
TXN-00004308,363.67,3,grocery,68,620,4,16.54,53.57,81.62,0,0,0,1,1
TXN-00004309,57.57,18,online_shopping,23,1123,3,33.99,0.4,88.09,0,0,1,0,0
TXN-00004310,5.0,16,restaurant,62,889,3,10.0,9.53,75.34,1,0,1,1,0
TXN-00004311,56.98,21,fuel,22,651,3,22.14,71.69,89.58,0,0,0,0,1
TXN-00004312,42.09,8,fuel,39,917,2,34.87,26.99,88.09,1,1,1,0,1
TXN-00004313,42.34,22,cash_withdrawal,43,917,0,23.65,0.63,95.37,1,0,1,0,0
TXN-00004314,52.37,16,pharmacy,19,1406,2,46.69,26.12,77.07,1,1,1,0,0
TXN-00004315,39.25,6,restaurant,25,436,3,18.25,46.14,58.96,0,0,1,0,0
TXN-00004316,38.27,5,fuel,69,711,1,30.99,2.23,84.37,2,0,0,0,0
TXN-00004317,76.99,21,electronics,54,1033,1,24.95,13.74,77.0,0,0,1,0,0
TXN-00004318,22.89,15,online_shopping,63,581,0,24.75,2.07,74.87,0,0,0,0,0
TXN-00004319,14.95,2,cash_withdrawal,51,832,5,52.25,20.28,54.59,3,0,1,1,1
TXN-00004320,967.75,3,online_shopping,44,644,2,19.65,11.31,88.23,0,0,1,0,0
TXN-00004321,19.07,19,online_shopping,19,748,1,27.44,0.93,64.06,0,0,0,0,0
TXN-00004322,44.93,4,travel,49,498,1,22.55,8.58,78.38,2,0,1,0,0
TXN-00004323,8.41,5,fuel,62,2373,0,87.27,24.66,95.2,0,0,0,0,0
TXN-00004324,45.71,14,electronics,29,242,5,29.94,2.93,53.46,0,1,0,1,1
TXN-00004325,15.18,20,fuel,46,642,3,30.1,10.11,91.43,1,0,1,0,1
TXN-00004326,25.42,8,jewelry,41,909,4,25.49,21.06,77.75,0,1,0,0,1
TXN-00004327,121.18,15,grocery,68,904,3,40.3,33.17,71.49,1,0,1,0,0
TXN-00004328,66.39,16,restaurant,27,1646,1,23.14,2.69,85.29,0,0,1,0,0
TXN-00004329,73.47,14,grocery,24,433,3,22.47,17.37,86.72,0,0,0,0,1
TXN-00004330,6.3,16,grocery,30,334,0,22.48,26.83,85.92,0,1,1,0,0
TXN-00004331,278.31,5,gaming,27,693,5,31.47,36.54,91.15,0,0,1,0,0
TXN-00004332,11.57,14,pharmacy,67,910,6,60.94,7.63,60.99,0,0,0,0,0
TXN-00004333,201.34,0,travel,33,776,3,24.47,14.73,63.9,0,0,1,0,1
TXN-00004334,118.23,17,online_shopping,39,1469,0,12.84,21.53,92.0,2,0,0,0,1
TXN-00004335,74.16,19,fuel,32,468,3,11.43,8.14,71.2,0,0,1,0,0
TXN-00004336,16.48,19,fuel,65,656,2,198.44,96.6,85.35,2,0,0,0,0
TXN-00004337,47.43,0,travel,56,1208,6,17.61,11.39,68.66,0,0,1,0,0
TXN-00004338,24.67,21,grocery,45,918,6,103.27,1.04,96.59,1,0,1,0,0
TXN-00004339,41.7,10,restaurant,64,1664,3,25.7,10.42,95.92,0,0,1,0,0
TXN-00004340,31.11,1,restaurant,22,919,4,16.09,0.9,76.64,0,0,0,0,1
TXN-00004341,5.0,12,electronics,57,430,1,28.49,7.61,83.39,0,0,1,0,0
TXN-00004342,131.35,13,pharmacy,38,1560,1,45.07,3.65,62.61,1,0,1,0,0
TXN-00004343,37.15,9,pharmacy,39,1471,2,25.91,13.35,90.0,0,0,0,0,0
TXN-00004344,24.31,17,cash_withdrawal,27,1122,2,20.27,2.73,66.64,0,0,0,0,0
TXN-00004345,22.46,13,travel,23,2591,1,10.88,0.72,87.45,0,0,1,1,0
TXN-00004346,58.93,5,online_shopping,58,942,4,19.95,3.5,68.95,0,1,1,0,0
TXN-00004347,15.82,14,online_shopping,67,980,4,38.96,2.63,56.99,0,1,0,0,0
TXN-00004348,5.0,6,restaurant,70,1452,8,10.98,2.36,94.78,0,0,1,0,0
TXN-00004349,62.02,2,pharmacy,32,1059,1,22.56,6.06,80.54,0,0,0,0,1
TXN-00004350,69.76,6,electronics,62,974,2,35.63,11.84,85.72,1,0,0,0,1
TXN-00004351,32.8,21,electronics,24,329,5,65.18,7.99,63.86,1,0,1,0,0
TXN-00004352,12.12,13,restaurant,63,401,4,14.56,18.3,75.97,0,0,1,0,0
TXN-00004353,44.41,7,online_shopping,50,400,5,112.73,7.2,73.67,0,0,0,0,0
TXN-00004354,8.69,8,travel,67,756,3,40.39,31.75,50.39,0,0,1,1,0
TXN-00004355,13.76,20,jewelry,21,1705,1,14.03,37.33,70.42,1,0,0,1,0
TXN-00004356,18.39,15,restaurant,63,2138,3,32.99,8.51,77.37,1,0,1,0,0
TXN-00004357,98.11,18,gaming,45,1820,2,18.73,5.31,88.53,0,0,0,0,0
TXN-00004358,27.64,14,fuel,50,1861,4,10.83,0.47,93.8,2,0,0,0,0
TXN-00004359,25.27,23,cash_withdrawal,49,544,2,26.99,7.19,71.14,1,0,1,0,0
TXN-00004360,314.95,15,restaurant,59,917,2,27.46,5.88,84.59,2,0,0,0,0
TXN-00004361,58.56,9,grocery,52,503,1,35.93,0.24,94.15,0,0,0,0,0
TXN-00004362,57.74,6,cash_withdrawal,42,1098,1,16.17,31.56,93.29,0,0,1,0,0
TXN-00004363,27.43,1,gaming,43,760,2,16.93,2.1,83.15,1,0,1,0,0
TXN-00004364,21.62,18,online_shopping,22,336,0,55.24,12.44,64.47,2,0,0,0,0
TXN-00004365,5.0,22,travel,60,1172,4,49.15,35.92,80.08,0,0,1,0,0
TXN-00004366,111.85,15,electronics,58,610,1,13.34,0.35,64.27,0,0,1,0,1
TXN-00004367,64.76,11,electronics,50,867,2,10.11,5.34,94.46,1,1,0,0,0
TXN-00004368,33.51,3,grocery,59,684,2,14.46,21.09,90.7,0,1,1,0,0
TXN-00004369,35.02,15,fuel,33,1254,2,62.0,1.77,90.92,0,0,1,0,0
TXN-00004370,87.61,4,pharmacy,30,994,6,10.0,2.61,80.33,0,0,0,1,0
TXN-00004371,7.91,14,grocery,71,911,2,20.49,18.87,81.9,0,0,0,0,0
TXN-00004372,21.77,7,grocery,73,1788,1,54.62,16.1,74.01,1,1,1,0,0
TXN-00004373,12.27,20,online_shopping,67,710,3,33.97,15.75,86.55,1,1,0,0,0
TXN-00004374,259.84,22,pharmacy,21,1136,1,27.15,1.46,71.58,0,0,1,0,0
TXN-00004375,101.44,5,restaurant,49,724,1,54.55,4.92,64.87,0,0,1,0,0
TXN-00004376,5.0,7,restaurant,60,2863,3,25.92,6.48,78.24,0,0,1,0,0
TXN-00004377,8.25,22,grocery,20,1590,3,21.01,21.92,63.96,0,0,1,0,0
TXN-00004378,35.2,0,fuel,74,2076,0,48.83,31.18,92.11,0,1,1,0,0
TXN-00004379,24.63,12,online_shopping,63,979,2,104.03,2.66,63.78,0,0,1,0,0
TXN-00004380,10.07,3,pharmacy,35,1624,3,10.0,63.03,67.24,1,0,0,0,0
TXN-00004381,311.69,10,pharmacy,47,475,0,17.99,18.97,90.54,1,0,0,0,0
TXN-00004382,56.16,0,restaurant,70,430,1,24.54,48.68,80.86,0,0,1,0,0
TXN-00004383,66.59,3,restaurant,67,817,1,20.77,16.73,79.61,0,0,1,0,0
TXN-00004384,19.56,9,travel,65,1082,1,31.17,3.79,71.72,0,1,0,0,0
TXN-00004385,86.35,1,restaurant,75,1711,5,29.55,4.61,68.11,1,0,0,0,0
TXN-00004386,27.13,19,restaurant,61,939,3,13.54,0.16,67.99,1,0,1,0,0
TXN-00004387,30.04,13,restaurant,72,811,2,43.46,33.9,67.69,0,0,0,0,1
TXN-00004388,76.83,10,online_shopping,73,1381,1,27.69,36.01,89.8,1,1,1,0,1
TXN-00004389,7.31,11,pharmacy,19,2018,3,67.53,27.37,79.56,1,0,0,1,0
TXN-00004390,216.35,20,cash_withdrawal,55,1429,1,59.97,4.8,53.04,0,0,1,0,0
TXN-00004391,48.98,20,online_shopping,37,1177,2,26.1,6.83,77.04,1,0,0,0,0
TXN-00004392,155.24,1,electronics,46,1617,4,42.3,8.7,84.08,0,1,1,0,1
TXN-00004393,13.08,16,grocery,27,1553,3,10.0,0.6,85.06,0,0,0,1,0
TXN-00004394,15.34,11,travel,57,1432,2,10.0,5.23,91.66,0,0,1,0,0
TXN-00004395,11.94,18,grocery,66,1573,2,60.92,1.9,90.92,1,1,1,0,0
TXN-00004396,52.61,18,online_shopping,41,1100,1,27.4,2.06,77.97,1,0,0,0,0
TXN-00004397,43.35,16,restaurant,58,2227,1,68.38,5.48,77.47,0,0,1,0,0
TXN-00004398,24.84,16,online_shopping,36,436,2,61.14,28.35,68.28,0,1,1,1,0
TXN-00004399,13.95,5,cash_withdrawal,61,1283,1,11.05,9.25,81.51,0,1,0,0,0
TXN-00004400,10.7,20,grocery,22,637,4,45.81,3.01,69.3,0,1,1,1,0
TXN-00004401,38.44,16,gaming,69,1043,4,18.0,80.88,91.93,1,0,1,0,0
TXN-00004402,24.81,6,restaurant,39,455,4,24.59,9.02,77.09,1,0,1,0,0
TXN-00004403,19.69,5,online_shopping,47,748,4,13.08,16.24,80.66,1,0,0,0,0
TXN-00004404,205.29,12,pharmacy,64,803,2,57.17,3.39,85.21,0,0,1,0,0
TXN-00004405,37.1,8,pharmacy,19,1204,4,41.16,0.72,93.05,0,0,0,0,0
TXN-00004406,153.48,16,pharmacy,72,712,4,20.26,41.85,77.28,0,0,1,0,0
TXN-00004407,23.11,9,travel,53,840,3,18.06,3.56,76.79,2,0,1,0,0
TXN-00004408,52.3,4,fuel,74,1412,1,49.53,34.71,97.9,1,0,1,0,0
TXN-00004409,38.16,9,gaming,49,1731,1,17.96,7.08,97.89,0,0,0,0,0
TXN-00004410,6.8,19,online_shopping,29,784,3,20.17,24.3,69.62,0,1,0,0,0
TXN-00004411,181.23,19,online_shopping,51,1870,3,18.6,1.46,70.79,1,1,1,0,1
TXN-00004412,35.1,7,pharmacy,51,1363,2,18.48,6.21,88.53,1,0,0,0,0
TXN-00004413,88.57,19,pharmacy,71,1857,3,46.59,9.12,93.91,1,0,1,0,0
TXN-00004414,18.36,2,online_shopping,51,1007,1,34.73,5.5,88.28,2,0,1,1,0
TXN-00004415,34.02,23,restaurant,41,831,2,20.78,0.69,79.89,0,0,1,0,1
TXN-00004416,16.28,18,pharmacy,28,927,3,15.11,25.25,55.24,1,0,1,0,0
TXN-00004417,148.09,0,online_shopping,36,1187,2,29.61,13.26,85.81,0,0,1,0,0
TXN-00004418,56.09,16,pharmacy,51,996,4,25.15,8.85,72.54,1,0,1,0,0
TXN-00004419,59.47,11,online_shopping,39,1011,2,49.68,32.12,36.83,0,0,0,0,0
TXN-00004420,168.36,21,restaurant,39,1357,0,18.69,14.41,77.02,1,0,1,0,0
TXN-00004421,136.2,5,pharmacy,18,718,4,39.62,11.76,61.0,1,0,1,0,0
TXN-00004422,90.34,21,fuel,72,1064,1,25.37,15.51,77.28,1,0,0,0,0
TXN-00004423,9.09,20,fuel,66,452,0,36.14,6.69,73.32,1,1,0,0,0
TXN-00004424,19.48,6,online_shopping,32,956,1,86.12,4.82,92.36,0,1,0,0,0
TXN-00004425,14.1,10,fuel,25,796,5,25.26,7.77,84.15,0,0,0,0,0
TXN-00004426,86.83,15,electronics,66,812,1,123.06,19.75,70.57,1,0,1,0,0
TXN-00004427,48.38,5,online_shopping,66,510,3,26.05,21.48,92.12,2,0,1,0,0
TXN-00004428,9.39,23,online_shopping,70,696,2,15.22,2.43,80.97,0,0,0,0,0
TXN-00004429,33.18,4,gaming,49,1204,2,82.96,31.98,90.37,0,0,1,0,0
TXN-00004430,8.42,5,grocery,60,574,1,97.44,0.55,67.18,0,0,0,0,0
TXN-00004431,38.25,12,online_shopping,60,314,0,16.3,25.08,87.82,0,0,1,0,0
TXN-00004432,7.11,11,gaming,30,1293,2,17.94,3.01,65.99,0,0,0,0,0
TXN-00004433,70.48,1,grocery,48,2504,2,51.01,3.1,81.53,1,0,0,0,0
TXN-00004434,60.15,21,grocery,33,673,3,43.47,10.76,44.93,1,0,0,0,0
TXN-00004435,299.87,5,grocery,61,473,2,17.7,4.34,63.86,1,0,0,0,1
TXN-00004436,98.52,2,cash_withdrawal,74,2204,2,16.75,6.71,40.46,3,0,1,1,1
TXN-00004437,25.94,12,online_shopping,22,291,1,36.06,14.16,85.73,0,0,1,0,0
TXN-00004438,95.49,22,electronics,22,1254,4,27.43,5.46,79.98,0,0,1,0,0
TXN-00004439,9.32,0,fuel,33,635,2,43.61,20.94,88.54,0,0,0,0,0
TXN-00004440,14.72,11,fuel,24,2472,3,43.51,39.42,55.64,0,1,0,0,0
TXN-00004441,57.39,21,pharmacy,18,880,0,54.28,19.96,72.92,2,0,1,0,0
TXN-00004442,5.0,21,fuel,74,700,2,10.0,2.34,76.13,0,0,1,0,0
TXN-00004443,38.9,4,travel,51,133,1,100.66,6.62,90.04,1,0,0,0,0
TXN-00004444,13.86,14,travel,63,1463,3,41.97,10.17,70.02,0,0,1,0,0
TXN-00004445,44.99,20,online_shopping,50,1416,4,22.62,17.07,91.96,2,0,1,0,0
TXN-00004446,13.04,16,pharmacy,61,1823,0,27.97,26.61,82.32,0,0,1,0,0
TXN-00004447,63.15,15,gaming,57,1097,1,45.68,54.02,94.83,0,0,1,0,0
TXN-00004448,41.28,18,grocery,27,830,3,34.91,9.31,73.25,0,0,1,0,0
TXN-00004449,175.98,10,electronics,26,1663,6,35.23,21.61,83.2,0,1,0,0,0
TXN-00004450,40.73,1,travel,46,750,3,28.22,0.06,81.62,0,0,0,0,0
TXN-00004451,18.05,15,travel,39,429,2,88.63,23.4,86.09,1,0,1,0,0
TXN-00004452,31.21,15,restaurant,66,1234,5,37.37,3.8,95.8,3,0,1,0,0
TXN-00004453,9.86,20,grocery,35,1568,3,62.79,7.56,86.07,0,0,0,0,0
TXN-00004454,61.96,22,grocery,37,375,3,123.81,20.31,82.83,1,0,1,0,0
TXN-00004455,75.14,8,restaurant,48,1055,4,56.03,61.07,81.83,0,1,1,0,0
TXN-00004456,540.59,22,grocery,29,1466,4,36.44,3.24,74.76,0,0,0,0,0
TXN-00004457,21.05,0,electronics,67,716,1,10.0,4.61,77.6,1,0,0,0,0
TXN-00004458,30.53,23,grocery,18,2189,0,22.96,43.2,94.14,1,0,0,0,0
TXN-00004459,22.1,3,cash_withdrawal,67,673,2,118.93,10.94,84.48,2,0,1,0,0
TXN-00004460,50.54,15,jewelry,54,674,2,37.15,14.81,67.83,1,0,0,1,0
TXN-00004461,60.39,16,gaming,69,755,5,12.59,0.66,89.63,0,0,0,0,0
TXN-00004462,38.24,15,restaurant,35,555,3,26.09,2.81,63.17,1,0,1,0,0
TXN-00004463,126.55,23,grocery,70,673,1,13.92,6.99,60.38,0,0,0,1,0
TXN-00004464,21.16,13,electronics,68,1036,2,22.26,1.49,65.9,0,0,1,0,0
TXN-00004465,113.92,3,restaurant,44,598,6,23.06,11.72,73.28,1,0,1,0,1
TXN-00004466,71.2,14,restaurant,34,1299,3,20.47,3.29,76.99,1,1,1,0,0
TXN-00004467,39.94,6,pharmacy,29,399,6,31.51,9.97,80.86,0,0,0,0,0
TXN-00004468,29.06,14,jewelry,26,603,0,10.0,5.42,87.66,0,0,0,0,0
TXN-00004469,516.98,9,restaurant,51,2211,3,46.07,1.76,67.93,0,0,0,1,0
TXN-00004470,17.15,1,fuel,73,662,1,76.07,26.95,64.57,1,0,1,0,0
TXN-00004471,55.3,15,restaurant,50,951,1,10.0,0.06,94.96,0,0,0,0,0
TXN-00004472,18.4,2,grocery,73,993,3,59.8,1.16,77.97,0,0,0,0,0
TXN-00004473,263.72,7,fuel,61,530,2,45.87,3.27,68.37,0,0,1,0,0
TXN-00004474,102.63,14,online_shopping,57,629,4,37.99,1.92,87.34,0,0,0,0,0
TXN-00004475,19.84,21,gaming,60,1157,1,30.92,44.48,63.88,0,0,1,0,0
TXN-00004476,69.28,7,restaurant,71,664,0,34.69,15.89,92.54,0,0,1,0,0
TXN-00004477,53.02,7,grocery,67,644,1,52.63,141.84,95.49,1,0,1,0,0
TXN-00004478,23.51,7,jewelry,27,627,4,34.54,27.44,88.14,1,0,1,0,0
TXN-00004479,89.66,13,online_shopping,51,1809,1,172.37,5.27,70.12,3,0,0,0,0
TXN-00004480,60.87,4,electronics,44,1626,4,19.84,0.1,87.27,0,0,1,0,0
TXN-00004481,50.73,12,electronics,68,1045,8,87.31,3.17,93.47,1,0,0,0,0
TXN-00004482,38.71,19,cash_withdrawal,29,871,5,27.57,8.94,92.95,0,0,0,0,0
TXN-00004483,63.6,1,online_shopping,65,1016,1,23.17,7.24,79.79,0,0,1,0,1
TXN-00004484,51.46,23,pharmacy,45,1200,4,57.69,58.52,82.52,0,1,1,0,0
TXN-00004485,43.04,12,travel,72,1204,3,24.54,13.17,81.61,0,0,0,1,1
TXN-00004486,20.63,15,grocery,63,669,1,92.89,2.86,81.01,0,0,1,1,0
TXN-00004487,239.48,14,restaurant,38,783,4,18.44,26.05,93.42,0,0,1,0,0
TXN-00004488,13.42,22,travel,67,741,2,68.39,0.68,77.96,0,0,1,0,0
TXN-00004489,63.37,15,restaurant,28,1091,1,44.32,0.15,83.52,0,0,0,0,0
TXN-00004490,28.9,21,cash_withdrawal,18,1764,1,26.93,20.89,87.76,1,0,0,0,0
TXN-00004491,256.6,6,online_shopping,47,954,0,15.82,0.99,90.77,0,0,1,0,0
TXN-00004492,15.66,5,jewelry,40,1000,0,15.78,8.63,85.24,1,0,1,0,0
TXN-00004493,18.69,15,pharmacy,25,598,3,17.25,0.01,91.28,1,1,0,0,0
TXN-00004494,14.61,3,electronics,75,362,1,61.56,15.0,63.02,0,0,1,0,0
TXN-00004495,56.81,2,pharmacy,20,770,4,30.87,9.14,71.62,0,0,1,0,0
TXN-00004496,9.57,5,restaurant,52,1329,0,50.07,40.81,84.18,0,0,0,0,0
TXN-00004497,24.47,6,restaurant,33,606,2,33.1,18.71,57.89,0,0,0,0,0
TXN-00004498,5.0,2,fuel,35,318,2,14.68,6.12,76.83,0,0,0,0,0
TXN-00004499,52.06,17,gaming,30,1227,6,37.75,26.96,83.72,0,0,1,0,0
TXN-00004500,23.92,13,gaming,40,1162,2,44.65,32.89,80.41,0,0,1,0,0
TXN-00004501,8.48,4,travel,56,683,5,10.0,3.9,80.55,0,0,0,0,0
TXN-00004502,126.46,6,grocery,36,639,1,20.35,15.65,73.43,0,0,0,0,0
TXN-00004503,10.25,22,online_shopping,59,804,1,17.66,10.41,67.12,1,1,1,0,0
TXN-00004504,93.39,21,grocery,43,711,1,13.26,28.21,59.11,0,0,0,0,0
TXN-00004505,19.37,2,restaurant,63,1988,1,32.92,21.13,77.99,1,0,1,0,0
TXN-00004506,217.38,14,restaurant,43,791,1,35.83,8.98,69.71,1,0,0,0,0
TXN-00004507,88.86,7,cash_withdrawal,39,1119,2,70.36,44.82,72.18,2,0,1,0,1
TXN-00004508,14.03,8,cash_withdrawal,47,856,3,50.62,27.63,67.75,0,0,0,0,0
TXN-00004509,15.44,14,grocery,57,1139,3,24.57,3.22,69.45,0,1,1,0,0
TXN-00004510,76.39,23,gaming,44,695,7,24.61,19.45,73.38,1,0,0,0,1
TXN-00004511,30.71,13,gaming,70,682,4,94.83,0.85,97.28,0,0,1,0,0
TXN-00004512,33.86,22,travel,47,950,3,41.65,22.82,76.32,0,0,0,0,0
TXN-00004513,153.83,19,restaurant,35,632,2,63.25,29.86,69.19,0,0,1,0,0
TXN-00004514,18.43,18,electronics,19,771,1,11.97,1.41,90.01,0,0,1,0,0
TXN-00004515,44.52,18,travel,40,1300,2,10.7,24.88,97.95,0,0,1,0,0
TXN-00004516,110.21,19,online_shopping,21,1655,0,22.89,5.21,98.69,0,0,0,0,0
TXN-00004517,94.59,6,travel,20,2311,2,56.56,7.94,75.48,2,1,0,0,0
TXN-00004518,34.21,23,online_shopping,39,1249,1,84.32,14.25,91.52,0,0,0,0,0
TXN-00004519,29.86,22,restaurant,34,1091,3,18.25,12.73,77.5,0,1,1,0,0
TXN-00004520,6.52,14,restaurant,69,562,5,42.23,5.5,38.2,0,0,1,0,0
TXN-00004521,13.34,17,grocery,60,1559,2,39.21,2.61,73.17,0,0,0,0,0
TXN-00004522,56.5,21,electronics,63,1944,4,14.07,14.66,97.26,0,0,1,0,0
TXN-00004523,35.0,3,grocery,49,751,4,17.23,14.72,89.27,0,0,0,0,1
TXN-00004524,43.76,1,travel,24,2215,3,27.9,20.05,70.51,0,0,1,1,0
TXN-00004525,120.45,23,restaurant,67,1641,2,13.07,0.53,75.27,1,0,0,0,1
TXN-00004526,11.63,13,gaming,46,1257,1,155.58,16.02,77.82,0,0,0,0,0
TXN-00004527,31.56,17,pharmacy,42,868,1,15.04,85.68,87.25,0,1,0,0,0
TXN-00004528,49.31,12,pharmacy,53,465,2,22.26,13.91,79.79,0,1,0,0,0
TXN-00004529,19.31,12,pharmacy,27,1992,2,38.02,2.89,53.55,0,0,0,0,0
TXN-00004530,181.83,0,grocery,45,437,4,35.07,5.27,81.99,0,0,0,0,0
TXN-00004531,105.01,6,restaurant,53,2038,2,44.74,2.21,96.27,0,0,1,0,0
TXN-00004532,54.85,2,fuel,58,2153,2,15.51,4.93,72.85,0,0,1,0,0
TXN-00004533,266.12,10,grocery,47,568,5,12.41,10.81,81.04,2,0,0,0,1
TXN-00004534,8.38,0,fuel,75,435,6,31.97,25.33,73.82,2,0,1,0,1
TXN-00004535,40.12,19,cash_withdrawal,75,739,2,16.61,4.19,96.78,0,0,0,0,0
TXN-00004536,59.42,7,online_shopping,23,901,1,18.65,6.2,70.29,0,0,0,0,0
TXN-00004537,15.48,17,electronics,22,706,1,17.79,40.46,73.58,0,1,0,0,0
TXN-00004538,55.46,1,travel,47,733,1,17.78,21.6,95.59,0,0,0,0,0
TXN-00004539,12.66,0,jewelry,66,918,4,11.66,25.73,81.36,0,0,0,0,0
TXN-00004540,83.52,10,online_shopping,47,1954,4,14.95,34.04,57.95,1,0,1,1,1
TXN-00004541,122.82,18,cash_withdrawal,30,858,3,23.61,3.7,73.68,0,0,0,0,0
TXN-00004542,53.84,19,cash_withdrawal,50,1309,4,62.57,2.03,70.66,1,0,0,0,0
TXN-00004543,5.78,13,online_shopping,72,476,1,112.16,14.64,75.82,1,0,0,0,0
TXN-00004544,14.66,14,grocery,27,984,4,54.66,62.49,87.94,0,0,0,0,0
TXN-00004545,73.18,16,electronics,43,771,2,35.05,0.42,53.98,1,0,0,0,0
TXN-00004546,41.36,16,grocery,55,1287,1,58.22,34.91,78.77,0,0,0,0,0
TXN-00004547,5.0,17,cash_withdrawal,40,454,3,27.07,52.61,90.3,0,0,0,0,0
TXN-00004548,149.15,0,gaming,20,1732,3,35.4,31.08,49.44,1,0,1,0,0
TXN-00004549,46.69,10,online_shopping,56,754,1,47.79,2.32,79.09,0,0,1,0,0
TXN-00004550,17.12,20,fuel,60,618,2,42.62,9.36,73.72,1,0,0,1,0
TXN-00004551,114.97,10,restaurant,55,2141,6,55.82,14.55,79.52,2,0,1,0,0
TXN-00004552,19.86,3,online_shopping,56,1070,0,46.57,24.26,88.02,1,0,1,0,0
TXN-00004553,19.63,15,cash_withdrawal,56,907,2,18.59,19.21,88.5,0,0,0,0,0
TXN-00004554,58.93,7,grocery,37,452,2,45.51,1.66,34.6,0,0,1,0,0
TXN-00004555,262.46,12,electronics,18,564,1,18.42,16.93,89.88,1,1,0,0,1
TXN-00004556,222.46,12,restaurant,75,463,1,48.22,11.87,82.41,0,0,1,0,0
TXN-00004557,59.01,16,fuel,29,951,7,22.96,13.72,89.94,1,0,1,0,0
TXN-00004558,65.73,22,gaming,66,1629,1,12.94,30.86,90.91,0,0,0,0,0
TXN-00004559,92.86,16,fuel,49,1114,2,12.06,28.36,87.52,0,0,0,0,0
TXN-00004560,10.81,23,travel,49,981,3,121.88,4.52,89.9,0,0,1,0,0
TXN-00004561,79.55,0,grocery,19,920,3,15.14,43.86,77.99,0,1,1,0,0
TXN-00004562,18.71,18,restaurant,75,1433,5,55.47,13.39,62.21,0,0,1,0,0
TXN-00004563,56.51,10,grocery,48,834,4,46.48,6.66,93.19,0,0,0,0,0
TXN-00004564,31.85,17,grocery,66,396,0,54.55,38.14,77.07,1,0,0,0,0
TXN-00004565,68.46,2,electronics,63,1539,3,15.56,6.18,62.28,0,0,0,0,0
TXN-00004566,45.79,12,restaurant,26,510,5,22.82,4.65,63.63,1,0,1,1,0
TXN-00004567,5.0,0,electronics,72,364,1,15.91,9.28,78.74,1,0,1,0,0
TXN-00004568,48.81,15,travel,52,1088,0,56.82,0.61,82.63,0,0,1,0,0
TXN-00004569,79.38,5,grocery,28,282,3,78.45,33.56,83.3,0,0,1,1,0
TXN-00004570,64.6,3,travel,51,929,0,29.05,10.56,69.67,0,1,0,0,0
TXN-00004571,36.32,1,restaurant,53,1018,2,120.58,18.58,49.32,0,0,0,0,0
TXN-00004572,226.85,6,jewelry,55,1179,1,35.46,9.47,80.29,0,0,1,0,0
TXN-00004573,56.09,23,pharmacy,36,1118,2,26.15,22.5,71.61,0,0,1,0,0
TXN-00004574,64.04,23,online_shopping,72,436,5,31.89,0.71,89.85,0,0,0,0,0
TXN-00004575,121.11,1,fuel,31,1435,4,40.97,5.68,73.09,0,1,1,0,0
TXN-00004576,59.19,23,electronics,46,913,3,11.44,6.21,77.16,0,0,1,0,0
TXN-00004577,15.75,14,fuel,66,764,4,35.46,12.16,63.94,0,0,1,0,0
TXN-00004578,5.0,7,grocery,22,453,2,26.95,6.83,86.71,0,0,1,0,0
TXN-00004579,24.51,22,fuel,41,1586,2,25.19,4.94,76.33,0,0,1,0,0
TXN-00004580,89.93,5,gaming,45,1508,1,27.44,0.75,54.47,0,0,1,0,0
TXN-00004581,27.92,4,restaurant,62,704,1,56.43,57.9,74.34,0,0,0,0,0
TXN-00004582,93.81,5,restaurant,63,1182,1,29.97,13.86,83.87,0,0,1,0,0
TXN-00004583,47.28,3,grocery,64,1331,2,14.28,22.61,84.79,0,0,1,0,0
TXN-00004584,156.41,11,restaurant,38,809,2,31.32,17.44,73.85,0,0,0,0,0
TXN-00004585,29.67,3,electronics,46,1517,1,25.46,8.76,64.0,0,0,0,0,0
TXN-00004586,66.09,5,pharmacy,19,1557,4,29.93,2.53,70.56,1,0,0,0,0
TXN-00004587,68.8,8,electronics,65,331,2,28.35,20.67,80.99,2,0,1,0,0
TXN-00004588,195.72,15,electronics,35,1306,1,37.5,21.94,91.0,0,0,0,1,0
TXN-00004589,6.74,20,grocery,45,714,3,12.07,34.81,82.87,0,0,1,0,0
TXN-00004590,24.99,1,fuel,57,583,4,12.35,2.54,60.38,0,0,1,1,0
TXN-00004591,98.59,15,travel,63,286,0,28.09,7.23,89.54,1,0,0,0,0
TXN-00004592,205.04,2,fuel,22,977,1,25.13,23.77,86.08,1,0,0,1,0
TXN-00004593,52.04,23,electronics,62,798,2,15.99,0.88,72.7,0,0,1,0,0
TXN-00004594,29.74,6,fuel,39,695,3,10.0,7.15,96.89,0,0,1,0,0
TXN-00004595,89.57,20,online_shopping,42,1349,1,35.03,41.27,73.81,0,0,0,1,1
TXN-00004596,100.7,18,pharmacy,25,3558,2,22.21,10.8,68.48,1,0,1,0,0
TXN-00004597,27.73,7,grocery,59,1188,5,36.96,28.28,59.27,0,0,0,0,0
TXN-00004598,57.22,7,online_shopping,45,796,4,35.49,15.4,94.54,0,0,1,0,0
TXN-00004599,139.71,7,restaurant,24,1541,2,47.36,33.98,72.44,1,1,1,0,0
TXN-00004600,294.41,11,online_shopping,26,529,2,14.92,1.46,59.21,0,0,0,0,0
TXN-00004601,88.21,10,fuel,59,718,0,30.27,19.15,88.5,0,1,0,0,0
TXN-00004602,42.37,15,fuel,24,1012,3,115.79,23.64,76.45,0,0,1,0,0
TXN-00004603,38.21,11,online_shopping,48,1017,2,34.98,9.45,83.99,0,0,0,0,0
TXN-00004604,72.62,18,restaurant,58,1457,2,78.74,3.44,71.2,0,0,0,0,0
TXN-00004605,35.82,11,gaming,70,1920,2,47.09,28.06,91.24,1,0,1,0,0
TXN-00004606,49.36,7,restaurant,27,1439,1,16.76,42.51,75.57,0,0,1,0,0
TXN-00004607,13.32,7,grocery,35,1929,2,142.78,19.46,74.54,0,0,0,0,0
TXN-00004608,157.89,17,online_shopping,26,1973,1,73.7,16.67,62.72,0,0,0,0,0
TXN-00004609,12.22,3,gaming,69,1087,4,12.94,7.07,63.38,1,0,0,0,0
TXN-00004610,25.69,6,online_shopping,52,866,4,27.01,1.59,91.05,1,0,0,0,0
TXN-00004611,44.81,7,fuel,75,1281,5,95.33,10.3,42.43,0,0,0,0,0
TXN-00004612,327.19,15,cash_withdrawal,20,353,1,45.36,66.89,90.04,1,0,0,0,0
TXN-00004613,25.95,3,pharmacy,58,1454,1,10.0,1.23,70.07,1,1,1,0,1
TXN-00004614,20.1,10,fuel,19,1361,1,19.01,9.94,85.96,0,0,1,1,0
TXN-00004615,22.68,16,travel,24,518,3,17.91,0.14,75.86,0,0,0,0,0
TXN-00004616,230.87,22,travel,43,1833,4,78.46,5.58,87.81,1,0,1,0,0
TXN-00004617,5.0,10,fuel,39,1583,1,41.89,1.56,91.24,0,0,1,0,0
TXN-00004618,14.11,23,fuel,39,1243,1,24.53,38.21,69.84,2,0,1,0,0
TXN-00004619,711.84,14,gaming,21,860,1,18.06,17.62,82.05,2,0,1,0,0
TXN-00004620,75.22,18,grocery,49,1867,1,46.3,29.94,91.48,0,0,1,0,0
TXN-00004621,12.66,5,cash_withdrawal,37,371,2,27.65,34.18,73.65,2,0,1,0,0
TXN-00004622,38.71,21,restaurant,75,911,2,33.69,0.28,82.56,0,0,1,0,0
TXN-00004623,43.42,6,cash_withdrawal,63,1314,2,44.45,7.04,79.37,0,0,0,0,0
TXN-00004624,98.34,3,grocery,43,1659,3,33.55,7.6,75.69,0,0,1,1,0
TXN-00004625,279.07,1,electronics,62,1561,4,12.41,1.15,61.37,0,0,1,1,0
TXN-00004626,60.82,15,restaurant,51,494,3,52.21,0.81,89.49,2,0,1,0,0
TXN-00004627,22.95,15,jewelry,46,1174,2,58.74,23.13,51.56,0,0,0,0,0
TXN-00004628,92.43,4,electronics,71,1025,2,117.86,9.48,91.89,2,0,0,0,1
TXN-00004629,19.43,21,pharmacy,52,336,4,19.97,39.38,66.41,1,0,0,0,0
TXN-00004630,13.67,6,restaurant,46,470,2,68.97,5.25,93.71,0,0,0,0,0
TXN-00004631,6.37,14,pharmacy,50,287,4,68.79,15.22,43.79,1,0,1,0,0
TXN-00004632,7.82,12,gaming,63,335,6,59.95,0.93,85.27,0,0,1,0,0
TXN-00004633,15.78,14,grocery,61,494,3,33.23,16.06,88.86,1,0,0,0,0
TXN-00004634,11.74,17,jewelry,49,876,1,16.51,98.63,80.27,0,0,0,0,0
TXN-00004635,56.2,22,restaurant,28,902,1,24.8,9.48,80.28,0,0,1,0,0
TXN-00004636,11.48,17,fuel,54,1154,6,14.47,4.04,95.01,0,0,0,0,0
TXN-00004637,5.0,21,grocery,42,658,0,11.24,6.03,23.46,0,0,1,1,0
TXN-00004638,13.52,20,restaurant,72,1704,3,48.89,17.05,60.12,2,0,1,0,0
TXN-00004639,24.64,8,grocery,70,1512,3,17.37,8.34,56.64,0,0,1,0,0
TXN-00004640,21.42,13,online_shopping,18,1130,2,10.0,2.52,71.29,0,0,0,1,0
TXN-00004641,199.44,4,online_shopping,75,2073,0,32.49,7.45,53.44,0,0,0,0,0
TXN-00004642,21.24,22,grocery,70,1078,2,50.83,56.61,81.66,1,0,1,0,0
TXN-00004643,102.0,23,online_shopping,70,403,2,45.2,38.82,90.59,1,0,1,0,0
TXN-00004644,39.65,21,grocery,46,1294,5,15.79,24.6,94.62,1,0,0,0,0
TXN-00004645,38.69,17,gaming,33,992,1,20.29,15.15,65.17,0,0,1,0,0
TXN-00004646,16.82,20,grocery,53,755,3,39.21,1.25,68.17,0,0,1,0,1
TXN-00004647,38.03,19,grocery,69,813,3,54.04,10.37,86.41,2,0,0,0,0
TXN-00004648,18.11,5,restaurant,44,1197,1,39.83,1.94,73.09,0,0,1,0,0
TXN-00004649,48.35,6,gaming,75,1107,0,52.91,15.34,90.08,0,0,1,1,0
TXN-00004650,31.56,12,grocery,33,2291,1,26.91,29.81,88.11,1,0,1,0,0
TXN-00004651,15.0,10,gaming,67,1036,2,38.87,9.04,56.43,0,0,1,0,0
TXN-00004652,114.6,17,grocery,21,1078,2,34.54,1.57,70.95,1,0,1,0,0
TXN-00004653,63.32,17,online_shopping,66,986,3,14.67,39.54,79.14,0,0,1,0,0
TXN-00004654,25.27,23,cash_withdrawal,72,2908,4,10.0,3.35,94.9,1,0,0,0,1
TXN-00004655,47.12,18,travel,58,979,0,17.16,6.19,84.8,1,0,1,0,0
TXN-00004656,37.04,0,grocery,54,513,3,18.57,3.37,92.89,0,0,0,0,1
TXN-00004657,16.27,8,electronics,41,702,2,71.22,4.25,75.82,0,1,1,0,0
TXN-00004658,43.55,7,online_shopping,68,1180,1,27.76,9.18,59.39,0,0,0,0,0
TXN-00004659,21.07,15,cash_withdrawal,25,403,3,17.35,15.14,70.52,0,0,0,0,0
TXN-00004660,15.0,8,electronics,34,833,7,26.41,7.48,85.45,1,0,1,0,0
TXN-00004661,7.36,23,electronics,25,1765,2,34.2,33.68,95.95,0,0,0,0,0
TXN-00004662,27.76,6,travel,34,807,8,22.5,1.67,39.27,1,0,0,0,0
TXN-00004663,73.36,10,online_shopping,48,2012,1,20.51,13.42,82.18,1,0,1,1,1
TXN-00004664,19.5,19,grocery,37,817,0,23.07,18.93,44.62,0,0,1,0,0
TXN-00004665,570.63,8,grocery,42,1563,1,34.31,2.06,63.32,1,0,1,0,0
TXN-00004666,102.51,1,grocery,31,1004,3,26.68,3.67,82.34,1,0,1,0,1
TXN-00004667,159.1,7,restaurant,38,518,5,22.03,21.23,83.98,1,1,1,0,0
TXN-00004668,93.22,8,pharmacy,46,2256,2,18.17,14.66,73.86,2,0,1,0,0
TXN-00004669,283.02,14,online_shopping,30,489,3,37.08,7.47,98.96,0,0,0,0,1
TXN-00004670,17.7,17,restaurant,72,734,4,23.21,33.69,65.06,1,0,1,0,1
TXN-00004671,5.0,13,restaurant,70,2398,1,43.24,25.7,86.74,1,0,0,0,0
TXN-00004672,25.32,9,cash_withdrawal,68,1075,4,83.05,17.75,90.82,0,0,0,0,0
TXN-00004673,72.68,12,online_shopping,18,626,5,14.46,18.02,79.88,0,0,0,0,0
TXN-00004674,47.42,3,fuel,46,983,1,25.51,0.52,66.93,2,1,0,0,0
TXN-00004675,54.01,4,grocery,64,1279,3,10.58,18.92,69.74,1,0,1,0,1
TXN-00004676,161.9,14,restaurant,38,806,3,25.58,9.57,65.93,2,0,1,0,0
TXN-00004677,60.41,20,cash_withdrawal,31,1857,3,102.16,1.44,99.04,0,0,0,0,0
TXN-00004678,93.58,12,online_shopping,53,652,6,44.04,38.88,62.89,0,0,0,0,0
TXN-00004679,15.08,1,grocery,18,288,3,19.39,10.67,63.94,0,0,1,0,0
TXN-00004680,12.81,23,gaming,53,1481,1,40.39,25.93,91.34,1,0,1,0,1
TXN-00004681,220.26,7,fuel,44,894,0,14.37,3.32,55.91,0,0,1,0,0
TXN-00004682,44.97,17,restaurant,57,1561,2,14.37,37.52,78.44,3,0,1,0,0
TXN-00004683,21.02,21,restaurant,57,785,4,45.86,30.92,70.13,1,0,0,0,0
TXN-00004684,21.06,23,gaming,49,1181,2,24.46,11.31,89.91,0,0,1,0,0
TXN-00004685,20.46,2,cash_withdrawal,51,764,4,25.92,11.68,52.04,1,0,1,0,1
TXN-00004686,19.21,4,pharmacy,19,849,0,29.02,0.67,83.52,0,0,0,0,1
TXN-00004687,10.51,15,online_shopping,74,419,2,25.37,3.57,63.77,0,0,1,0,0
TXN-00004688,8.37,18,online_shopping,22,508,2,69.97,9.52,68.88,0,0,0,0,0
TXN-00004689,32.96,20,travel,74,1119,1,11.61,2.26,92.78,0,0,0,0,0
TXN-00004690,21.7,13,online_shopping,74,1481,3,17.79,15.96,85.26,1,0,1,0,1
TXN-00004691,129.35,3,electronics,59,1174,5,34.71,51.43,77.39,0,0,1,0,1
TXN-00004692,55.02,17,fuel,61,566,2,14.03,33.12,70.77,0,0,1,0,0
TXN-00004693,53.44,16,restaurant,19,1233,4,18.26,19.96,77.78,0,0,1,0,0
TXN-00004694,18.54,11,fuel,72,574,2,52.4,15.53,79.22,0,0,0,0,0
TXN-00004695,35.62,15,grocery,48,1109,4,17.33,18.95,77.18,0,0,0,0,0
TXN-00004696,59.09,5,grocery,37,655,1,51.0,11.07,95.62,1,0,0,0,0
TXN-00004697,85.8,19,grocery,56,877,0,12.5,2.51,76.65,0,0,1,0,0
TXN-00004698,36.65,1,restaurant,49,691,3,113.94,34.06,93.62,1,1,1,0,0
TXN-00004699,125.6,20,cash_withdrawal,38,1258,3,46.61,17.31,75.68,0,0,0,0,0
TXN-00004700,40.79,20,travel,36,750,4,47.33,11.95,92.35,0,1,1,0,0
TXN-00004701,92.99,16,fuel,24,1279,2,23.29,0.7,61.04,0,0,1,0,0
TXN-00004702,24.18,19,electronics,70,228,4,30.17,0.22,86.56,0,0,0,0,0
TXN-00004703,6.03,21,fuel,56,1520,2,173.03,3.39,88.18,1,0,1,0,0
TXN-00004704,53.61,3,fuel,34,563,0,14.73,13.33,88.32,0,0,1,0,0
TXN-00004705,86.63,13,fuel,59,1939,7,20.76,9.33,46.5,1,0,1,0,0
TXN-00004706,74.0,15,jewelry,58,779,3,24.16,2.52,73.05,0,0,1,0,0
TXN-00004707,63.01,22,fuel,26,1754,1,33.5,8.58,84.02,0,0,0,0,0
TXN-00004708,28.05,17,grocery,28,329,2,46.86,16.09,83.66,2,0,0,0,0
TXN-00004709,17.34,14,online_shopping,31,1627,3,41.38,16.37,89.85,0,0,0,0,1
TXN-00004710,72.19,13,gaming,24,616,6,14.88,15.27,87.58,0,0,1,0,0
TXN-00004711,63.29,3,restaurant,65,1620,2,49.43,13.31,89.28,0,0,1,0,0
TXN-00004712,22.44,7,grocery,27,950,4,49.23,37.68,80.27,0,0,0,0,0
TXN-00004713,129.66,10,electronics,65,822,2,31.41,3.65,81.4,0,0,0,0,1
TXN-00004714,16.01,21,pharmacy,48,1775,2,19.94,2.76,93.2,1,0,1,0,0
TXN-00004715,21.92,20,grocery,24,713,3,36.1,1.37,79.99,0,0,1,0,0
TXN-00004716,225.48,15,cash_withdrawal,66,2011,4,24.98,4.97,99.43,0,0,1,0,0
TXN-00004717,100.69,2,gaming,28,842,5,29.07,29.0,79.02,0,0,1,0,0
TXN-00004718,27.77,17,online_shopping,75,990,0,30.37,2.83,94.44,2,1,0,0,0
TXN-00004719,54.69,11,electronics,18,1048,3,16.99,8.25,69.55,3,0,0,0,1
TXN-00004720,47.59,15,fuel,54,495,4,30.72,31.97,75.52,0,0,1,0,0
TXN-00004721,5.0,10,grocery,36,1148,1,60.1,17.61,76.3,0,0,1,0,0
TXN-00004722,15.61,17,fuel,48,615,4,46.6,35.59,69.51,0,0,0,0,0
TXN-00004723,38.34,5,restaurant,66,547,3,26.46,6.65,96.01,0,0,0,0,0
TXN-00004724,27.81,3,jewelry,63,542,2,25.59,26.65,74.04,0,0,0,0,0
TXN-00004725,52.43,5,restaurant,34,778,2,93.99,9.28,74.52,0,0,0,0,0
TXN-00004726,132.42,22,grocery,21,1812,2,17.04,7.67,91.72,1,0,1,0,0
TXN-00004727,28.86,1,electronics,34,657,2,45.64,32.74,96.94,0,0,0,0,0
TXN-00004728,13.32,6,online_shopping,64,1132,6,66.25,14.12,90.84,1,0,1,0,0
TXN-00004729,56.89,8,cash_withdrawal,47,1736,1,14.68,24.52,92.49,0,0,1,0,0
TXN-00004730,28.7,20,fuel,61,844,2,26.91,18.37,90.13,0,0,0,0,0
TXN-00004731,34.33,8,electronics,46,1038,1,61.72,6.93,87.44,0,0,0,0,0
TXN-00004732,29.77,21,pharmacy,48,1882,2,18.7,19.79,87.83,0,0,0,0,0
TXN-00004733,425.78,23,pharmacy,21,1245,5,33.06,76.66,85.73,0,0,0,0,0
TXN-00004734,5.0,15,travel,19,1168,1,12.1,36.39,88.69,0,0,0,1,0
TXN-00004735,26.9,8,travel,58,950,1,23.1,3.07,72.57,1,0,0,0,0
TXN-00004736,40.29,14,online_shopping,29,1981,1,74.36,28.42,86.77,0,0,1,0,0
TXN-00004737,17.81,16,grocery,38,782,2,13.38,15.35,71.12,0,0,0,0,0
TXN-00004738,104.04,2,online_shopping,39,726,0,10.38,2.56,80.96,0,1,1,0,0
TXN-00004739,95.0,19,grocery,54,803,3,29.28,19.29,76.44,0,1,1,0,0
TXN-00004740,38.47,10,grocery,72,1298,2,42.4,23.63,60.63,0,0,0,0,0
TXN-00004741,30.44,20,travel,61,1095,3,21.84,3.7,77.36,0,0,0,0,0
TXN-00004742,35.96,14,fuel,55,578,3,24.57,16.02,95.41,0,0,1,0,0
TXN-00004743,36.23,20,travel,66,1376,3,48.56,9.61,90.98,1,0,1,0,0
TXN-00004744,37.25,1,grocery,47,1234,0,66.51,5.96,73.9,0,0,1,0,0
TXN-00004745,33.2,1,restaurant,26,659,2,42.02,3.47,80.23,0,0,0,0,0
TXN-00004746,52.72,2,grocery,46,1139,4,55.51,6.03,77.97,0,0,1,0,0
TXN-00004747,89.2,20,online_shopping,74,1533,3,29.41,14.98,70.69,3,0,1,0,0
TXN-00004748,11.11,23,grocery,63,826,5,19.97,5.65,83.54,1,0,0,0,0
TXN-00004749,13.42,23,restaurant,38,335,5,11.39,7.28,86.05,0,0,0,0,0
TXN-00004750,6.45,7,jewelry,36,905,5,12.24,18.74,43.77,0,0,0,0,1
TXN-00004751,100.46,6,travel,71,800,6,27.63,12.63,89.97,1,0,1,0,0
TXN-00004752,52.61,8,grocery,23,280,0,69.74,8.15,69.51,0,0,1,1,0
TXN-00004753,68.75,19,jewelry,72,734,2,16.26,3.61,85.61,2,0,1,1,1
TXN-00004754,9.02,6,online_shopping,57,511,2,221.11,19.03,83.39,0,1,1,0,0
TXN-00004755,263.54,13,gaming,64,1759,5,26.75,10.47,57.07,0,0,1,0,1
TXN-00004756,21.34,15,grocery,37,1769,2,15.62,31.47,90.41,1,0,0,0,0
TXN-00004757,48.26,8,pharmacy,55,1191,8,20.96,9.89,63.55,0,0,1,0,0
TXN-00004758,99.2,11,pharmacy,36,876,1,28.6,12.49,95.74,0,1,0,0,1
TXN-00004759,14.35,15,cash_withdrawal,18,778,3,72.85,26.81,92.58,0,0,0,0,0
TXN-00004760,22.79,18,online_shopping,44,1476,5,32.31,14.32,68.15,0,0,0,0,0
TXN-00004761,48.82,4,electronics,74,843,3,13.36,24.91,78.55,0,0,1,0,1
TXN-00004762,812.69,12,online_shopping,32,929,2,94.04,25.74,93.01,1,0,1,0,1
TXN-00004763,55.49,3,grocery,27,1075,1,20.1,31.68,89.04,0,0,1,0,0
TXN-00004764,218.48,0,grocery,71,1970,4,17.68,24.81,97.33,0,0,1,0,0
TXN-00004765,143.45,15,electronics,70,364,3,40.64,15.1,87.66,0,0,1,0,0
TXN-00004766,59.53,11,restaurant,67,671,1,57.24,8.67,94.65,0,1,0,0,0
TXN-00004767,14.32,6,restaurant,74,442,1,56.14,9.56,80.0,1,0,1,0,0
TXN-00004768,123.07,1,online_shopping,75,1174,2,10.0,27.79,77.84,0,0,1,0,0
TXN-00004769,8.39,22,online_shopping,71,371,3,86.29,73.47,97.62,0,0,1,0,0
TXN-00004770,217.22,19,fuel,73,612,3,15.16,42.52,87.57,0,0,1,1,1
TXN-00004771,49.9,22,grocery,61,1026,5,45.25,12.73,82.97,0,0,1,0,0
TXN-00004772,5.0,2,pharmacy,36,1370,4,40.42,9.76,76.13,0,0,1,1,0
TXN-00004773,28.29,0,restaurant,44,900,1,44.31,61.31,90.39,0,1,0,0,1
TXN-00004774,80.37,5,fuel,40,618,2,26.03,27.32,71.8,0,0,0,0,0
TXN-00004775,31.54,2,cash_withdrawal,47,795,2,63.51,1.17,79.38,0,0,0,0,0
TXN-00004776,85.69,11,travel,58,775,2,30.61,21.09,52.97,2,0,1,0,0
TXN-00004777,16.57,15,fuel,32,1464,1,74.53,4.88,91.31,1,0,1,0,0
TXN-00004778,10.26,4,grocery,18,654,4,14.44,10.14,91.97,0,0,1,0,0
TXN-00004779,37.52,9,online_shopping,52,1419,0,95.74,14.76,85.62,0,0,0,0,0
TXN-00004780,41.81,12,online_shopping,75,890,2,10.0,8.5,68.7,0,0,0,0,0
TXN-00004781,28.06,7,restaurant,67,1594,4,91.73,11.67,67.09,0,1,1,0,0
TXN-00004782,146.74,11,grocery,18,988,4,21.67,25.33,81.54,1,0,1,1,0
TXN-00004783,16.56,14,pharmacy,52,696,7,39.69,18.83,89.42,0,0,1,1,0
TXN-00004784,56.19,22,cash_withdrawal,48,1580,2,22.54,22.07,56.82,0,0,1,0,0
TXN-00004785,43.44,7,grocery,42,2433,2,16.65,5.2,83.3,0,0,1,0,0
TXN-00004786,7.89,2,online_shopping,56,1023,1,22.84,21.69,64.88,1,0,0,0,1
TXN-00004787,10.13,20,online_shopping,42,1472,2,51.14,15.07,81.01,0,0,1,0,0
TXN-00004788,40.96,13,fuel,71,1000,1,39.22,2.37,80.36,1,1,0,0,0
TXN-00004789,323.84,11,grocery,70,641,2,68.65,6.61,97.29,0,0,1,0,0
TXN-00004790,74.31,17,restaurant,55,1628,2,43.47,2.39,70.58,1,0,1,1,0
TXN-00004791,6.61,23,jewelry,44,481,3,38.76,1.7,72.3,4,0,1,0,0
TXN-00004792,5.0,3,travel,52,443,1,90.92,19.2,50.9,1,1,1,0,1
TXN-00004793,87.33,20,online_shopping,70,1638,4,41.64,23.02,84.33,0,0,0,0,0
TXN-00004794,36.56,15,fuel,35,812,2,16.13,8.18,65.79,0,0,1,0,0
TXN-00004795,134.07,14,restaurant,68,516,2,13.71,1.5,86.98,0,0,1,0,0
TXN-00004796,16.04,20,travel,52,2016,5,101.88,1.33,97.9,2,0,1,0,0
TXN-00004797,58.42,7,fuel,21,1333,2,28.79,3.71,75.81,0,0,0,0,0
TXN-00004798,98.35,18,online_shopping,61,901,4,31.7,14.67,54.25,0,0,1,0,0
TXN-00004799,25.28,13,online_shopping,29,1120,2,20.82,1.62,62.93,0,0,0,0,0
TXN-00004800,25.86,22,travel,47,1054,3,11.02,4.09,83.19,1,0,0,0,0
TXN-00004801,41.53,11,online_shopping,73,1322,0,109.68,4.88,84.22,0,0,1,0,0
TXN-00004802,71.51,17,grocery,63,883,1,13.61,11.82,87.63,1,0,1,0,0
TXN-00004803,39.84,11,pharmacy,58,1379,4,16.05,6.71,55.75,0,0,0,0,0
TXN-00004804,112.47,9,grocery,22,1018,0,24.78,0.8,56.36,1,0,1,0,0
TXN-00004805,24.9,9,restaurant,67,293,2,22.46,31.59,38.73,1,0,0,0,0
TXN-00004806,10.03,22,fuel,37,717,3,20.87,19.12,79.26,1,0,1,1,0
TXN-00004807,322.41,20,pharmacy,20,1255,0,47.73,14.38,69.7,0,0,1,0,0
TXN-00004808,21.44,5,grocery,73,437,4,63.08,3.03,74.21,1,0,1,0,0
TXN-00004809,22.27,20,fuel,29,1018,4,29.58,0.43,88.1,0,0,1,0,0
TXN-00004810,37.75,14,fuel,36,813,3,37.01,22.6,57.59,0,0,1,0,0
TXN-00004811,43.4,2,restaurant,26,2035,1,16.76,22.83,79.33,0,0,1,0,0
TXN-00004812,26.95,18,cash_withdrawal,54,1403,3,44.76,10.89,50.34,1,0,1,0,0
TXN-00004813,39.71,3,fuel,68,450,2,25.72,0.34,91.42,1,0,0,0,0
TXN-00004814,38.79,20,grocery,48,1287,2,24.02,2.07,84.03,0,0,1,0,0
TXN-00004815,48.6,10,jewelry,68,805,2,57.46,4.93,64.34,0,0,1,0,0
TXN-00004816,5.0,21,fuel,72,973,4,12.07,6.75,69.49,0,0,1,0,0
TXN-00004817,291.47,11,travel,68,810,1,60.18,12.18,59.4,0,1,0,0,0
TXN-00004818,34.65,2,online_shopping,27,2067,5,29.61,1.29,75.72,1,0,0,0,0
TXN-00004819,74.41,18,travel,29,1984,3,22.52,0.27,82.54,0,1,0,0,0
TXN-00004820,9.52,17,grocery,35,652,1,96.42,3.66,89.28,3,0,1,0,0
TXN-00004821,24.67,7,travel,55,1594,2,51.85,33.55,67.89,0,0,1,0,0
TXN-00004822,19.97,4,restaurant,68,707,3,10.19,27.88,53.13,0,0,0,0,0
TXN-00004823,189.28,20,restaurant,36,631,1,57.72,37.72,78.96,1,0,1,0,0
TXN-00004824,21.87,18,electronics,56,1019,3,45.25,40.4,75.47,0,1,0,0,0
TXN-00004825,89.66,7,travel,28,946,6,13.42,7.15,68.03,3,0,1,0,1
TXN-00004826,20.43,16,grocery,49,574,4,29.32,15.01,59.83,0,1,1,0,0
TXN-00004827,25.15,5,pharmacy,63,380,3,51.98,58.6,88.31,2,0,1,0,0
TXN-00004828,31.25,4,cash_withdrawal,40,972,5,10.0,17.05,93.47,1,0,1,0,1
TXN-00004829,155.72,15,grocery,27,574,2,51.22,25.98,61.74,0,1,1,0,0
TXN-00004830,5.56,19,gaming,41,839,8,23.94,13.92,66.58,1,0,0,0,1
TXN-00004831,10.16,22,grocery,62,1672,4,27.43,10.5,96.01,0,1,1,0,0
TXN-00004832,5.23,11,travel,72,870,1,64.5,6.96,87.82,2,0,0,0,0
TXN-00004833,12.91,3,restaurant,53,368,5,18.72,1.83,90.12,0,0,0,0,0
TXN-00004834,17.25,13,pharmacy,56,1577,2,15.02,5.67,82.76,1,0,1,0,0
TXN-00004835,7.42,16,online_shopping,42,1202,2,48.77,16.21,70.29,2,0,1,0,0
TXN-00004836,18.71,23,electronics,71,1450,2,32.86,8.33,86.78,1,0,1,0,0
TXN-00004837,5.0,2,online_shopping,68,937,3,23.01,19.68,79.24,0,1,1,0,0
TXN-00004838,13.89,15,grocery,74,934,1,12.71,10.49,76.73,0,0,0,0,0
TXN-00004839,142.66,12,online_shopping,68,2510,4,23.57,3.89,64.32,0,0,1,0,0
TXN-00004840,61.79,14,restaurant,49,1207,2,20.76,14.47,79.11,0,0,0,0,0
TXN-00004841,49.25,2,electronics,73,1564,2,25.95,10.46,79.61,1,0,1,1,0
TXN-00004842,14.11,0,grocery,53,3532,0,10.79,20.82,76.48,0,0,1,0,0
TXN-00004843,8.06,14,restaurant,52,2471,2,19.3,28.21,78.13,0,0,1,0,0
TXN-00004844,12.23,4,pharmacy,56,496,2,39.37,8.5,65.77,0,1,1,0,0
TXN-00004845,38.65,14,travel,28,561,4,28.6,7.0,81.67,1,0,1,0,0
TXN-00004846,100.64,0,restaurant,66,442,4,26.55,17.2,88.32,0,1,1,0,1
TXN-00004847,104.32,19,restaurant,39,927,3,16.19,18.63,47.46,0,0,1,0,0
TXN-00004848,78.43,7,fuel,56,2755,3,16.54,36.85,75.82,1,0,0,0,0
TXN-00004849,18.64,10,online_shopping,66,134,3,25.04,6.55,81.13,0,0,1,0,0
TXN-00004850,41.5,8,electronics,24,704,2,29.46,4.24,41.74,0,0,0,0,1
TXN-00004851,28.86,10,travel,35,936,5,17.4,9.6,86.2,0,0,0,0,0
TXN-00004852,32.75,12,electronics,72,532,4,33.79,5.15,61.39,2,0,1,0,0
TXN-00004853,343.43,15,online_shopping,38,822,4,33.73,14.93,56.14,3,0,0,0,1
TXN-00004854,6.36,16,fuel,56,852,0,15.35,16.5,94.94,1,0,1,0,0
TXN-00004855,31.61,23,pharmacy,50,418,3,66.41,23.26,49.11,0,0,0,0,0
TXN-00004856,144.36,4,restaurant,68,1428,5,17.55,15.0,98.84,0,0,1,0,0
TXN-00004857,8.68,20,grocery,47,828,2,16.74,28.23,83.26,0,0,0,0,0
TXN-00004858,20.57,14,restaurant,42,508,3,19.9,2.55,88.61,0,0,1,0,0
TXN-00004859,23.21,7,online_shopping,18,943,1,12.47,28.45,87.82,1,0,1,0,0
TXN-00004860,31.99,22,online_shopping,45,1403,1,10.0,38.02,85.62,2,0,1,0,0
TXN-00004861,7.57,16,grocery,51,900,4,59.94,11.18,57.4,2,0,1,0,0
TXN-00004862,75.57,4,cash_withdrawal,57,536,0,54.3,55.27,66.59,0,0,0,0,0
TXN-00004863,81.42,4,restaurant,63,1036,2,17.02,32.82,99.22,0,0,0,0,0
TXN-00004864,68.98,15,online_shopping,63,2384,5,45.6,7.87,88.47,0,0,1,0,0
TXN-00004865,16.22,17,travel,44,688,2,19.8,19.5,86.96,0,0,1,0,0
TXN-00004866,44.29,1,restaurant,22,582,5,15.51,0.85,85.11,0,1,1,0,0
TXN-00004867,15.73,15,gaming,32,746,4,25.52,26.05,60.53,0,1,1,0,0
TXN-00004868,28.52,12,electronics,41,606,1,25.36,0.81,87.4,0,0,1,0,0
TXN-00004869,388.05,23,cash_withdrawal,74,620,2,57.06,52.03,91.56,0,0,0,0,1
TXN-00004870,44.72,17,online_shopping,62,476,4,10.0,13.28,86.99,1,0,1,0,0
TXN-00004871,11.62,21,grocery,69,1561,3,24.91,40.49,78.84,0,0,0,0,0
TXN-00004872,48.88,0,travel,75,1339,2,130.17,16.62,66.34,0,0,1,0,0
TXN-00004873,9.78,18,online_shopping,25,796,2,10.0,26.18,92.06,0,0,1,0,0
TXN-00004874,11.48,8,gaming,18,674,5,20.75,5.71,82.37,0,0,0,0,0
TXN-00004875,13.56,13,restaurant,51,1151,1,24.45,1.71,93.46,0,0,0,0,1
TXN-00004876,25.37,21,restaurant,33,1026,5,33.02,9.2,43.52,0,0,1,0,0
TXN-00004877,108.18,20,cash_withdrawal,68,1007,1,48.34,42.89,88.19,0,0,1,1,0
TXN-00004878,74.24,5,fuel,44,1803,2,32.88,2.97,50.18,0,0,1,1,0
TXN-00004879,70.05,5,travel,18,1221,4,83.8,16.91,71.83,2,0,0,0,0
TXN-00004880,12.76,17,grocery,30,4262,3,23.49,12.18,83.91,0,1,1,0,0
TXN-00004881,22.91,21,online_shopping,37,709,2,59.47,8.25,81.05,0,0,0,0,0
TXN-00004882,53.82,14,gaming,19,2435,5,27.19,4.57,88.72,0,1,0,1,0
TXN-00004883,20.91,1,fuel,36,1190,2,49.79,89.96,81.67,0,1,1,1,1
TXN-00004884,30.2,3,grocery,49,523,1,19.76,9.63,87.02,0,1,1,1,0
TXN-00004885,64.29,17,restaurant,69,638,2,16.77,9.61,83.47,0,0,0,0,0
TXN-00004886,28.04,17,jewelry,55,1300,2,12.76,15.13,80.17,1,0,1,0,0
TXN-00004887,51.28,21,grocery,23,452,3,25.38,15.97,71.39,0,0,1,0,0
TXN-00004888,215.37,12,travel,42,898,4,18.92,21.03,46.9,0,0,1,0,0
TXN-00004889,33.77,10,electronics,62,2889,5,37.29,7.81,72.48,0,1,0,0,1
TXN-00004890,139.53,2,cash_withdrawal,39,168,0,46.56,0.21,71.16,1,0,0,0,1
TXN-00004891,72.77,18,restaurant,50,895,4,58.56,5.98,79.13,0,0,1,0,0
TXN-00004892,8.67,22,online_shopping,75,638,4,51.15,7.79,85.56,0,0,1,0,0
TXN-00004893,12.71,1,online_shopping,25,2483,5,61.02,8.58,98.82,2,0,1,0,0
TXN-00004894,16.86,11,electronics,45,860,2,46.74,3.86,73.52,0,1,1,0,0
TXN-00004895,16.48,8,online_shopping,53,582,3,14.4,47.71,93.29,1,0,1,0,0
TXN-00004896,36.79,17,restaurant,64,456,1,35.93,19.19,87.58,0,0,1,0,0
TXN-00004897,77.12,18,jewelry,66,492,5,18.71,4.57,16.71,0,0,1,0,1
TXN-00004898,151.1,5,online_shopping,34,2293,1,27.32,4.33,80.27,2,0,0,0,0
TXN-00004899,55.9,22,gaming,45,225,2,29.05,7.31,49.85,1,0,1,0,0
TXN-00004900,25.33,3,online_shopping,66,1213,1,10.0,5.48,91.58,1,0,0,0,1
TXN-00004901,5.0,18,pharmacy,66,1891,4,15.23,8.79,88.35,0,1,1,0,0
TXN-00004902,43.56,17,travel,65,889,2,21.64,0.3,62.93,0,0,1,0,0
TXN-00004903,41.56,3,gaming,56,497,3,10.0,8.71,96.49,0,0,1,0,0
TXN-00004904,49.01,16,gaming,33,1210,1,70.15,10.31,82.33,0,0,1,0,0
TXN-00004905,369.28,6,pharmacy,39,562,0,32.43,5.47,74.76,1,0,1,0,0
TXN-00004906,148.8,6,fuel,56,666,3,32.31,12.97,79.99,0,0,0,0,0
TXN-00004907,92.23,2,grocery,32,602,2,58.23,13.07,82.79,0,0,1,0,0
TXN-00004908,14.73,17,restaurant,57,618,2,47.64,7.26,93.37,0,0,0,0,0
TXN-00004909,23.6,19,restaurant,47,1512,1,47.72,20.82,94.96,1,0,0,1,0
TXN-00004910,36.61,12,grocery,43,834,1,58.36,1.7,63.68,3,0,1,0,0
TXN-00004911,17.92,18,gaming,38,1250,4,36.45,7.02,65.93,0,0,1,0,0
TXN-00004912,68.41,8,electronics,62,1249,5,37.01,7.67,84.66,0,0,0,0,0
TXN-00004913,58.84,13,grocery,44,928,1,40.1,17.49,87.97,0,0,1,0,0
TXN-00004914,12.9,18,grocery,35,1948,0,12.71,16.52,81.58,1,0,1,0,0
TXN-00004915,142.12,10,online_shopping,40,535,4,10.0,17.79,65.41,1,0,0,0,0
TXN-00004916,45.03,14,gaming,46,873,2,10.0,8.86,93.95,0,1,0,0,0
TXN-00004917,6.58,3,grocery,53,298,5,47.27,10.28,71.3,0,0,1,0,0
TXN-00004918,38.32,12,fuel,75,962,2,21.24,3.33,68.14,1,0,0,0,0
TXN-00004919,54.34,20,online_shopping,37,1464,4,25.09,29.96,90.63,0,0,1,0,0
TXN-00004920,112.33,18,electronics,28,416,2,33.23,20.03,89.93,0,0,1,1,0
TXN-00004921,28.38,7,restaurant,74,680,2,75.43,6.54,61.58,0,0,1,0,0
TXN-00004922,96.48,13,pharmacy,26,608,0,46.04,12.52,69.04,2,0,1,0,0
TXN-00004923,49.23,14,grocery,70,160,0,34.16,7.77,79.57,1,0,1,1,0
TXN-00004924,10.17,22,electronics,26,494,2,39.23,40.59,82.51,1,0,0,0,0
TXN-00004925,9.15,19,restaurant,39,1299,1,128.46,14.7,92.08,0,0,1,0,0
TXN-00004926,131.46,19,electronics,75,907,4,15.73,32.13,79.77,0,0,1,0,0
TXN-00004927,141.99,18,electronics,27,1097,4,74.01,24.24,51.27,0,0,1,0,0
TXN-00004928,56.77,8,cash_withdrawal,27,1467,6,30.41,11.35,90.1,0,0,0,0,0
TXN-00004929,194.51,9,grocery,53,2191,1,28.47,22.5,78.08,0,0,0,0,0
TXN-00004930,122.66,11,electronics,29,492,3,45.02,30.77,74.81,0,0,1,0,1
TXN-00004931,82.91,10,electronics,19,1223,2,10.0,10.13,50.02,0,0,1,0,0
TXN-00004932,15.54,22,restaurant,58,666,1,14.97,13.87,94.52,0,0,1,0,0
TXN-00004933,249.14,21,grocery,73,519,1,38.66,16.25,76.48,0,0,0,0,0
TXN-00004934,71.03,21,electronics,62,790,3,40.36,7.1,81.07,1,0,1,1,0
TXN-00004935,26.97,14,jewelry,73,1253,6,43.44,12.74,81.48,2,0,1,0,0
TXN-00004936,20.05,4,online_shopping,48,952,3,47.63,8.38,60.53,4,0,1,0,0
TXN-00004937,52.96,3,restaurant,53,736,4,110.52,7.99,78.55,0,0,1,1,0
TXN-00004938,7.0,6,online_shopping,74,1321,3,19.71,19.45,93.36,0,0,0,0,0
TXN-00004939,84.32,15,grocery,47,1269,2,38.61,3.36,69.77,0,0,0,0,0
TXN-00004940,14.86,8,online_shopping,20,711,2,48.73,2.43,80.44,1,0,1,0,0
TXN-00004941,59.69,15,fuel,31,1218,7,38.2,2.76,91.7,0,0,0,1,0
TXN-00004942,23.39,21,restaurant,54,938,3,27.92,2.28,91.49,1,0,1,0,0
TXN-00004943,30.64,8,restaurant,67,611,3,18.08,4.48,86.51,0,0,1,0,0
TXN-00004944,18.27,22,gaming,53,1265,1,26.18,15.51,69.01,0,0,1,0,0
TXN-00004945,34.15,12,electronics,41,1286,2,69.64,3.29,66.08,1,0,0,0,0
TXN-00004946,294.08,19,electronics,36,469,1,124.69,1.02,89.7,1,0,1,1,0
TXN-00004947,173.18,1,travel,57,1213,1,10.0,14.05,90.4,0,0,1,1,0
TXN-00004948,58.69,6,electronics,70,1566,4,30.33,33.34,95.67,2,0,1,0,0
TXN-00004949,39.39,22,pharmacy,34,499,1,10.0,12.34,79.33,0,0,0,0,0
TXN-00004950,98.14,21,online_shopping,50,1029,0,18.67,5.01,58.38,1,0,0,0,0
TXN-00004951,132.48,13,fuel,42,505,1,34.95,7.24,61.58,0,0,1,0,0
TXN-00004952,16.92,0,restaurant,32,534,2,13.85,15.4,58.48,2,0,0,0,0
TXN-00004953,37.29,1,jewelry,41,349,2,22.38,19.66,80.17,0,0,0,0,1
TXN-00004954,5.97,10,travel,23,1671,0,20.26,15.57,86.36,1,1,0,0,0
TXN-00004955,131.53,21,online_shopping,48,1573,0,33.98,38.8,87.78,1,0,1,0,0
TXN-00004956,353.64,9,electronics,24,1620,2,22.77,6.67,82.15,0,0,1,0,0
TXN-00004957,44.0,21,online_shopping,45,751,2,64.14,33.45,80.88,1,0,0,0,0
TXN-00004958,5.0,12,restaurant,70,1465,3,28.72,4.56,87.72,1,0,1,1,0
TXN-00004959,76.66,3,fuel,26,516,3,16.93,5.12,75.26,0,0,0,1,0
TXN-00004960,15.65,13,pharmacy,32,465,6,10.77,28.27,77.52,1,1,1,1,0
TXN-00004961,20.16,8,electronics,59,758,3,17.09,6.51,55.27,0,0,0,0,0
TXN-00004962,78.09,5,fuel,70,1524,5,26.15,26.16,67.23,0,1,1,0,1
TXN-00004963,52.84,16,restaurant,73,1045,4,41.3,18.1,61.1,0,0,1,0,0
TXN-00004964,24.23,4,fuel,24,709,1,47.39,0.56,70.77,0,0,0,0,0
TXN-00004965,20.45,21,grocery,31,689,1,53.93,2.5,58.32,0,0,0,0,0
TXN-00004966,46.16,19,gaming,75,1673,6,42.84,6.66,89.75,0,0,0,0,0
TXN-00004967,26.31,18,cash_withdrawal,47,1342,2,55.87,8.74,85.15,0,0,1,0,0
TXN-00004968,12.62,1,online_shopping,66,1718,3,23.84,17.42,68.51,1,0,1,0,0
TXN-00004969,28.53,23,electronics,18,1658,5,26.42,2.36,32.65,1,0,1,0,0
TXN-00004970,57.78,11,electronics,24,309,5,20.09,7.46,66.75,0,0,1,0,0
TXN-00004971,33.55,17,fuel,29,1557,4,17.7,5.38,71.93,0,0,0,0,0
TXN-00004972,9.17,4,online_shopping,22,1355,4,72.56,3.89,46.66,1,0,1,0,0
TXN-00004973,114.26,18,fuel,69,547,1,26.41,4.15,72.06,1,0,1,1,0
TXN-00004974,5.0,7,jewelry,64,756,2,14.23,9.67,73.22,2,0,1,0,0
TXN-00004975,25.31,16,grocery,40,846,2,17.05,35.35,79.7,1,1,1,0,0
TXN-00004976,21.09,6,electronics,22,2165,1,116.59,1.28,77.63,0,1,1,0,0
TXN-00004977,47.26,22,online_shopping,24,958,3,35.09,66.29,38.37,0,0,1,0,0
TXN-00004978,72.95,17,restaurant,33,1325,1,40.32,6.03,70.03,1,0,0,0,0
TXN-00004979,132.04,10,pharmacy,60,1545,3,21.06,0.75,80.72,2,0,0,0,0
TXN-00004980,19.14,10,restaurant,64,730,1,10.0,5.39,84.27,1,0,1,0,0
TXN-00004981,74.88,0,pharmacy,49,1651,4,13.07,2.59,65.63,0,0,1,0,0
TXN-00004982,49.68,7,electronics,70,902,3,19.48,26.91,88.4,0,0,0,0,0
TXN-00004983,6.71,18,gaming,71,2910,5,19.84,29.88,71.3,1,0,0,0,0
TXN-00004984,297.55,19,grocery,62,542,0,29.56,65.63,92.3,0,0,1,0,0
TXN-00004985,8.93,23,grocery,22,856,3,51.15,7.68,97.33,0,0,1,1,0
TXN-00004986,62.83,2,fuel,69,1582,4,30.17,20.56,76.45,0,0,0,1,0
TXN-00004987,60.91,6,gaming,70,624,4,39.08,1.84,95.35,2,0,1,0,0
TXN-00004988,54.02,18,grocery,50,1399,0,53.68,33.14,56.81,0,0,0,0,0
TXN-00004989,24.06,8,grocery,52,780,5,75.91,69.17,76.09,1,0,0,0,0
TXN-00004990,96.41,5,online_shopping,63,495,4,16.2,12.16,88.89,1,0,0,0,0
TXN-00004991,7.86,6,fuel,52,441,2,38.71,5.55,68.92,2,0,0,0,0
TXN-00004992,37.75,22,pharmacy,37,1025,6,39.88,0.56,78.51,0,0,0,0,0
TXN-00004993,22.37,20,cash_withdrawal,58,1178,3,35.03,3.04,90.61,2,0,0,0,0
TXN-00004994,19.86,0,electronics,63,526,4,22.71,3.45,78.91,0,0,0,0,0
TXN-00004995,63.45,20,travel,26,1232,2,15.63,0.65,54.76,0,0,1,0,0
TXN-00004996,125.38,13,electronics,57,420,1,26.46,0.29,68.8,0,0,0,0,0
TXN-00004997,28.21,20,electronics,28,736,4,34.48,15.12,73.3,1,1,0,0,0
TXN-00004998,91.81,14,restaurant,51,891,2,58.87,0.61,76.45,1,0,1,0,0
TXN-00004999,42.62,16,grocery,24,853,1,26.74,29.16,83.95,1,0,0,0,1
TXN-00005000,15.84,13,electronics,75,999,2,13.7,17.6,62.35,0,0,0,0,0
TXN-00005001,30.85,17,online_shopping,56,872,3,15.31,16.51,85.63,0,0,0,0,0
TXN-00005002,29.53,19,travel,45,809,3,13.52,36.9,74.76,0,0,0,0,0
TXN-00005003,19.46,12,online_shopping,47,807,4,27.65,33.02,74.02,0,0,1,0,0
TXN-00005004,63.43,2,grocery,53,656,2,11.99,7.57,60.57,0,0,1,1,0
TXN-00005005,51.75,2,fuel,25,1245,0,17.6,1.87,87.88,2,0,0,0,0
TXN-00005006,7.61,9,pharmacy,47,813,2,83.43,1.23,54.1,0,0,1,0,0
TXN-00005007,7.14,11,fuel,59,616,2,26.19,19.3,60.6,0,1,1,0,0
TXN-00005008,63.18,20,travel,33,1205,3,30.87,18.45,76.87,1,0,1,1,1
TXN-00005009,17.18,0,electronics,45,1114,3,12.56,13.4,90.7,0,1,1,0,1
TXN-00005010,55.54,21,electronics,37,513,3,28.4,13.01,45.92,1,0,1,0,0
TXN-00005011,91.83,1,cash_withdrawal,27,1807,1,10.0,21.22,91.1,1,1,0,1,1
TXN-00005012,10.65,11,restaurant,74,740,0,32.07,14.54,78.49,0,1,1,1,1
TXN-00005013,9.19,10,grocery,52,758,4,13.01,8.57,74.24,1,1,0,0,0
TXN-00005014,234.66,13,gaming,40,907,0,69.22,7.74,69.19,0,0,1,0,0
TXN-00005015,58.51,1,grocery,37,1095,2,102.96,1.27,90.83,1,0,0,0,1
TXN-00005016,26.04,18,restaurant,57,929,2,19.24,13.15,94.33,0,0,1,0,0
TXN-00005017,15.17,3,grocery,24,586,1,10.6,2.84,78.32,1,0,1,0,0
TXN-00005018,23.67,18,grocery,50,325,4,21.87,19.07,79.3,0,0,1,0,0
TXN-00005019,11.59,13,fuel,31,1789,3,10.02,6.86,92.56,1,0,0,0,0
TXN-00005020,102.27,21,grocery,69,544,3,23.38,22.97,74.56,0,0,1,0,0
TXN-00005021,17.89,23,fuel,63,1161,0,16.48,38.21,99.56,0,0,1,0,0
TXN-00005022,127.51,20,fuel,61,925,4,61.68,38.98,87.97,0,1,1,0,0
TXN-00005023,26.56,10,fuel,26,278,5,10.0,23.54,95.9,1,0,1,1,0
TXN-00005024,13.52,9,online_shopping,22,649,4,12.52,70.19,75.1,0,0,1,0,0
TXN-00005025,25.85,15,grocery,44,2005,4,51.83,2.6,85.31,1,0,1,0,0
TXN-00005026,5.0,15,restaurant,38,340,3,19.87,1.81,83.91,0,0,0,0,0
TXN-00005027,35.63,18,restaurant,60,774,2,79.18,4.03,59.65,3,0,0,0,0
TXN-00005028,33.83,11,travel,59,1095,3,30.24,4.7,70.92,0,0,1,0,0
TXN-00005029,96.16,11,restaurant,41,546,5,34.24,50.03,96.71,0,0,0,0,0
TXN-00005030,5.58,2,electronics,27,978,0,36.35,20.36,71.56,1,1,0,0,0
TXN-00005031,137.0,4,online_shopping,36,1214,1,38.43,4.27,69.4,1,0,0,0,0
TXN-00005032,95.74,19,electronics,47,1136,4,25.94,17.36,88.89,1,0,0,0,0
TXN-00005033,150.6,23,pharmacy,32,976,3,26.73,21.1,91.21,2,1,0,0,1
TXN-00005034,38.27,14,fuel,36,840,1,65.62,0.94,83.67,0,0,0,0,0
TXN-00005035,117.28,8,gaming,31,558,2,18.37,22.85,69.01,2,1,0,0,1
TXN-00005036,8.63,1,online_shopping,21,1195,1,33.25,41.34,83.29,1,0,1,0,0
TXN-00005037,85.52,1,online_shopping,52,916,1,22.87,7.55,71.25,0,0,1,0,0
TXN-00005038,18.0,16,jewelry,75,2140,3,45.25,15.21,74.94,0,0,0,0,0
TXN-00005039,7.14,15,online_shopping,73,1350,3,68.51,9.87,89.51,0,1,1,0,0
TXN-00005040,12.42,6,grocery,71,706,2,21.19,34.09,90.43,0,0,1,0,0
TXN-00005041,40.68,4,pharmacy,56,1034,4,15.73,25.54,77.23,0,0,0,0,0
TXN-00005042,17.02,1,grocery,61,467,2,18.31,1.67,93.56,1,0,1,0,0
TXN-00005043,60.03,16,grocery,21,316,2,54.3,14.57,78.35,2,0,1,1,0
TXN-00005044,6.06,14,fuel,29,694,2,35.14,40.37,98.17,1,0,1,1,0
TXN-00005045,5.0,7,online_shopping,58,416,5,28.44,2.95,76.8,1,0,0,0,0
TXN-00005046,170.89,17,restaurant,75,1279,5,26.38,11.87,95.17,1,0,0,1,1
TXN-00005047,104.48,20,online_shopping,70,2042,2,18.87,36.56,67.44,0,1,1,0,0
TXN-00005048,13.44,12,grocery,54,1559,2,52.25,48.64,86.74,1,0,1,0,0
TXN-00005049,40.32,6,cash_withdrawal,24,756,4,33.51,7.43,75.27,0,0,0,0,0
TXN-00005050,117.98,0,fuel,74,1308,4,95.21,27.21,84.02,0,0,1,0,0
TXN-00005051,62.81,19,online_shopping,36,675,0,29.33,0.68,93.61,0,0,0,0,0
TXN-00005052,47.26,13,gaming,20,1660,3,35.41,6.39,70.19,1,0,1,0,0
TXN-00005053,127.73,8,gaming,62,1215,3,22.13,24.79,80.27,0,0,1,0,0
TXN-00005054,18.78,0,restaurant,28,909,0,19.66,12.62,96.78,1,0,1,0,1
TXN-00005055,41.79,19,restaurant,35,878,2,28.61,5.93,85.4,1,0,0,0,0
TXN-00005056,39.7,22,online_shopping,57,1213,2,64.99,6.63,56.34,1,0,0,1,0
TXN-00005057,30.37,11,restaurant,73,882,2,22.06,2.2,98.39,1,0,0,0,0
TXN-00005058,26.86,6,gaming,70,1516,0,21.82,33.89,72.96,0,0,0,0,0
TXN-00005059,43.66,14,online_shopping,27,747,0,11.83,5.03,56.43,0,0,1,1,0
TXN-00005060,41.94,20,electronics,28,832,1,149.79,20.03,85.61,0,0,0,0,0
TXN-00005061,13.45,14,cash_withdrawal,64,857,2,20.32,1.75,87.61,0,0,1,0,0
TXN-00005062,93.87,0,fuel,36,800,1,11.81,10.85,78.86,0,0,0,0,0
TXN-00005063,14.51,4,online_shopping,22,579,3,33.57,3.91,92.26,3,0,0,0,1
TXN-00005064,32.16,2,online_shopping,52,718,1,35.13,17.48,70.06,0,0,1,1,0
TXN-00005065,29.66,9,grocery,56,900,3,49.99,15.07,92.22,0,1,0,0,1
TXN-00005066,58.91,10,electronics,75,866,2,33.87,44.32,65.67,0,0,1,1,0
TXN-00005067,5.0,12,electronics,46,1904,1,10.0,15.86,90.95,0,0,1,0,0
TXN-00005068,103.07,18,gaming,64,1098,0,18.26,28.55,58.33,2,0,1,0,0
TXN-00005069,19.87,2,grocery,48,1701,0,59.81,0.03,84.2,3,0,1,1,1
TXN-00005070,145.61,22,grocery,71,385,2,54.72,7.6,79.19,2,1,0,0,1
TXN-00005071,24.48,6,pharmacy,46,1418,2,39.51,2.14,83.63,0,0,1,0,0
TXN-00005072,38.43,12,grocery,57,1098,3,77.97,19.62,63.1,0,0,1,0,0
TXN-00005073,301.71,5,electronics,73,859,2,25.69,3.48,91.79,0,1,1,0,0
TXN-00005074,30.23,8,pharmacy,68,553,1,63.54,28.86,86.69,1,1,0,0,0
TXN-00005075,148.53,19,cash_withdrawal,41,1267,2,22.53,12.74,55.79,1,0,1,0,0
TXN-00005076,42.14,1,online_shopping,47,1178,1,92.39,67.83,74.77,0,0,0,0,1
TXN-00005077,62.56,11,grocery,52,1291,8,21.47,35.55,94.49,0,1,1,1,1
TXN-00005078,43.53,14,grocery,25,708,2,14.03,3.43,84.19,1,1,1,0,0
TXN-00005079,98.52,13,restaurant,31,1512,3,13.66,16.42,86.48,0,1,0,0,0
TXN-00005080,19.69,9,pharmacy,59,1225,4,73.82,3.53,87.43,0,0,0,0,0
TXN-00005081,14.39,9,fuel,22,740,3,79.39,1.19,67.81,1,0,1,0,0
TXN-00005082,20.69,21,fuel,52,1809,1,16.26,33.38,69.41,1,0,0,0,1
TXN-00005083,44.91,5,online_shopping,46,1019,3,19.24,17.42,78.7,2,0,1,0,0
TXN-00005084,32.08,11,fuel,46,339,3,10.0,18.88,78.71,0,0,0,1,0
TXN-00005085,85.27,8,online_shopping,67,740,1,13.37,0.38,78.9,1,0,1,1,0
TXN-00005086,159.17,18,restaurant,33,1503,1,24.99,5.87,75.44,2,0,0,0,0
TXN-00005087,14.52,19,fuel,63,752,5,24.86,22.5,87.51,0,1,1,0,0
TXN-00005088,18.72,20,grocery,63,933,3,10.0,6.68,78.07,0,0,0,0,0
TXN-00005089,8.95,2,electronics,75,1526,2,11.49,19.02,79.67,0,0,1,0,0
TXN-00005090,341.0,2,pharmacy,65,757,1,99.74,2.18,83.84,1,0,1,0,0
TXN-00005091,55.7,9,online_shopping,47,1335,1,63.03,96.22,92.57,0,0,0,0,0
TXN-00005092,66.94,10,cash_withdrawal,39,476,5,32.67,17.98,90.72,1,0,0,0,0
TXN-00005093,9.9,1,electronics,63,1080,4,33.31,3.53,80.52,1,0,0,0,1
TXN-00005094,40.4,21,electronics,71,1048,0,30.03,33.56,71.79,1,0,1,0,0
TXN-00005095,69.04,21,grocery,34,1127,2,27.62,7.14,94.47,1,0,1,0,0
TXN-00005096,31.02,10,online_shopping,39,1195,4,30.21,20.32,78.0,0,0,1,0,0
TXN-00005097,125.15,18,electronics,46,953,1,10.79,20.19,62.09,0,0,0,0,0
TXN-00005098,458.25,13,electronics,24,897,2,25.34,15.72,74.89,1,0,0,0,0
TXN-00005099,14.96,15,fuel,36,931,2,10.0,1.61,75.67,1,0,0,0,0
TXN-00005100,13.83,20,cash_withdrawal,27,1775,1,26.18,3.64,83.55,0,0,1,0,0
TXN-00005101,16.09,2,grocery,62,1000,1,39.31,83.61,73.99,0,0,0,0,0
TXN-00005102,218.44,5,gaming,46,2422,1,20.74,42.19,82.39,0,0,0,0,0
TXN-00005103,120.84,10,grocery,53,1192,0,35.28,2.68,52.27,0,0,1,0,0
TXN-00005104,35.08,21,restaurant,22,1001,0,27.95,2.0,76.1,1,0,1,0,0
TXN-00005105,42.03,14,electronics,51,500,4,39.97,21.22,77.33,0,0,1,0,0
TXN-00005106,17.16,9,online_shopping,59,1380,3,37.71,20.78,61.56,0,0,0,0,0
TXN-00005107,102.98,0,cash_withdrawal,57,819,2,17.19,5.54,75.37,1,0,0,0,0
TXN-00005108,27.14,14,grocery,64,1484,3,11.85,24.07,94.21,0,0,1,0,0
TXN-00005109,30.78,6,restaurant,24,640,2,12.43,1.16,75.03,0,0,1,0,0
TXN-00005110,76.65,7,online_shopping,49,928,3,16.5,5.18,84.56,0,0,0,0,0
TXN-00005111,33.2,23,online_shopping,45,802,3,50.58,35.13,72.91,0,0,1,0,0
TXN-00005112,31.6,12,fuel,69,1328,0,47.9,6.03,72.85,0,0,1,0,0
TXN-00005113,40.9,3,travel,58,1845,2,22.01,3.46,91.88,0,0,1,0,0
TXN-00005114,93.23,1,fuel,73,918,4,24.73,24.38,45.32,0,0,0,0,0
TXN-00005115,227.88,9,online_shopping,19,769,1,12.56,6.24,87.45,2,0,1,1,0
TXN-00005116,74.8,1,fuel,43,514,3,13.1,27.95,65.84,0,0,1,0,0
TXN-00005117,94.02,10,restaurant,58,725,4,39.18,17.6,73.88,1,0,1,1,0
TXN-00005118,32.79,9,jewelry,23,1857,4,22.61,25.28,89.33,0,0,1,0,1
TXN-00005119,19.24,21,grocery,55,925,1,24.07,30.09,90.71,0,0,1,0,0
TXN-00005120,80.37,8,grocery,31,1164,3,46.18,3.23,45.21,2,0,1,0,0
TXN-00005121,48.41,6,travel,22,426,3,39.88,3.44,72.07,1,0,0,0,0
TXN-00005122,9.08,14,restaurant,56,417,1,25.76,7.16,71.44,0,0,1,0,0
TXN-00005123,28.66,15,gaming,42,389,1,64.88,1.73,97.04,0,0,0,0,0
TXN-00005124,37.08,0,restaurant,41,1629,1,21.17,9.31,69.55,2,1,1,0,0
TXN-00005125,23.67,2,online_shopping,36,943,2,16.03,23.65,60.87,1,0,1,0,0
TXN-00005126,191.68,4,online_shopping,57,628,2,13.17,2.86,92.65,0,0,1,0,0
TXN-00005127,66.94,18,online_shopping,53,1400,4,65.35,6.39,85.16,1,1,0,0,0
TXN-00005128,171.03,5,restaurant,56,797,0,19.86,0.35,86.98,0,1,1,0,0
TXN-00005129,53.34,23,fuel,63,1481,0,30.23,18.12,59.38,0,0,1,0,0
TXN-00005130,44.06,10,fuel,53,917,1,101.26,0.24,63.48,2,0,0,0,0
TXN-00005131,15.13,22,cash_withdrawal,22,1492,1,17.89,38.92,77.36,0,0,1,0,0
TXN-00005132,40.96,5,restaurant,27,588,5,32.28,7.33,68.14,1,1,0,0,1
TXN-00005133,41.01,10,travel,75,1144,2,32.15,0.28,73.84,0,1,1,0,0
TXN-00005134,9.63,3,fuel,34,1283,3,30.9,0.84,88.01,1,0,0,0,0
TXN-00005135,22.95,20,electronics,42,401,0,54.41,50.39,52.3,2,0,0,0,0
TXN-00005136,28.81,14,electronics,39,944,3,38.4,18.57,92.33,1,0,1,0,0
TXN-00005137,62.44,1,online_shopping,75,507,7,33.85,10.79,84.23,0,0,0,0,0
TXN-00005138,65.66,17,grocery,65,424,3,89.2,12.68,85.9,0,0,1,0,0
TXN-00005139,21.97,21,pharmacy,46,827,1,11.45,83.5,87.71,2,1,0,0,0
TXN-00005140,66.18,16,electronics,57,1168,4,13.86,36.34,90.5,0,0,1,0,0
TXN-00005141,33.41,19,restaurant,49,641,3,28.72,50.43,45.55,1,1,0,1,0
TXN-00005142,5.0,6,fuel,55,848,1,42.1,71.86,96.89,2,0,0,0,0
TXN-00005143,24.31,10,restaurant,73,690,0,29.17,13.68,76.97,1,0,0,0,0
TXN-00005144,125.58,20,jewelry,56,1431,4,19.53,11.86,83.55,1,1,1,0,1
TXN-00005145,6.92,14,pharmacy,24,1685,1,68.17,2.17,91.47,0,0,0,0,0
TXN-00005146,45.53,14,grocery,47,2657,0,50.76,21.48,86.9,0,0,1,0,0
TXN-00005147,213.69,18,online_shopping,65,1574,4,20.28,41.38,72.52,1,0,0,0,0
TXN-00005148,18.2,14,travel,20,1219,1,87.03,1.31,89.33,0,0,1,1,0
TXN-00005149,40.54,3,online_shopping,38,1430,1,22.86,12.96,88.68,0,0,0,0,1
TXN-00005150,10.29,5,grocery,29,694,3,25.12,20.52,95.67,0,1,1,1,0
TXN-00005151,223.32,18,grocery,59,819,4,11.08,35.88,37.42,1,0,1,0,0
TXN-00005152,37.06,5,online_shopping,26,1057,1,35.56,17.51,85.82,0,1,1,1,0
TXN-00005153,42.48,15,gaming,54,393,1,104.69,18.6,60.48,0,1,1,0,0
TXN-00005154,167.67,11,restaurant,21,666,2,102.1,26.55,78.72,0,0,1,0,0
TXN-00005155,81.01,14,online_shopping,71,2463,2,23.75,22.98,60.14,0,0,1,0,0
TXN-00005156,16.13,5,online_shopping,36,822,2,21.1,1.25,77.54,0,0,1,0,0
TXN-00005157,20.5,7,online_shopping,41,356,3,30.39,0.42,95.35,1,0,1,1,0
TXN-00005158,68.01,16,grocery,63,733,0,75.74,13.61,67.82,0,0,0,0,0
TXN-00005159,21.0,4,travel,40,1021,3,34.23,32.07,91.99,0,0,0,0,0
TXN-00005160,5.0,7,electronics,24,1186,2,50.35,3.03,67.5,0,0,1,0,0
TXN-00005161,38.25,23,electronics,70,918,1,47.09,25.16,81.63,0,0,1,0,0
TXN-00005162,8.55,3,fuel,24,1126,1,62.57,1.55,76.81,1,0,0,0,0
TXN-00005163,220.76,13,online_shopping,46,660,4,52.45,26.46,68.72,0,0,0,0,0
TXN-00005164,48.7,3,fuel,25,1709,1,19.8,4.6,70.95,0,0,1,0,0
TXN-00005165,15.64,16,grocery,58,1527,2,33.18,27.29,91.29,0,0,1,0,0
TXN-00005166,19.42,3,grocery,33,323,3,22.4,8.78,70.47,0,0,0,0,0
TXN-00005167,5.56,13,online_shopping,72,544,2,55.04,3.22,87.72,0,0,1,0,0
TXN-00005168,12.75,10,travel,29,1404,4,41.99,6.69,94.83,0,0,0,0,0
TXN-00005169,117.58,16,online_shopping,56,1090,3,43.12,5.16,91.45,0,0,0,0,0
TXN-00005170,421.31,0,grocery,18,1062,5,37.97,19.54,79.63,1,0,1,0,0
TXN-00005171,86.72,12,travel,24,992,1,11.16,81.4,86.66,0,0,1,0,0
TXN-00005172,36.72,13,fuel,34,1578,2,43.09,7.11,76.35,0,0,1,0,0
TXN-00005173,25.7,5,pharmacy,69,1073,2,13.16,43.15,70.49,1,0,0,0,0
TXN-00005174,14.82,7,cash_withdrawal,75,1193,5,15.56,4.81,81.34,1,0,1,0,0
TXN-00005175,351.69,16,online_shopping,53,1006,1,62.31,6.82,75.52,0,0,1,0,0
TXN-00005176,33.18,13,fuel,37,573,1,23.31,8.63,70.74,1,0,1,0,0
TXN-00005177,372.94,13,restaurant,36,1451,1,12.29,5.64,80.25,1,0,1,0,1
TXN-00005178,174.72,22,online_shopping,30,787,2,20.02,3.06,89.37,1,0,1,0,0
TXN-00005179,6.5,9,fuel,37,783,2,48.64,0.04,79.81,0,0,0,0,0
TXN-00005180,20.1,20,travel,46,866,1,22.05,17.89,81.75,0,0,1,0,0
TXN-00005181,20.04,23,electronics,57,475,3,61.76,5.47,88.3,2,0,0,0,1
TXN-00005182,37.19,13,online_shopping,31,2278,1,54.14,0.94,87.18,0,1,1,0,0
TXN-00005183,37.97,5,restaurant,20,1400,2,57.53,23.8,87.9,0,0,1,0,0
TXN-00005184,940.16,10,fuel,50,551,3,45.79,1.96,89.26,1,0,0,0,0
TXN-00005185,13.05,1,gaming,32,1925,2,13.12,22.97,94.99,2,0,0,0,0
TXN-00005186,51.44,16,pharmacy,41,717,1,25.3,54.63,73.08,0,1,0,0,0
TXN-00005187,77.27,6,grocery,59,781,2,39.83,2.0,57.19,0,0,1,0,0
TXN-00005188,40.38,22,gaming,70,712,3,17.8,8.72,63.05,0,0,0,0,0
TXN-00005189,45.41,15,grocery,48,1752,0,41.77,4.47,80.64,0,0,0,0,1
TXN-00005190,13.5,11,restaurant,71,1609,0,59.94,1.77,83.26,0,0,0,0,0
TXN-00005191,45.23,4,grocery,33,879,1,14.41,32.49,73.76,0,1,0,0,1
TXN-00005192,69.2,2,fuel,59,916,4,10.0,1.67,93.39,0,0,1,0,1
TXN-00005193,57.05,16,fuel,74,1372,0,31.91,2.43,63.13,0,0,1,0,0
TXN-00005194,73.6,18,travel,30,1353,0,146.52,23.5,92.39,1,0,1,0,0
TXN-00005195,178.26,6,travel,60,944,2,28.97,3.63,69.31,1,0,0,0,0
TXN-00005196,108.18,0,fuel,45,958,6,13.11,12.95,74.67,0,0,1,0,0
TXN-00005197,43.59,7,cash_withdrawal,69,1412,3,43.06,6.01,86.01,1,0,1,0,1
TXN-00005198,11.82,18,jewelry,35,373,5,37.12,9.0,64.79,1,1,1,0,0
TXN-00005199,21.54,13,restaurant,73,1154,4,43.56,27.41,54.53,0,0,1,0,0
TXN-00005200,32.12,2,restaurant,64,1118,1,124.26,27.84,90.59,2,0,1,0,0
TXN-00005201,52.72,2,electronics,58,1758,2,13.62,14.02,98.21,0,0,1,0,0
TXN-00005202,24.48,2,fuel,19,1205,3,48.97,17.59,89.63,0,0,1,0,0
TXN-00005203,15.14,18,grocery,22,1270,2,29.59,33.52,91.86,0,0,0,0,0
TXN-00005204,11.62,18,electronics,56,672,1,39.39,11.58,76.26,0,0,0,0,0
TXN-00005205,7.14,9,grocery,45,697,3,19.35,4.24,85.18,0,0,0,0,0
TXN-00005206,31.6,16,gaming,36,1141,3,12.1,36.92,94.44,0,0,0,0,0
TXN-00005207,8.64,0,online_shopping,66,281,1,87.97,3.49,56.57,0,0,0,0,0
TXN-00005208,14.15,13,grocery,45,810,1,96.5,9.1,76.28,0,0,1,0,0
TXN-00005209,26.75,6,online_shopping,44,495,1,106.44,8.66,75.85,0,0,0,0,0
TXN-00005210,9.95,19,electronics,36,715,1,18.6,10.97,84.87,1,0,0,0,0
TXN-00005211,60.26,11,grocery,74,320,2,27.24,1.58,83.71,2,0,1,1,0
TXN-00005212,87.99,20,restaurant,39,526,2,66.41,31.55,78.03,0,0,0,0,0
TXN-00005213,22.72,13,jewelry,33,1664,4,27.17,21.76,79.09,0,0,0,0,1
TXN-00005214,25.56,10,electronics,57,505,2,19.26,41.77,85.48,0,0,1,0,0
TXN-00005215,71.12,22,fuel,19,604,5,39.41,0.27,83.49,0,0,0,0,0
TXN-00005216,19.11,23,fuel,52,746,1,13.47,8.89,69.1,2,0,1,0,0
TXN-00005217,17.78,10,grocery,50,1275,4,10.0,32.8,96.82,0,0,0,0,0
TXN-00005218,142.07,8,travel,32,867,0,138.17,55.0,77.96,0,0,1,0,0
TXN-00005219,102.35,15,grocery,62,382,4,24.7,17.46,67.07,0,0,1,0,0
TXN-00005220,76.07,4,cash_withdrawal,20,297,4,51.12,0.91,91.28,0,0,1,0,0
TXN-00005221,106.9,9,fuel,74,808,3,25.09,11.05,95.7,0,0,0,0,1
TXN-00005222,5.07,20,pharmacy,67,858,4,35.04,32.08,87.55,2,0,1,0,0
TXN-00005223,167.59,21,jewelry,28,1456,2,31.1,0.04,84.44,0,1,1,0,0
TXN-00005224,61.05,9,cash_withdrawal,46,535,3,11.34,8.99,65.23,1,0,1,0,0
TXN-00005225,116.9,9,restaurant,29,1859,3,20.29,1.36,80.34,1,0,0,0,1
TXN-00005226,60.73,20,grocery,53,385,3,47.94,31.89,77.02,0,0,1,1,0
TXN-00005227,42.58,4,grocery,38,387,6,37.16,33.42,61.12,0,0,0,0,0
TXN-00005228,30.29,1,restaurant,46,795,1,29.67,17.01,89.89,0,0,1,0,0
TXN-00005229,59.47,1,fuel,73,1433,5,10.0,2.24,40.08,0,0,0,0,0
TXN-00005230,29.16,2,grocery,53,1059,6,41.87,1.94,97.8,0,0,1,0,0
TXN-00005231,100.61,21,pharmacy,68,524,4,22.27,4.12,81.46,0,0,0,0,1
TXN-00005232,7.65,0,fuel,54,2330,1,20.1,8.85,88.88,2,0,0,0,0
TXN-00005233,22.9,7,cash_withdrawal,45,1035,1,17.46,32.57,95.96,1,0,1,0,0
TXN-00005234,346.22,14,fuel,18,1085,5,31.63,18.54,60.55,2,0,0,0,0
TXN-00005235,20.96,14,travel,23,1365,1,27.92,1.04,69.63,2,0,1,0,0
TXN-00005236,31.48,19,cash_withdrawal,48,1104,4,23.1,11.71,80.47,0,0,1,0,0
TXN-00005237,16.01,23,cash_withdrawal,47,727,3,72.08,46.86,74.09,0,1,0,0,1
TXN-00005238,57.55,9,fuel,47,1992,3,30.69,9.59,74.38,1,0,0,0,0
TXN-00005239,18.67,5,fuel,67,1770,4,11.61,47.93,84.38,0,0,1,0,0
TXN-00005240,33.29,2,grocery,23,2161,1,19.83,10.86,74.52,0,1,0,1,1
TXN-00005241,98.62,21,online_shopping,56,770,6,34.44,1.5,66.71,1,0,0,0,0
TXN-00005242,19.42,8,grocery,61,1953,1,46.34,10.66,84.92,0,0,1,0,0
TXN-00005243,92.58,21,pharmacy,55,509,0,15.72,0.82,69.75,0,0,1,0,0
TXN-00005244,95.9,8,grocery,31,953,4,15.73,2.69,98.08,0,0,0,0,0
TXN-00005245,122.45,18,fuel,41,1344,1,41.15,25.16,64.53,0,0,1,0,0
TXN-00005246,46.88,15,restaurant,21,444,2,31.52,10.66,83.01,1,0,1,0,0
TXN-00005247,1216.0,17,restaurant,28,2085,2,38.11,3.02,83.95,0,0,0,0,0
TXN-00005248,122.4,15,online_shopping,64,729,1,19.25,35.99,63.38,0,0,0,1,0
TXN-00005249,56.89,7,travel,53,1809,3,51.43,8.59,66.08,1,1,1,1,1
TXN-00005250,16.12,2,electronics,68,470,2,49.52,26.6,81.02,1,0,1,0,0
TXN-00005251,36.53,0,fuel,58,942,2,45.09,19.97,87.5,0,0,1,0,0
TXN-00005252,180.85,10,gaming,31,654,5,22.2,20.29,67.11,0,0,1,0,0
TXN-00005253,243.47,21,fuel,65,657,2,21.94,19.84,66.03,0,1,1,0,1
TXN-00005254,190.99,15,online_shopping,57,502,3,26.57,17.16,74.26,0,0,0,1,0
TXN-00005255,92.25,16,fuel,29,481,1,10.0,4.89,81.7,0,0,1,0,0
TXN-00005256,10.82,6,grocery,18,536,0,22.93,16.57,76.04,0,0,0,0,0
TXN-00005257,67.46,11,jewelry,62,527,1,52.5,0.55,63.63,2,0,0,0,0
TXN-00005258,10.98,9,cash_withdrawal,59,1617,4,17.26,4.82,81.24,1,0,1,0,0
TXN-00005259,8.48,3,online_shopping,23,1734,1,96.32,1.6,78.19,0,0,1,0,0
TXN-00005260,51.99,14,online_shopping,44,431,4,13.03,1.88,70.25,0,0,1,0,0
TXN-00005261,70.06,8,online_shopping,71,832,3,15.92,3.15,77.21,1,0,1,0,0
TXN-00005262,104.43,9,online_shopping,63,1600,2,18.82,5.71,73.26,1,0,0,0,0
TXN-00005263,68.17,14,electronics,65,1265,3,42.75,7.02,78.61,3,0,0,0,0
TXN-00005264,70.68,0,grocery,40,799,2,23.46,14.91,83.7,1,0,1,0,0
TXN-00005265,14.38,22,electronics,25,668,1,13.26,13.15,75.74,0,0,0,0,0
TXN-00005266,36.23,5,online_shopping,38,436,2,41.56,35.14,70.4,0,0,1,0,0
TXN-00005267,8.31,16,grocery,57,2029,1,34.85,19.12,92.0,1,0,0,0,0
TXN-00005268,5.0,18,online_shopping,66,1094,4,17.85,14.32,75.81,2,0,1,0,0
TXN-00005269,88.03,3,fuel,55,999,1,90.56,24.76,85.66,0,1,1,0,0
TXN-00005270,18.34,5,grocery,20,580,1,47.32,3.92,54.5,0,0,0,1,0
TXN-00005271,101.1,9,restaurant,52,903,1,42.71,8.3,83.26,0,0,0,0,0
TXN-00005272,129.51,19,electronics,28,1612,1,19.96,25.69,72.83,0,0,0,0,0
TXN-00005273,21.11,15,grocery,53,409,1,15.11,13.25,68.95,0,0,0,0,0
TXN-00005274,75.18,11,online_shopping,41,574,1,75.28,39.94,62.07,0,0,1,0,0
TXN-00005275,20.2,20,gaming,48,458,1,16.54,7.79,67.77,0,0,1,0,0
TXN-00005276,5.82,11,electronics,52,1819,4,41.49,0.95,66.28,0,0,0,0,0
TXN-00005277,46.04,21,online_shopping,55,399,3,53.99,1.05,80.18,1,0,1,0,0
TXN-00005278,24.67,18,travel,18,1067,2,11.85,46.23,66.42,0,0,0,0,0
TXN-00005279,25.48,4,gaming,74,461,4,25.77,8.21,91.71,0,0,1,0,0
TXN-00005280,321.86,9,fuel,51,1011,5,15.7,35.09,46.58,0,0,1,0,1
TXN-00005281,8.15,0,online_shopping,47,453,2,37.54,5.44,89.45,0,0,1,1,1
TXN-00005282,60.46,5,restaurant,39,699,4,17.31,10.82,77.03,1,0,1,0,0
TXN-00005283,14.23,0,fuel,24,1963,4,16.6,22.92,69.32,0,0,1,0,0
TXN-00005284,104.97,2,grocery,54,1173,1,12.52,16.91,85.83,1,0,1,0,0
TXN-00005285,55.33,0,travel,39,984,0,28.12,0.85,88.56,0,0,1,0,0
TXN-00005286,60.24,16,gaming,70,1132,2,10.0,10.16,95.71,1,0,1,0,0
TXN-00005287,15.0,9,pharmacy,56,2044,2,77.57,6.69,63.08,0,0,1,1,0
TXN-00005288,18.1,11,online_shopping,43,1018,3,25.72,20.47,89.92,0,0,1,1,0
TXN-00005289,107.08,18,electronics,19,1559,5,50.17,17.88,77.44,3,0,1,0,0
TXN-00005290,259.65,19,grocery,50,1583,5,27.91,9.38,70.68,1,0,1,0,0
TXN-00005291,66.98,12,cash_withdrawal,67,1480,3,35.92,2.14,83.46,0,0,1,1,0
TXN-00005292,15.76,10,gaming,44,2731,3,12.63,14.43,95.19,0,0,0,0,0
TXN-00005293,57.74,15,fuel,55,1284,4,41.63,14.73,51.02,0,1,0,0,0
TXN-00005294,517.42,9,online_shopping,24,1509,1,13.5,3.26,77.16,0,0,0,0,0
TXN-00005295,45.04,10,online_shopping,41,706,1,70.96,3.57,94.82,0,1,1,0,0
TXN-00005296,187.72,7,pharmacy,64,946,2,20.94,21.64,87.54,0,0,1,0,0
TXN-00005297,18.59,4,restaurant,42,922,4,45.82,31.33,87.57,0,0,0,0,0
TXN-00005298,38.7,4,pharmacy,69,572,0,13.13,0.1,80.07,0,0,0,1,1
TXN-00005299,77.52,15,cash_withdrawal,41,607,4,47.42,12.1,73.64,1,1,0,0,0
TXN-00005300,61.39,19,pharmacy,65,914,8,10.0,3.61,82.17,0,0,1,0,0
TXN-00005301,18.09,10,electronics,55,1044,2,10.31,13.14,88.28,0,1,0,0,0
TXN-00005302,17.29,2,online_shopping,72,2007,3,57.36,29.9,72.27,0,0,0,0,0
TXN-00005303,114.17,14,travel,48,572,5,53.8,1.7,78.5,1,0,1,0,0
TXN-00005304,141.33,21,fuel,45,554,2,21.74,22.34,79.52,1,0,1,0,0
TXN-00005305,197.9,12,fuel,38,416,1,23.0,29.63,79.55,1,0,1,0,0
TXN-00005306,268.84,0,gaming,55,1380,3,26.72,6.53,59.51,1,0,1,0,1
TXN-00005307,46.59,1,jewelry,74,2236,6,35.12,46.28,86.36,0,0,1,0,1
TXN-00005308,29.17,12,restaurant,27,886,5,55.57,21.34,47.76,0,0,0,0,0
TXN-00005309,167.09,20,fuel,72,1069,2,23.45,15.35,96.5,0,0,1,0,0
TXN-00005310,85.52,1,fuel,74,896,1,10.59,44.9,86.64,0,0,0,0,1
TXN-00005311,14.42,18,cash_withdrawal,62,1312,1,27.66,5.19,80.45,1,0,1,0,0
TXN-00005312,13.66,18,electronics,51,509,1,18.1,10.31,91.59,0,0,1,0,0
TXN-00005313,67.8,1,restaurant,68,1175,3,68.12,26.91,76.86,3,0,1,1,0
TXN-00005314,33.58,5,restaurant,33,896,7,22.88,16.38,77.44,0,0,0,0,0
TXN-00005315,39.34,0,restaurant,54,1405,2,63.54,34.18,93.29,0,0,0,0,1
TXN-00005316,124.73,13,gaming,64,1379,3,28.51,18.8,56.22,3,0,1,0,0
TXN-00005317,89.75,4,cash_withdrawal,64,1108,3,19.18,11.35,58.87,0,0,0,0,1
TXN-00005318,163.43,21,electronics,52,822,6,62.73,8.38,81.25,2,0,0,0,1
TXN-00005319,5.32,2,travel,40,584,3,17.62,68.7,44.38,0,0,0,0,1
TXN-00005320,52.78,15,online_shopping,73,1364,2,29.19,15.61,78.98,3,0,1,0,0
TXN-00005321,83.88,18,electronics,57,962,2,23.29,29.0,89.7,1,0,0,0,0
TXN-00005322,8.14,4,travel,62,951,1,17.25,3.41,94.52,0,0,1,0,0
TXN-00005323,20.34,6,grocery,54,754,1,35.73,14.8,90.87,0,0,1,0,0
TXN-00005324,16.73,19,cash_withdrawal,68,1848,3,19.8,20.39,96.77,3,1,1,0,1
TXN-00005325,41.38,2,cash_withdrawal,45,1890,1,16.98,2.42,78.17,1,0,1,0,0
TXN-00005326,223.46,10,travel,49,786,3,25.98,29.27,48.95,0,0,0,0,0
TXN-00005327,338.23,6,restaurant,64,629,3,19.64,51.9,89.99,3,0,0,0,0
TXN-00005328,17.2,0,gaming,48,824,5,22.33,19.41,68.08,1,0,1,0,0
TXN-00005329,70.31,10,restaurant,32,656,2,26.54,27.39,96.91,1,0,0,0,0
TXN-00005330,72.73,11,travel,61,1162,0,42.76,12.53,88.82,1,0,1,0,0
TXN-00005331,60.76,8,electronics,39,945,1,21.52,9.88,94.51,0,0,1,0,0
TXN-00005332,61.49,19,electronics,24,1332,2,12.5,36.43,79.9,0,0,0,0,0
TXN-00005333,55.64,2,fuel,39,791,0,40.39,3.16,63.38,0,0,0,0,0
TXN-00005334,237.92,10,fuel,21,2836,5,19.58,12.82,84.33,0,0,1,0,0
TXN-00005335,128.71,4,grocery,68,428,2,36.29,17.82,78.8,1,1,1,0,0
TXN-00005336,13.29,18,grocery,75,928,2,59.35,34.05,75.99,0,0,1,0,0
TXN-00005337,93.27,13,restaurant,33,2551,4,28.0,2.32,95.37,1,0,1,0,0
TXN-00005338,103.23,16,online_shopping,71,1342,1,16.35,72.56,72.7,1,0,1,0,0
TXN-00005339,56.3,2,fuel,59,859,2,25.0,14.95,89.8,1,1,1,0,0
TXN-00005340,132.69,10,online_shopping,73,1130,1,17.46,6.18,69.67,0,0,1,0,0
TXN-00005341,49.28,1,grocery,27,480,3,16.97,0.25,87.05,2,0,0,0,0
TXN-00005342,49.92,7,pharmacy,21,958,4,22.48,8.55,88.22,0,1,1,0,0
TXN-00005343,45.94,22,fuel,71,475,4,12.98,27.36,84.89,0,0,0,0,0
TXN-00005344,5.0,17,electronics,33,339,6,14.29,7.62,92.42,1,0,1,1,0
TXN-00005345,37.17,1,fuel,52,1787,3,44.6,0.57,67.95,1,0,0,0,0
TXN-00005346,20.05,8,travel,70,675,2,31.46,10.74,56.69,0,1,1,0,0
TXN-00005347,11.64,20,pharmacy,37,456,0,35.0,49.25,88.14,0,0,1,0,0
TXN-00005348,182.31,4,cash_withdrawal,23,799,2,45.67,5.47,81.23,1,0,1,1,1
TXN-00005349,68.68,18,fuel,63,1298,2,10.0,10.68,73.49,1,0,1,0,0
TXN-00005350,39.2,7,restaurant,44,476,1,23.34,14.74,80.53,0,0,0,0,0
TXN-00005351,22.35,11,travel,19,723,4,75.99,5.68,89.55,0,0,1,0,0
TXN-00005352,55.2,21,online_shopping,37,1380,1,86.24,10.31,87.83,3,0,0,0,0
TXN-00005353,114.55,16,electronics,48,982,3,18.31,7.15,77.11,0,0,1,0,0
TXN-00005354,16.97,6,fuel,69,1812,3,16.03,0.32,58.05,0,0,1,0,0
TXN-00005355,40.24,0,travel,31,1391,2,10.0,1.5,75.26,1,0,1,0,1
TXN-00005356,100.63,5,jewelry,48,1226,0,21.68,1.13,91.18,0,0,0,0,0
TXN-00005357,5.3,10,gaming,28,1366,3,41.19,7.92,58.8,0,0,1,0,0
TXN-00005358,38.07,3,electronics,34,420,2,50.76,9.65,41.79,0,0,0,0,0
TXN-00005359,25.77,21,grocery,33,921,1,12.09,8.69,89.3,1,0,1,0,0
TXN-00005360,35.14,1,gaming,48,2366,5,24.94,8.63,61.1,1,0,0,0,0
TXN-00005361,23.89,12,fuel,56,760,1,20.0,5.39,75.9,0,0,0,0,0
TXN-00005362,46.74,23,travel,24,930,1,14.01,7.34,71.19,0,0,0,0,1
TXN-00005363,304.85,8,travel,22,682,1,18.92,30.81,68.72,2,0,1,1,0
TXN-00005364,28.79,12,fuel,60,679,4,48.68,24.25,85.56,0,0,1,0,0
TXN-00005365,54.94,1,fuel,35,1466,2,38.47,28.89,67.34,1,0,1,0,0
TXN-00005366,328.48,17,grocery,53,2314,0,35.52,5.86,47.41,0,0,0,0,0
TXN-00005367,22.7,23,online_shopping,22,1932,1,67.07,12.3,55.88,0,0,0,0,0
TXN-00005368,271.89,18,cash_withdrawal,52,317,4,26.15,6.55,84.82,0,0,0,0,0
TXN-00005369,40.67,3,grocery,70,898,2,25.6,26.63,73.08,0,0,1,0,1
TXN-00005370,262.69,8,online_shopping,43,768,2,37.22,5.39,48.32,0,0,0,0,0
TXN-00005371,88.92,17,fuel,51,503,3,14.67,2.85,85.82,0,0,1,0,0
TXN-00005372,55.84,19,online_shopping,35,1498,2,48.25,2.06,88.45,1,0,1,0,0
TXN-00005373,37.75,9,grocery,34,798,2,41.85,8.98,57.94,0,0,1,0,0
TXN-00005374,21.0,23,grocery,21,539,3,35.88,20.86,93.44,2,1,1,0,1
TXN-00005375,43.8,4,pharmacy,45,1134,2,17.8,2.64,91.79,1,0,0,0,0
TXN-00005376,103.78,17,online_shopping,72,474,2,43.8,34.55,74.66,1,0,1,0,0
TXN-00005377,39.89,11,fuel,24,1668,2,85.95,7.86,60.38,1,0,0,0,0
TXN-00005378,29.01,17,electronics,42,1733,2,39.74,5.0,78.95,0,0,1,0,1
TXN-00005379,31.08,14,fuel,66,1353,4,19.56,59.72,68.6,1,1,0,0,0
TXN-00005380,114.67,10,grocery,46,1200,0,89.16,10.09,65.03,1,0,1,0,0
TXN-00005381,146.41,19,online_shopping,62,894,2,37.56,1.19,78.39,0,0,0,0,1
TXN-00005382,20.08,20,pharmacy,39,1096,4,87.06,59.47,72.82,0,0,1,0,0
TXN-00005383,20.05,19,cash_withdrawal,52,882,1,15.11,3.25,87.72,0,0,0,0,0
TXN-00005384,60.24,2,grocery,75,409,2,18.24,9.79,80.16,0,0,1,0,0
TXN-00005385,201.12,10,online_shopping,52,1319,4,47.6,1.06,74.82,0,0,1,0,0
TXN-00005386,134.73,17,electronics,64,1857,2,10.0,38.6,89.55,2,0,1,0,0
TXN-00005387,10.87,20,fuel,58,683,2,97.55,27.87,65.41,0,0,1,0,0
TXN-00005388,30.65,8,restaurant,23,1434,3,65.48,74.29,95.72,0,0,1,0,0
TXN-00005389,15.22,17,online_shopping,27,944,2,18.26,14.36,69.66,0,0,0,1,1
TXN-00005390,30.54,13,online_shopping,53,712,3,63.47,44.97,84.64,0,0,0,1,0
TXN-00005391,218.03,5,cash_withdrawal,38,274,3,29.79,1.17,59.69,0,0,1,0,1
TXN-00005392,9.08,21,gaming,46,1341,3,24.66,0.45,96.43,2,0,1,0,0
TXN-00005393,7.39,10,restaurant,46,1206,3,15.28,12.7,98.14,1,0,0,0,0
TXN-00005394,16.95,14,travel,64,532,3,56.06,7.82,89.71,0,0,1,0,0
TXN-00005395,54.69,6,travel,75,822,1,45.08,43.02,93.92,0,0,1,0,0
TXN-00005396,77.62,0,travel,75,940,1,34.6,42.29,46.52,2,0,1,0,0
TXN-00005397,64.03,10,pharmacy,22,1125,5,13.7,11.68,90.5,1,0,1,0,0
TXN-00005398,139.0,17,fuel,61,1583,1,40.42,2.11,91.63,0,0,1,0,0
TXN-00005399,6.35,7,grocery,60,865,1,54.96,7.47,75.11,0,0,1,0,0
TXN-00005400,140.86,22,restaurant,68,372,2,90.58,3.0,68.82,0,1,1,0,0
TXN-00005401,29.15,18,fuel,42,964,1,26.46,50.12,90.05,0,0,1,0,0
TXN-00005402,87.19,15,electronics,47,760,1,20.77,8.74,81.94,1,0,1,0,0
TXN-00005403,10.08,19,grocery,44,619,1,14.73,45.09,92.69,1,0,0,0,0
TXN-00005404,40.66,20,fuel,39,1461,0,31.19,0.29,82.7,1,0,0,0,0
TXN-00005405,51.84,17,pharmacy,32,584,2,50.48,7.46,88.53,1,0,1,0,0
TXN-00005406,136.12,19,electronics,55,449,1,104.69,4.15,82.26,0,0,1,0,0
TXN-00005407,7.66,17,travel,18,730,5,40.71,39.81,79.84,0,0,1,0,0
TXN-00005408,41.77,20,cash_withdrawal,61,930,3,69.93,6.13,65.23,1,0,1,0,0
TXN-00005409,12.94,2,online_shopping,66,995,7,32.39,0.93,81.95,1,0,1,0,0
TXN-00005410,68.77,8,online_shopping,31,1681,2,46.88,3.03,82.03,0,0,1,0,0
TXN-00005411,91.48,21,online_shopping,30,658,1,20.78,20.53,84.55,2,0,1,0,0
TXN-00005412,156.26,11,grocery,47,1348,2,35.21,0.83,67.93,3,0,1,0,0
TXN-00005413,23.06,0,pharmacy,67,731,3,15.36,2.67,60.97,0,0,0,1,1
TXN-00005414,107.08,20,online_shopping,24,300,7,60.06,3.38,79.12,0,0,0,0,0
TXN-00005415,168.84,15,pharmacy,43,1600,3,117.82,1.68,67.31,0,0,1,0,0
TXN-00005416,7.2,21,grocery,30,406,3,33.05,13.66,83.68,1,0,0,0,0
TXN-00005417,76.94,0,restaurant,67,1066,2,22.46,31.79,71.55,0,0,1,0,1
TXN-00005418,110.66,3,fuel,69,435,1,370.28,39.95,60.28,0,0,1,0,0
TXN-00005419,30.83,12,travel,22,1174,1,63.19,8.01,89.25,1,1,1,0,0
TXN-00005420,11.34,4,cash_withdrawal,26,494,5,79.73,5.93,90.54,0,0,0,0,1
TXN-00005421,108.86,12,online_shopping,27,361,2,38.8,36.87,85.59,0,0,1,0,0
TXN-00005422,11.48,8,pharmacy,65,831,1,15.39,11.32,58.97,0,0,1,0,0
TXN-00005423,33.54,5,fuel,70,242,0,26.14,5.29,75.93,2,0,0,0,0
TXN-00005424,38.78,18,gaming,39,870,3,31.67,93.92,67.42,0,0,1,0,0
TXN-00005425,85.74,0,electronics,27,1345,2,29.32,1.1,61.24,0,0,0,0,0
TXN-00005426,20.95,20,online_shopping,56,2354,1,14.72,6.86,79.6,0,0,0,0,0
TXN-00005427,19.71,3,pharmacy,69,1022,4,29.45,35.48,94.35,0,1,1,0,0
TXN-00005428,44.87,13,grocery,70,903,3,14.13,26.56,98.6,0,0,1,0,0
TXN-00005429,116.36,23,restaurant,43,1631,3,12.53,31.08,78.38,1,0,0,0,1
TXN-00005430,446.67,2,online_shopping,63,470,0,17.97,31.83,84.79,0,0,1,0,0
TXN-00005431,8.31,22,pharmacy,73,588,2,24.73,4.13,54.46,1,1,0,0,0
TXN-00005432,56.32,7,cash_withdrawal,65,1328,2,25.82,3.14,71.09,1,1,0,0,1
TXN-00005433,12.92,17,travel,45,720,5,27.34,14.03,79.51,2,0,0,0,0
TXN-00005434,117.89,20,jewelry,33,795,2,96.35,4.94,52.11,0,0,1,0,0
TXN-00005435,15.1,5,online_shopping,39,960,3,27.39,1.49,84.86,2,0,0,0,0
TXN-00005436,19.92,8,grocery,38,504,1,10.0,48.64,92.27,0,1,0,0,0
TXN-00005437,21.79,20,fuel,75,367,0,23.65,20.27,51.08,2,0,1,0,0
TXN-00005438,37.34,2,restaurant,60,569,1,24.87,13.76,58.08,0,0,1,0,0
TXN-00005439,56.79,2,jewelry,67,759,1,10.0,2.06,96.29,0,0,1,0,1
TXN-00005440,67.21,7,electronics,63,1175,2,28.81,19.31,74.48,0,0,0,0,0
TXN-00005441,40.2,14,online_shopping,45,923,3,20.18,15.3,68.41,1,0,0,0,0
TXN-00005442,10.01,19,online_shopping,63,1305,3,27.09,7.52,72.35,1,0,1,0,0
TXN-00005443,86.85,13,electronics,55,915,1,33.03,2.58,86.67,0,0,0,1,1
TXN-00005444,38.26,11,fuel,60,1404,5,25.94,28.66,73.45,0,1,1,0,0
TXN-00005445,136.98,20,cash_withdrawal,35,799,1,26.24,16.36,72.66,1,0,1,0,1
TXN-00005446,19.24,4,gaming,31,259,5,20.16,16.02,80.22,2,0,1,0,0
TXN-00005447,7.52,21,electronics,28,651,5,40.61,10.42,79.16,0,0,1,0,0
TXN-00005448,39.03,7,grocery,34,974,2,21.67,6.92,79.27,0,0,1,0,0
TXN-00005449,157.71,6,fuel,74,1241,2,42.55,40.13,92.07,2,0,1,0,0
TXN-00005450,47.89,22,electronics,72,687,3,13.78,16.63,88.35,1,0,1,0,0
TXN-00005451,32.8,15,pharmacy,26,1028,2,21.4,15.93,98.04,1,0,1,0,0
TXN-00005452,16.22,10,pharmacy,50,738,1,38.45,21.32,92.62,0,0,1,0,0
TXN-00005453,256.12,7,grocery,72,593,6,13.55,5.59,82.53,0,0,0,0,1
TXN-00005454,13.72,10,restaurant,61,1242,3,19.57,4.16,80.15,0,0,0,0,0
TXN-00005455,18.88,18,restaurant,53,1121,3,40.24,2.66,79.99,1,0,0,0,0
TXN-00005456,73.59,3,grocery,52,2743,3,17.2,4.01,91.28,0,0,1,0,0
TXN-00005457,5.76,4,fuel,36,688,3,61.7,1.11,70.03,0,0,1,0,0
TXN-00005458,154.21,7,gaming,71,1713,4,28.55,3.64,78.07,1,0,0,0,1
TXN-00005459,77.9,11,fuel,22,407,1,23.2,47.89,45.68,0,0,1,0,0
TXN-00005460,103.98,19,pharmacy,68,1714,2,41.39,32.26,64.61,0,0,1,0,0
TXN-00005461,72.68,5,online_shopping,68,926,2,29.62,1.56,59.27,0,0,1,1,0
TXN-00005462,34.15,18,cash_withdrawal,33,759,3,28.97,2.36,88.78,1,0,1,0,0
TXN-00005463,13.25,21,cash_withdrawal,47,1124,1,25.05,13.21,66.81,2,0,1,1,0
TXN-00005464,34.92,10,restaurant,69,1167,3,25.73,9.51,65.33,1,0,0,1,0
TXN-00005465,14.53,23,electronics,45,1608,0,14.35,45.98,96.98,1,0,0,0,0
TXN-00005466,67.39,21,fuel,35,547,3,43.14,30.2,89.47,0,0,0,0,0
TXN-00005467,94.36,19,travel,22,404,3,19.17,52.69,36.63,0,0,1,0,0
TXN-00005468,190.69,9,fuel,43,1128,2,53.72,7.27,24.37,0,1,0,0,0
TXN-00005469,59.76,7,fuel,34,1092,3,15.45,21.01,95.7,0,0,1,0,0
TXN-00005470,106.78,20,restaurant,67,1594,4,60.63,2.63,66.17,0,0,1,1,0
TXN-00005471,29.61,10,travel,67,717,3,17.22,8.8,72.8,0,0,1,0,0
TXN-00005472,24.48,0,grocery,36,643,3,45.78,3.31,80.53,0,0,1,0,0
TXN-00005473,66.51,17,restaurant,30,1111,1,21.73,10.24,72.71,0,0,0,0,0
TXN-00005474,26.96,8,travel,34,953,3,31.87,3.26,50.69,0,0,1,0,0
TXN-00005475,53.66,22,travel,41,1228,3,19.31,71.29,72.78,0,0,0,0,0
TXN-00005476,13.27,20,electronics,56,621,1,17.02,13.44,40.42,1,0,1,0,0
TXN-00005477,16.03,2,restaurant,26,1706,1,22.44,9.02,50.49,1,0,1,0,0
TXN-00005478,78.82,21,online_shopping,75,1075,0,43.01,16.81,73.73,0,0,1,0,0
TXN-00005479,102.62,22,online_shopping,58,1574,5,42.99,25.46,60.27,2,0,0,0,0
TXN-00005480,14.37,18,restaurant,25,852,1,40.15,0.51,80.75,1,0,1,0,0
TXN-00005481,81.79,6,cash_withdrawal,36,604,4,33.02,8.93,79.78,0,0,1,0,0
TXN-00005482,23.12,16,online_shopping,58,1146,4,108.21,40.45,88.74,0,0,0,0,0
TXN-00005483,41.15,20,electronics,47,1307,0,16.7,4.21,81.65,0,0,1,0,0
TXN-00005484,179.07,19,grocery,48,370,2,26.19,6.52,81.67,3,0,1,0,0
TXN-00005485,94.43,10,cash_withdrawal,20,2247,2,10.0,40.38,47.42,1,0,1,0,0
TXN-00005486,93.29,16,restaurant,41,639,2,37.14,35.21,82.05,1,0,0,0,1
TXN-00005487,300.13,9,grocery,53,1004,2,16.01,10.77,85.43,1,0,1,0,0
TXN-00005488,19.32,6,travel,61,1271,1,27.65,17.23,90.06,1,0,0,0,0
TXN-00005489,14.37,16,fuel,43,949,2,17.71,11.54,50.79,0,0,1,0,0
TXN-00005490,18.95,11,electronics,50,979,1,25.56,6.63,66.76,0,0,1,0,0
TXN-00005491,30.96,5,grocery,30,992,7,31.18,2.16,70.56,0,1,0,0,1
TXN-00005492,5.0,15,grocery,64,292,3,17.96,4.87,61.16,0,0,0,0,0
TXN-00005493,32.53,7,grocery,58,1024,2,34.75,11.16,79.7,1,1,1,0,0
TXN-00005494,22.83,14,gaming,61,711,2,21.54,21.31,80.0,2,0,0,0,0
TXN-00005495,92.11,8,restaurant,56,1558,3,18.64,15.15,86.1,0,0,1,0,0
TXN-00005496,58.56,21,online_shopping,75,1418,2,43.1,5.74,79.49,0,0,1,0,0
TXN-00005497,21.53,20,fuel,69,418,3,32.7,40.53,78.87,0,0,1,0,0
TXN-00005498,75.15,11,cash_withdrawal,65,405,2,10.0,1.91,69.82,0,1,0,0,0
TXN-00005499,86.44,17,cash_withdrawal,37,2295,3,22.99,18.51,79.75,1,0,1,0,0
TXN-00005500,18.05,4,electronics,21,198,7,15.05,0.17,51.7,1,1,0,0,0
TXN-00005501,24.1,23,online_shopping,18,655,3,66.87,6.3,82.34,0,0,1,0,0
TXN-00005502,5.0,5,pharmacy,63,481,2,17.66,39.66,54.1,0,0,1,0,0
TXN-00005503,12.87,20,electronics,70,1681,4,18.92,1.46,81.61,0,0,1,0,0
TXN-00005504,18.55,20,restaurant,55,871,1,29.24,2.72,86.1,1,0,1,1,0
TXN-00005505,43.72,4,fuel,59,638,3,39.16,15.72,87.0,1,0,0,0,1
TXN-00005506,14.99,0,gaming,23,961,2,18.36,12.53,90.47,0,0,1,0,0
TXN-00005507,23.59,17,cash_withdrawal,50,2196,2,31.43,0.42,98.65,0,0,0,0,0
TXN-00005508,11.17,20,online_shopping,53,1203,1,33.8,1.15,76.75,0,0,1,0,0
TXN-00005509,48.41,17,restaurant,27,1190,3,10.0,12.23,65.81,0,0,0,0,0
TXN-00005510,63.24,1,grocery,61,361,3,38.31,2.05,73.95,1,0,0,0,0
TXN-00005511,61.71,15,electronics,37,1599,1,20.57,10.06,73.81,1,0,1,0,0
TXN-00005512,40.98,9,grocery,29,542,4,13.59,2.33,74.81,0,0,1,0,0
TXN-00005513,8.02,21,electronics,58,1150,2,90.1,29.15,91.33,0,0,1,0,0
TXN-00005514,21.1,19,online_shopping,43,604,0,16.33,59.86,92.16,0,0,1,0,0
TXN-00005515,26.37,19,gaming,49,956,1,46.19,6.23,86.64,0,1,1,0,0
TXN-00005516,26.48,9,restaurant,49,929,1,38.48,37.85,82.01,1,0,0,0,0
TXN-00005517,43.76,7,travel,54,3074,2,10.0,2.68,85.44,0,0,1,0,0
TXN-00005518,180.7,19,electronics,41,743,3,17.62,7.5,71.14,0,0,0,0,0
TXN-00005519,94.89,2,cash_withdrawal,65,1086,1,14.09,9.41,92.53,0,0,1,0,0
TXN-00005520,14.34,2,travel,68,865,3,50.71,18.07,74.54,1,0,1,0,0
TXN-00005521,82.46,1,travel,46,465,2,47.06,5.4,92.31,0,0,0,1,0
TXN-00005522,79.23,12,jewelry,27,1150,6,78.74,20.92,60.52,1,0,1,0,0
TXN-00005523,17.35,1,cash_withdrawal,34,1460,1,15.2,0.03,88.03,0,0,0,0,0
TXN-00005524,98.62,13,pharmacy,62,504,1,128.84,5.56,89.99,2,0,0,0,0
TXN-00005525,34.18,4,online_shopping,32,813,3,51.7,31.65,83.91,0,0,1,0,0
TXN-00005526,9.2,21,gaming,63,970,3,82.32,25.11,90.41,2,0,1,0,0
TXN-00005527,65.23,10,electronics,56,1381,3,31.41,1.57,92.59,0,1,0,0,0
TXN-00005528,50.8,2,gaming,43,1409,1,23.9,1.84,42.96,1,0,0,0,1
TXN-00005529,31.85,16,electronics,25,347,2,16.6,5.25,69.47,0,0,0,0,0
TXN-00005530,38.89,8,online_shopping,49,2283,4,64.46,24.88,92.91,0,0,0,0,0
TXN-00005531,19.01,6,fuel,58,1206,1,26.42,5.13,73.84,2,0,1,0,0
TXN-00005532,76.76,15,electronics,26,941,5,26.62,20.1,83.74,0,0,1,0,0
TXN-00005533,38.64,22,grocery,65,1375,3,59.36,25.68,75.87,0,0,0,0,0
TXN-00005534,48.17,23,travel,29,1813,2,48.74,8.55,52.53,0,0,0,0,0
TXN-00005535,58.85,10,grocery,41,858,1,25.27,9.98,88.6,1,0,0,0,0
TXN-00005536,12.03,20,electronics,48,805,2,31.63,4.32,92.44,2,0,0,0,0
TXN-00005537,15.82,5,restaurant,60,470,4,34.78,35.41,71.24,0,0,1,0,0
TXN-00005538,5.0,20,travel,31,811,2,30.26,16.27,68.12,0,0,0,0,0
TXN-00005539,73.18,22,grocery,37,1249,1,61.98,5.28,90.37,1,0,0,0,0
TXN-00005540,11.33,12,cash_withdrawal,64,812,2,40.73,25.83,86.39,0,0,0,0,0
TXN-00005541,46.49,12,electronics,37,795,0,23.75,6.12,81.43,0,1,0,0,0
TXN-00005542,59.71,13,pharmacy,53,2043,3,66.91,9.08,94.68,0,0,1,0,0
TXN-00005543,76.13,1,travel,41,1078,2,19.6,4.86,85.99,1,0,1,0,0
TXN-00005544,11.42,20,restaurant,21,1079,4,27.32,3.11,96.41,0,0,1,0,0
TXN-00005545,37.77,17,online_shopping,47,1259,2,25.13,2.4,80.97,2,1,1,0,0
TXN-00005546,233.64,20,restaurant,38,1502,3,22.63,4.27,89.46,0,0,0,0,0
TXN-00005547,244.7,2,grocery,33,982,0,23.87,2.68,94.44,1,0,1,0,1
TXN-00005548,114.06,19,electronics,67,584,2,54.34,10.61,83.81,1,0,1,0,0
TXN-00005549,57.65,8,grocery,62,1199,0,30.55,41.27,84.77,1,0,1,0,0
TXN-00005550,14.08,19,grocery,34,1602,3,88.84,0.9,56.15,1,0,0,0,0
TXN-00005551,86.02,23,electronics,48,1189,2,21.11,26.22,87.57,0,1,1,1,1
TXN-00005552,34.26,21,electronics,59,1369,1,19.99,0.67,81.86,0,0,0,0,0
TXN-00005553,72.86,21,grocery,21,795,2,12.67,3.83,52.04,0,0,0,0,0
TXN-00005554,20.81,2,fuel,23,639,2,12.64,17.77,92.03,0,0,1,0,0
TXN-00005555,33.73,7,travel,49,1042,4,17.92,33.5,85.94,0,0,1,0,0
TXN-00005556,48.06,7,pharmacy,71,720,2,17.45,16.97,79.0,0,0,0,0,0
TXN-00005557,52.38,12,electronics,71,1840,4,20.29,6.35,75.49,0,0,1,0,0
TXN-00005558,67.93,23,electronics,44,1218,2,32.53,3.45,93.25,1,0,1,0,0
TXN-00005559,22.02,16,electronics,58,748,3,17.41,28.85,73.54,1,0,1,0,0
TXN-00005560,9.87,13,restaurant,46,522,4,86.26,25.51,83.08,1,1,0,0,0
TXN-00005561,222.74,19,grocery,70,1576,3,27.57,0.37,84.81,0,0,0,0,0
TXN-00005562,552.09,4,restaurant,51,567,4,49.79,17.19,84.31,1,0,1,0,1
TXN-00005563,64.7,15,pharmacy,69,955,2,16.7,18.62,80.31,0,0,0,0,0
TXN-00005564,10.07,12,electronics,39,1085,2,22.88,41.79,37.4,0,0,1,0,0
TXN-00005565,17.96,4,travel,72,572,1,35.91,24.12,62.11,0,0,1,0,0
TXN-00005566,69.03,15,electronics,60,882,1,38.68,7.41,67.83,0,0,1,0,0
TXN-00005567,165.37,20,grocery,62,1701,4,52.38,21.88,80.54,0,1,1,1,0
TXN-00005568,11.32,19,electronics,18,421,3,12.67,2.24,77.08,1,0,1,0,0
TXN-00005569,35.5,20,restaurant,64,1571,3,162.77,3.11,82.43,1,0,1,0,0
TXN-00005570,49.69,19,gaming,27,1047,3,83.47,6.24,40.49,0,0,0,0,0
TXN-00005571,100.26,11,gaming,72,678,3,34.17,11.07,77.24,0,0,0,0,0
TXN-00005572,28.2,1,cash_withdrawal,28,405,1,36.95,20.38,85.25,1,0,0,0,0
TXN-00005573,7.83,23,grocery,65,895,2,33.99,8.28,97.13,0,0,1,1,0
TXN-00005574,77.65,10,online_shopping,54,698,1,15.86,14.5,50.1,0,0,1,0,0
TXN-00005575,131.77,15,pharmacy,40,890,4,12.2,39.3,79.02,0,0,1,0,0
TXN-00005576,37.09,0,restaurant,69,1271,1,14.04,9.85,76.66,1,0,1,0,0
TXN-00005577,61.9,21,cash_withdrawal,40,387,3,12.93,25.24,86.65,1,0,1,0,0
TXN-00005578,24.58,21,restaurant,21,1017,1,88.47,11.93,65.54,0,0,1,0,0
TXN-00005579,16.64,22,cash_withdrawal,22,2099,2,21.56,4.05,85.75,1,0,0,0,0
TXN-00005580,118.84,4,fuel,67,749,3,60.69,5.72,89.89,0,0,0,0,0
TXN-00005581,60.76,20,pharmacy,40,1181,2,25.3,4.01,83.97,0,1,0,0,0
TXN-00005582,67.69,14,online_shopping,65,288,2,27.34,1.77,72.69,1,0,1,0,0
TXN-00005583,195.82,3,fuel,19,385,1,25.4,1.67,73.46,1,0,1,0,0
TXN-00005584,13.36,13,fuel,22,651,5,20.35,1.76,96.97,0,0,0,0,0
TXN-00005585,22.65,11,online_shopping,75,1743,3,92.4,25.16,75.95,0,0,1,0,0
TXN-00005586,47.74,15,cash_withdrawal,26,709,1,32.29,9.04,55.64,1,0,0,0,0
TXN-00005587,22.36,2,restaurant,57,1200,1,73.7,25.63,78.01,0,0,1,0,0
TXN-00005588,92.05,13,grocery,38,705,2,34.48,49.8,77.84,0,1,0,1,1
TXN-00005589,33.22,16,online_shopping,47,474,2,74.58,5.74,89.15,0,0,1,0,0
TXN-00005590,14.27,17,online_shopping,24,836,2,31.57,2.09,84.53,0,0,0,0,0
TXN-00005591,43.34,18,restaurant,33,1254,0,24.95,16.51,61.58,0,0,0,0,0
TXN-00005592,48.37,15,fuel,61,1578,6,11.43,6.95,90.84,0,0,0,0,0
TXN-00005593,107.92,16,travel,49,897,5,48.17,29.96,61.89,0,0,1,1,0
TXN-00005594,61.12,2,pharmacy,47,1198,1,80.63,5.38,82.97,2,0,1,0,0
TXN-00005595,65.64,19,grocery,72,977,1,56.8,12.93,78.73,0,0,1,0,0
TXN-00005596,56.62,8,pharmacy,41,1023,2,22.56,14.79,73.6,0,0,0,0,1
TXN-00005597,33.19,13,gaming,64,578,6,50.0,32.69,65.54,0,1,1,0,0
TXN-00005598,19.07,13,grocery,60,611,2,14.95,20.19,55.58,1,0,0,0,0
TXN-00005599,54.78,23,grocery,44,501,1,15.43,14.1,57.23,1,0,1,0,0
TXN-00005600,28.51,7,online_shopping,34,731,2,19.01,38.64,84.73,0,0,1,0,0
TXN-00005601,238.49,9,restaurant,38,1464,5,19.18,13.74,44.28,0,0,0,0,0
TXN-00005602,165.55,18,jewelry,68,1955,4,43.74,25.14,87.74,0,0,1,0,0
TXN-00005603,78.61,15,cash_withdrawal,35,1463,3,51.08,44.29,82.51,0,1,1,0,0
TXN-00005604,60.18,7,cash_withdrawal,55,1169,0,22.86,53.13,88.65,0,0,0,0,0
TXN-00005605,36.88,8,electronics,25,963,1,84.06,1.11,79.27,0,0,1,0,0
TXN-00005606,10.76,19,online_shopping,38,1461,0,21.44,38.31,74.4,0,0,1,0,0
TXN-00005607,32.23,20,online_shopping,72,3448,1,63.9,2.25,95.2,2,0,1,0,0
TXN-00005608,44.99,3,fuel,49,1074,1,23.58,22.48,46.45,1,0,0,0,0
TXN-00005609,51.47,9,restaurant,65,1247,1,30.18,19.2,83.78,0,1,0,0,0
TXN-00005610,66.22,18,cash_withdrawal,33,1078,3,31.3,9.4,57.85,0,0,0,0,0
TXN-00005611,106.42,2,restaurant,62,2223,3,51.61,12.87,95.97,0,0,1,0,0
TXN-00005612,19.56,4,online_shopping,75,881,3,26.27,1.16,68.12,0,0,1,0,0
TXN-00005613,19.74,3,online_shopping,71,607,2,10.06,2.15,97.36,0,0,0,0,0
TXN-00005614,185.56,12,cash_withdrawal,43,1328,1,49.35,5.84,90.72,0,0,0,0,1
TXN-00005615,90.88,10,restaurant,57,608,3,29.82,10.99,63.95,1,0,0,0,1
TXN-00005616,26.83,7,fuel,70,1113,1,92.88,20.75,74.86,1,1,0,0,0
TXN-00005617,36.14,3,fuel,65,966,2,12.91,13.17,83.49,2,0,1,0,0
TXN-00005618,36.31,15,fuel,74,1186,3,26.18,1.75,92.41,0,0,1,0,0
TXN-00005619,41.81,19,online_shopping,19,988,0,10.51,14.02,69.27,0,0,0,0,0
TXN-00005620,66.44,5,grocery,49,335,3,32.0,14.82,85.16,0,0,1,0,0
TXN-00005621,579.25,15,restaurant,63,1269,2,32.02,36.96,76.37,0,0,1,0,0
TXN-00005622,49.37,19,online_shopping,60,1131,0,74.54,0.41,82.41,1,0,0,0,0
TXN-00005623,81.1,13,online_shopping,26,1638,0,41.04,16.46,65.56,0,0,1,0,0
TXN-00005624,6.88,13,pharmacy,51,642,2,21.52,5.67,73.93,0,1,0,0,0
TXN-00005625,24.31,4,fuel,27,307,1,31.73,3.22,83.59,0,0,0,0,0
TXN-00005626,146.97,22,grocery,23,1322,2,56.7,49.75,94.16,3,0,1,1,0
TXN-00005627,61.71,22,online_shopping,24,1294,1,10.0,0.21,39.23,0,0,0,0,0
TXN-00005628,5.0,17,restaurant,73,1254,6,42.58,4.92,79.58,0,0,1,0,0
TXN-00005629,82.08,21,grocery,33,218,5,18.82,24.74,77.22,2,0,0,0,0
TXN-00005630,303.1,14,electronics,44,2410,1,23.63,8.93,92.82,0,0,1,0,0
TXN-00005631,5.0,15,restaurant,32,168,1,30.3,13.38,85.23,0,0,1,0,0
TXN-00005632,199.41,19,online_shopping,69,305,4,11.17,27.21,57.56,2,0,1,0,0
TXN-00005633,5.0,0,restaurant,69,464,0,11.25,20.43,62.17,0,1,0,0,0
TXN-00005634,108.3,5,online_shopping,56,1395,1,45.76,11.56,84.42,0,0,1,0,1
TXN-00005635,40.08,4,electronics,66,1703,3,22.73,1.38,44.04,1,0,1,0,0
TXN-00005636,5.0,15,jewelry,24,990,5,29.22,28.16,65.48,0,0,0,0,0
TXN-00005637,64.61,5,pharmacy,75,1275,1,34.69,0.66,81.42,0,0,1,0,0
TXN-00005638,135.42,9,jewelry,42,619,2,13.35,4.33,74.6,1,0,0,0,1
TXN-00005639,59.27,11,fuel,41,536,2,18.47,0.36,95.92,0,0,0,1,0
TXN-00005640,74.74,17,electronics,29,368,0,16.73,2.13,78.2,1,0,1,0,0
TXN-00005641,26.25,12,fuel,68,1272,0,10.0,6.86,77.04,1,0,1,0,0
TXN-00005642,5.73,0,restaurant,27,1642,0,26.34,8.57,76.31,1,0,1,0,0
TXN-00005643,83.63,16,travel,67,435,1,26.93,5.24,74.39,1,0,1,0,0
TXN-00005644,253.98,10,fuel,59,599,1,40.79,14.96,91.93,0,0,0,0,0
TXN-00005645,132.43,2,fuel,62,723,0,37.66,10.96,94.26,1,0,0,0,0
TXN-00005646,5.02,15,cash_withdrawal,19,475,1,10.0,27.91,80.53,0,0,0,0,0
TXN-00005647,8.24,6,fuel,60,1124,1,10.0,45.34,92.97,0,0,1,0,0
TXN-00005648,16.64,11,pharmacy,74,783,0,20.0,1.64,72.78,1,0,0,1,0
TXN-00005649,7.59,23,fuel,40,1783,1,34.31,1.21,73.73,1,1,1,0,0
TXN-00005650,42.37,5,restaurant,44,625,2,21.39,5.26,78.16,0,0,0,0,0
TXN-00005651,61.14,21,restaurant,24,1465,2,18.03,44.73,87.36,1,0,0,0,0
TXN-00005652,9.01,11,grocery,46,385,4,70.49,8.04,85.28,0,0,0,0,0
TXN-00005653,91.47,22,pharmacy,57,671,1,43.51,8.9,87.38,0,0,1,0,0
TXN-00005654,76.03,20,restaurant,35,1013,2,47.42,11.18,78.42,0,0,0,0,0
TXN-00005655,22.75,19,jewelry,60,1129,2,37.54,6.41,96.51,0,0,1,0,0
TXN-00005656,33.75,4,electronics,22,1918,2,14.58,8.37,96.07,0,0,1,1,0
TXN-00005657,5.22,18,grocery,57,1107,0,48.21,1.86,79.82,1,0,0,0,0
TXN-00005658,28.53,8,gaming,52,1116,1,154.34,8.35,78.81,0,0,1,0,0
TXN-00005659,40.76,21,online_shopping,31,540,0,44.47,12.55,82.54,2,0,0,0,0
TXN-00005660,48.29,23,restaurant,37,584,3,28.04,18.9,60.29,0,0,0,0,1
TXN-00005661,60.21,14,restaurant,31,716,4,11.04,7.59,83.54,1,0,1,0,0
TXN-00005662,52.27,21,electronics,54,928,2,18.32,1.87,61.68,0,1,1,0,0
TXN-00005663,30.64,12,online_shopping,54,880,0,47.06,0.44,52.96,0,0,1,0,0
TXN-00005664,54.63,0,grocery,50,1134,3,45.61,1.33,68.12,1,0,0,0,0
TXN-00005665,115.83,20,gaming,29,1813,2,15.3,22.34,78.21,1,0,0,0,0
TXN-00005666,36.59,12,restaurant,30,952,1,40.97,4.13,82.84,1,0,1,0,0
TXN-00005667,56.46,1,fuel,65,1371,3,15.99,1.04,53.79,0,0,0,0,1
TXN-00005668,33.27,1,restaurant,44,580,1,52.56,2.26,77.1,0,0,0,0,0
TXN-00005669,20.51,17,fuel,43,1945,1,44.48,21.9,75.23,0,0,1,0,0
TXN-00005670,70.04,22,restaurant,35,934,2,56.63,1.22,92.69,2,0,1,0,0
TXN-00005671,22.58,16,restaurant,71,1929,1,21.77,35.09,80.69,0,0,1,0,0
TXN-00005672,60.67,10,jewelry,31,816,4,48.03,41.06,98.76,0,1,1,0,0
TXN-00005673,41.67,7,electronics,62,747,2,32.28,11.06,81.27,0,0,0,0,0
TXN-00005674,29.4,10,pharmacy,62,662,5,38.78,2.91,91.48,0,0,1,0,0
TXN-00005675,28.66,7,electronics,32,495,2,31.25,1.62,81.89,0,0,0,0,0
TXN-00005676,23.72,6,grocery,18,1523,0,17.08,19.13,80.26,0,0,0,0,0
TXN-00005677,7.18,3,grocery,32,599,3,37.05,12.48,68.59,0,0,0,0,0
TXN-00005678,60.46,13,jewelry,33,1115,0,40.22,9.85,80.49,1,0,1,0,0
TXN-00005679,51.58,5,restaurant,61,464,5,14.62,5.11,80.28,1,0,1,0,0
TXN-00005680,98.71,3,gaming,48,2216,1,43.43,22.28,75.37,2,1,1,1,0
TXN-00005681,23.15,6,cash_withdrawal,42,1541,1,41.97,8.63,70.49,0,0,1,0,0
TXN-00005682,295.94,19,online_shopping,45,1489,2,19.31,32.38,81.79,0,0,0,0,1
TXN-00005683,27.15,13,grocery,73,1020,4,35.6,8.05,82.9,1,0,0,0,0
TXN-00005684,16.14,11,fuel,72,878,1,20.09,16.64,52.0,1,0,0,0,0
TXN-00005685,14.25,14,electronics,19,689,2,43.88,0.59,97.93,0,0,1,0,0
TXN-00005686,6.55,13,gaming,66,1912,0,16.83,11.34,83.72,0,0,0,0,0
TXN-00005687,202.2,11,grocery,38,380,2,70.82,6.47,63.9,0,0,1,0,0
TXN-00005688,170.65,20,restaurant,61,1286,0,68.43,28.03,73.43,2,0,0,0,0
TXN-00005689,76.0,17,online_shopping,75,614,1,50.97,18.88,64.92,0,0,1,0,0
TXN-00005690,15.79,4,online_shopping,47,462,1,106.38,14.8,82.03,1,0,0,0,0
TXN-00005691,270.92,19,restaurant,54,775,2,75.82,10.61,95.6,0,0,1,0,0
TXN-00005692,27.96,4,restaurant,42,782,5,55.1,15.18,97.39,0,0,1,0,0
TXN-00005693,30.49,1,grocery,22,1146,3,82.76,9.12,71.62,1,0,1,0,0
TXN-00005694,182.93,10,fuel,20,1622,4,27.64,58.23,94.05,1,0,0,0,0
TXN-00005695,80.79,9,restaurant,38,863,3,20.92,6.79,81.09,0,0,1,0,0
TXN-00005696,407.96,18,online_shopping,65,316,0,56.67,5.5,75.55,0,0,0,1,1
TXN-00005697,52.52,16,gaming,37,589,2,27.91,20.78,97.39,0,0,1,0,0
TXN-00005698,26.66,1,fuel,42,856,5,54.55,15.76,41.16,1,0,0,0,0
TXN-00005699,21.28,11,fuel,48,732,2,18.16,30.36,76.4,0,0,0,0,0
TXN-00005700,5.82,19,electronics,36,1287,4,19.53,44.74,99.17,0,0,0,0,0
TXN-00005701,30.19,17,online_shopping,46,1122,7,11.61,19.68,53.53,1,0,1,1,1
TXN-00005702,134.53,12,fuel,53,1402,0,14.54,20.96,94.21,0,0,1,0,1
TXN-00005703,75.85,14,fuel,67,228,6,37.46,17.56,98.24,1,0,1,0,1
TXN-00005704,41.32,13,online_shopping,61,1553,1,11.99,29.59,99.23,0,0,0,0,0
TXN-00005705,14.23,5,travel,65,334,4,15.75,1.5,83.43,0,0,0,0,0
TXN-00005706,51.33,13,fuel,48,1236,1,17.8,38.81,65.25,0,0,1,0,0
TXN-00005707,117.15,16,restaurant,58,1752,1,22.99,8.64,89.45,2,0,1,0,0
TXN-00005708,63.58,1,grocery,26,280,4,31.73,3.56,82.84,0,1,0,0,0
TXN-00005709,48.19,16,electronics,26,208,4,107.14,7.47,77.71,0,1,0,0,1
TXN-00005710,17.52,5,online_shopping,71,883,2,50.22,3.87,89.69,1,0,0,0,0
TXN-00005711,100.54,0,grocery,53,735,1,20.43,9.99,87.59,1,0,1,0,0
TXN-00005712,5.0,18,pharmacy,24,433,3,30.4,16.09,59.18,0,0,0,0,0
TXN-00005713,60.46,9,restaurant,41,209,2,21.12,19.76,93.05,0,0,0,0,0
TXN-00005714,601.15,9,grocery,74,1569,1,53.26,4.04,62.83,1,0,1,0,0
TXN-00005715,8.3,14,restaurant,19,448,0,43.19,27.34,71.91,0,1,1,0,0
TXN-00005716,31.39,13,online_shopping,43,3087,2,21.06,2.74,93.54,0,0,1,0,0
TXN-00005717,40.11,14,cash_withdrawal,66,471,1,38.49,1.77,91.43,2,0,0,0,0
TXN-00005718,24.89,22,restaurant,72,493,3,40.25,8.95,57.39,0,0,1,0,0
TXN-00005719,120.08,15,restaurant,39,150,0,31.04,28.36,97.33,0,0,1,0,0
TXN-00005720,66.43,1,electronics,71,448,2,38.65,5.37,86.67,0,0,1,0,0
TXN-00005721,47.46,5,grocery,59,545,1,43.62,18.1,97.19,0,0,0,1,0
TXN-00005722,93.42,10,restaurant,41,902,2,119.65,12.85,89.74,0,0,1,0,0
TXN-00005723,41.16,11,electronics,63,1237,1,65.29,8.64,90.65,0,0,0,0,0
TXN-00005724,1140.08,8,restaurant,64,665,4,16.04,2.07,80.33,0,0,0,0,0
TXN-00005725,47.41,4,restaurant,33,1229,2,35.28,7.92,71.12,1,0,0,0,0
TXN-00005726,49.65,2,travel,23,2056,0,119.51,24.37,69.8,1,1,1,1,0
TXN-00005727,6.71,3,gaming,63,795,4,37.98,4.73,96.65,1,0,1,0,1
TXN-00005728,22.86,22,grocery,22,687,4,99.39,0.34,78.21,0,1,1,0,0
TXN-00005729,134.93,9,travel,63,493,1,164.74,7.74,86.87,0,0,0,0,0
TXN-00005730,9.95,23,online_shopping,38,914,3,16.38,4.49,79.96,0,0,0,0,0
TXN-00005731,5.0,8,grocery,58,1898,2,28.64,20.03,45.03,0,1,0,1,1
TXN-00005732,41.84,7,online_shopping,53,890,2,31.42,17.89,56.38,2,1,1,0,0
TXN-00005733,170.59,11,travel,20,1254,4,12.84,1.28,92.58,0,0,1,0,0
TXN-00005734,42.29,22,grocery,18,918,4,73.99,7.89,85.28,1,0,1,0,0
TXN-00005735,28.42,13,online_shopping,54,877,1,37.48,45.32,86.54,0,0,0,0,0
TXN-00005736,5.75,0,cash_withdrawal,47,2814,1,10.24,63.18,79.5,1,0,0,0,0
TXN-00005737,65.03,6,pharmacy,20,1108,5,36.97,6.19,93.97,2,0,1,0,0
TXN-00005738,80.99,23,restaurant,74,1465,3,17.96,6.42,88.27,1,0,1,0,0
TXN-00005739,6.23,3,online_shopping,31,1192,1,29.52,25.69,78.38,0,1,1,0,0
TXN-00005740,133.12,20,online_shopping,67,902,2,10.0,13.09,84.77,0,0,0,0,1
TXN-00005741,90.38,22,cash_withdrawal,24,200,3,26.57,16.8,57.12,0,1,0,0,1
TXN-00005742,132.81,5,cash_withdrawal,31,652,1,51.8,0.78,56.27,1,0,0,0,0
TXN-00005743,74.64,13,grocery,48,1875,4,22.79,49.58,65.77,0,0,0,0,0
TXN-00005744,80.35,14,electronics,48,301,1,10.0,11.65,78.65,1,0,1,0,0
TXN-00005745,69.88,19,fuel,53,601,3,28.86,13.39,90.23,0,0,1,0,0
TXN-00005746,100.67,19,pharmacy,27,608,3,26.28,30.94,95.74,2,0,1,0,0
TXN-00005747,5.99,1,grocery,33,1517,1,83.06,11.77,89.76,0,0,1,0,0
TXN-00005748,8.36,7,travel,33,1919,0,39.93,11.07,73.35,0,0,1,0,0
TXN-00005749,18.68,22,fuel,43,396,3,25.79,8.99,53.55,0,0,1,0,0
TXN-00005750,35.29,8,pharmacy,71,831,2,13.72,1.18,59.18,0,0,1,0,0
TXN-00005751,60.8,5,electronics,44,1493,2,29.1,5.9,81.22,0,0,1,0,0
TXN-00005752,56.88,15,pharmacy,75,628,0,105.52,29.12,55.78,0,0,0,0,0
TXN-00005753,130.71,4,online_shopping,32,1245,4,38.36,21.37,90.16,0,0,1,0,1
TXN-00005754,135.09,3,restaurant,32,808,1,45.94,1.13,69.67,0,0,0,0,0
TXN-00005755,16.18,19,electronics,23,2454,1,10.0,21.89,83.55,1,0,0,0,0
TXN-00005756,51.96,2,online_shopping,30,660,2,54.38,6.7,88.25,2,0,1,0,0
TXN-00005757,16.61,21,gaming,36,1355,0,31.85,14.41,91.05,1,0,0,0,0
TXN-00005758,33.19,5,pharmacy,40,720,2,30.42,10.79,59.64,0,1,0,0,0
TXN-00005759,56.71,2,travel,59,997,3,33.53,13.65,37.68,0,0,1,0,0
TXN-00005760,5.0,17,pharmacy,43,424,0,34.15,2.26,84.56,0,0,1,0,0
TXN-00005761,508.67,4,electronics,57,1251,4,25.33,34.77,50.66,1,1,1,0,1
TXN-00005762,73.31,8,restaurant,23,1638,3,21.72,3.21,90.34,0,0,1,0,0
TXN-00005763,21.64,8,online_shopping,72,379,4,12.04,36.74,94.47,1,0,0,0,0
TXN-00005764,306.05,12,travel,26,581,1,23.57,5.57,95.93,1,0,1,0,0
TXN-00005765,28.08,11,fuel,19,1551,1,61.73,18.15,67.48,1,1,1,0,0
TXN-00005766,46.49,4,grocery,42,752,3,20.84,1.47,90.74,0,1,1,0,0
TXN-00005767,24.25,5,electronics,55,862,4,50.28,6.68,92.21,1,0,0,0,0
TXN-00005768,229.2,4,restaurant,31,468,5,14.94,14.95,87.48,2,0,1,0,0
TXN-00005769,36.23,1,cash_withdrawal,27,1657,0,12.42,11.37,65.56,1,1,1,0,1
TXN-00005770,47.32,15,online_shopping,67,424,4,22.67,5.22,91.42,0,0,0,0,0
TXN-00005771,143.16,11,restaurant,65,861,2,54.67,7.01,73.99,0,0,0,0,0
TXN-00005772,74.77,2,online_shopping,61,653,5,11.53,19.3,85.7,0,0,1,1,1
TXN-00005773,38.2,7,gaming,30,1381,4,94.96,7.53,63.96,1,1,0,0,0
TXN-00005774,129.79,16,travel,49,2841,0,120.23,15.03,84.77,0,1,1,0,0
TXN-00005775,581.38,6,restaurant,57,321,3,47.46,3.31,67.69,1,0,1,0,0
TXN-00005776,56.45,9,grocery,43,628,1,21.14,34.65,83.29,0,0,1,0,0
TXN-00005777,45.72,17,jewelry,28,743,2,22.01,129.34,78.86,0,0,1,0,0
TXN-00005778,48.38,16,online_shopping,66,413,4,19.15,7.17,87.23,1,0,1,1,1
TXN-00005779,160.12,16,fuel,72,913,2,19.14,21.29,65.05,0,0,1,0,0
TXN-00005780,21.56,9,cash_withdrawal,27,1446,3,26.0,24.46,78.27,1,0,0,0,0
TXN-00005781,30.2,11,restaurant,58,1051,2,10.0,21.89,67.68,0,0,0,0,0
TXN-00005782,8.05,20,restaurant,69,1269,1,37.6,25.2,81.72,1,0,0,0,0
TXN-00005783,11.67,20,cash_withdrawal,49,604,2,14.36,3.28,85.27,0,0,1,0,0
TXN-00005784,23.48,1,cash_withdrawal,20,1277,8,17.13,2.58,63.52,0,0,1,0,1
TXN-00005785,38.14,20,grocery,58,1032,4,18.27,2.93,89.92,0,0,1,0,0
TXN-00005786,259.18,21,online_shopping,71,455,0,37.91,48.59,85.12,0,0,1,0,0
TXN-00005787,71.01,22,fuel,33,941,7,61.47,2.43,61.84,1,0,1,0,0
TXN-00005788,15.52,6,restaurant,26,654,3,15.48,34.53,86.88,1,0,1,0,0
TXN-00005789,18.83,12,restaurant,32,3543,2,65.53,39.08,89.68,0,0,0,0,0
TXN-00005790,171.31,1,electronics,65,1496,1,14.43,21.67,52.8,0,0,1,0,0
TXN-00005791,132.02,2,pharmacy,50,1000,3,18.66,37.2,87.3,1,0,1,1,0
TXN-00005792,41.66,13,grocery,19,1800,6,53.67,2.55,83.0,0,0,0,0,0
TXN-00005793,25.42,4,grocery,52,1293,3,10.17,14.5,81.86,0,0,1,0,0
TXN-00005794,131.79,5,electronics,65,460,2,20.93,2.93,87.18,0,0,0,0,0
TXN-00005795,14.25,7,cash_withdrawal,28,2078,1,16.39,30.71,91.5,0,0,0,0,0
TXN-00005796,61.05,11,grocery,51,394,3,22.25,10.64,69.87,0,1,0,0,0
TXN-00005797,439.79,3,electronics,31,1944,5,19.18,16.78,86.29,1,0,0,0,0
TXN-00005798,50.18,19,travel,19,1046,0,10.0,6.73,80.69,1,0,0,0,0
TXN-00005799,17.91,16,fuel,41,912,1,44.47,2.84,95.08,1,0,1,0,0
TXN-00005800,62.23,18,travel,62,595,1,37.53,5.51,68.43,0,0,1,1,0
TXN-00005801,24.69,22,restaurant,56,1076,0,53.61,10.78,81.11,1,0,0,0,0
TXN-00005802,9.36,14,grocery,23,1252,6,22.98,13.24,97.4,0,0,1,1,0
TXN-00005803,84.44,8,grocery,28,1198,4,28.19,1.96,88.88,1,0,1,0,0
TXN-00005804,130.81,23,electronics,49,1039,2,53.53,23.95,94.69,0,0,1,0,1
TXN-00005805,29.18,13,grocery,36,845,2,34.66,20.74,84.72,3,0,1,0,0
TXN-00005806,27.22,11,fuel,37,1332,2,53.99,2.46,88.25,0,0,1,0,0
TXN-00005807,14.74,9,travel,43,742,7,51.51,2.25,95.72,3,0,1,0,0
TXN-00005808,34.56,0,electronics,62,890,2,30.85,7.34,91.41,0,0,0,0,0
TXN-00005809,22.41,22,grocery,51,1153,4,31.88,28.36,64.63,0,0,0,1,0
TXN-00005810,13.99,19,travel,67,935,2,28.67,37.0,61.47,0,0,0,0,0
TXN-00005811,294.94,16,fuel,23,398,2,31.9,23.88,89.13,1,0,1,1,1
TXN-00005812,66.01,5,restaurant,44,1045,4,21.0,1.69,85.03,0,1,1,0,0
TXN-00005813,73.77,22,grocery,49,1048,2,37.39,22.25,86.47,0,0,1,0,0
TXN-00005814,102.27,4,online_shopping,61,1000,5,33.77,1.74,95.34,1,0,0,0,0
TXN-00005815,90.88,5,pharmacy,47,852,3,20.25,6.67,73.55,1,0,1,0,0
TXN-00005816,26.21,1,restaurant,71,776,4,38.53,17.37,89.28,1,1,0,0,1
TXN-00005817,53.85,6,cash_withdrawal,66,947,1,66.78,6.45,20.63,0,0,1,0,0
TXN-00005818,30.49,7,jewelry,57,601,1,30.13,1.85,80.92,0,0,1,0,0
TXN-00005819,64.1,19,travel,41,1864,2,31.34,4.5,97.59,0,1,0,1,0
TXN-00005820,57.9,7,electronics,36,1167,2,33.78,43.58,66.3,0,0,0,0,0
TXN-00005821,27.06,22,fuel,48,1101,3,10.0,5.23,80.64,1,0,1,0,0
TXN-00005822,10.02,7,pharmacy,44,217,3,23.65,4.6,87.18,1,0,1,0,0
TXN-00005823,47.16,12,online_shopping,19,1621,2,134.95,14.27,84.98,0,0,1,0,0
TXN-00005824,32.64,14,cash_withdrawal,31,556,0,30.81,25.29,72.42,1,0,1,0,0
TXN-00005825,5.56,19,online_shopping,66,709,0,16.72,2.6,77.69,0,0,1,0,0
TXN-00005826,68.93,18,grocery,44,676,1,29.23,15.74,77.44,0,0,0,0,0
TXN-00005827,111.45,20,restaurant,73,1129,1,20.77,29.99,72.34,0,0,0,0,0
TXN-00005828,575.23,22,cash_withdrawal,32,544,3,33.45,6.59,66.35,3,0,1,0,1
TXN-00005829,26.82,2,travel,74,1390,2,33.75,15.61,86.45,0,0,1,1,0
TXN-00005830,22.97,2,restaurant,64,1112,3,28.77,12.4,76.68,0,0,0,0,0
TXN-00005831,12.62,10,fuel,38,653,6,53.5,61.68,73.25,0,1,0,0,0
TXN-00005832,50.35,3,grocery,53,427,2,13.64,1.76,78.54,0,0,1,1,0
TXN-00005833,50.02,11,gaming,75,1096,3,37.14,8.94,69.21,0,1,0,0,0
TXN-00005834,17.26,14,travel,54,336,1,59.07,13.83,78.45,1,0,0,0,0
TXN-00005835,33.66,6,gaming,72,622,3,25.03,20.87,51.64,0,0,1,0,0
TXN-00005836,5.07,2,grocery,24,877,1,50.8,1.0,87.03,2,0,1,0,0
TXN-00005837,106.99,23,travel,27,843,2,25.82,7.09,83.73,0,0,1,0,0
TXN-00005838,18.01,8,grocery,18,664,3,14.74,2.78,86.21,1,1,0,0,1
TXN-00005839,39.0,20,restaurant,36,1347,4,10.0,44.53,75.69,0,0,1,0,0
TXN-00005840,9.04,14,online_shopping,63,577,3,20.88,7.73,92.6,0,0,0,0,0
TXN-00005841,21.94,15,travel,73,659,3,24.41,11.85,82.82,1,0,0,0,0
TXN-00005842,30.16,18,gaming,49,990,1,124.64,37.97,73.32,1,0,1,0,0
TXN-00005843,39.97,6,restaurant,42,991,3,30.87,26.63,79.57,2,0,1,0,0
TXN-00005844,66.93,5,cash_withdrawal,72,470,1,20.77,20.27,45.52,0,0,0,0,0
TXN-00005845,183.28,23,fuel,52,965,0,42.31,51.62,45.67,1,0,0,0,0
TXN-00005846,87.3,16,grocery,49,701,2,23.26,25.53,89.26,0,0,1,0,0
TXN-00005847,111.08,7,restaurant,22,677,2,58.65,21.01,66.12,0,0,0,0,0
TXN-00005848,184.64,15,travel,30,1080,4,81.65,6.96,94.48,0,0,1,0,0
TXN-00005849,73.57,9,grocery,58,539,1,33.28,19.02,83.88,1,0,1,0,0
TXN-00005850,38.92,20,fuel,58,817,0,10.0,10.38,64.94,0,0,0,0,0
TXN-00005851,116.7,12,pharmacy,46,902,2,28.07,3.84,83.48,0,1,0,0,1
TXN-00005852,124.79,7,fuel,58,1088,2,26.98,9.57,91.88,1,0,0,0,0
TXN-00005853,79.92,16,fuel,58,637,2,86.81,4.83,80.97,0,0,1,0,0
TXN-00005854,8.78,18,fuel,21,1205,4,40.06,26.55,74.14,0,0,1,0,0
TXN-00005855,16.72,8,grocery,66,1372,1,23.24,19.47,99.47,0,0,0,0,0
TXN-00005856,30.31,18,travel,58,1357,4,74.35,44.39,98.96,1,0,1,0,0
TXN-00005857,91.71,5,electronics,30,454,3,27.75,27.69,95.73,1,0,1,0,0
TXN-00005858,39.55,5,electronics,30,1338,4,27.58,4.85,62.46,1,1,1,0,0
TXN-00005859,133.45,19,grocery,73,1367,2,21.64,5.27,85.65,1,0,1,0,0
TXN-00005860,160.93,14,grocery,32,2055,2,63.69,3.12,70.73,1,0,0,0,0
TXN-00005861,142.47,0,grocery,19,488,1,21.13,1.76,94.5,1,0,1,0,1
TXN-00005862,143.43,16,gaming,19,1751,1,45.71,66.97,82.62,1,1,1,0,0
TXN-00005863,13.61,7,pharmacy,31,331,1,38.88,4.17,75.48,0,0,1,1,0
TXN-00005864,67.14,6,pharmacy,54,1391,1,31.33,2.1,89.22,1,0,0,0,0
TXN-00005865,21.37,10,pharmacy,44,1527,0,54.22,19.32,81.36,0,0,1,0,0
TXN-00005866,7.16,10,travel,60,1361,2,81.61,5.21,88.84,0,0,1,0,0
TXN-00005867,29.91,21,travel,31,391,4,13.46,32.38,85.23,1,1,1,0,0
TXN-00005868,162.55,10,grocery,31,1695,0,26.95,2.21,79.99,0,0,0,0,0
TXN-00005869,65.61,7,cash_withdrawal,41,2712,1,25.58,14.79,75.94,0,1,0,0,0
TXN-00005870,336.53,18,fuel,63,525,2,32.11,9.76,88.42,0,1,1,0,0
TXN-00005871,48.72,13,restaurant,47,789,2,20.56,5.6,67.69,0,0,0,0,0
TXN-00005872,528.58,0,online_shopping,62,629,0,15.36,13.69,89.49,1,0,0,0,0
TXN-00005873,48.73,15,online_shopping,23,1250,0,27.93,27.82,78.0,0,0,1,0,0
TXN-00005874,41.41,12,travel,41,729,2,58.04,3.18,91.22,0,0,1,0,0
TXN-00005875,10.56,13,restaurant,43,1287,2,26.27,34.01,64.09,0,1,0,0,0
TXN-00005876,129.81,4,grocery,21,851,3,39.26,0.92,83.91,1,0,1,0,1
TXN-00005877,23.87,11,fuel,36,995,2,81.06,16.08,78.99,0,0,0,0,0
TXN-00005878,20.5,15,pharmacy,34,924,2,33.38,22.78,77.44,0,1,0,0,0
TXN-00005879,155.29,16,grocery,44,337,3,57.04,0.1,58.59,2,0,0,0,0
TXN-00005880,136.47,16,online_shopping,27,969,3,60.59,6.15,86.79,0,0,1,0,0
TXN-00005881,132.77,23,fuel,33,398,2,67.15,6.52,70.67,0,0,0,0,0
TXN-00005882,27.65,12,travel,73,435,0,115.94,0.67,91.34,1,0,0,0,0
TXN-00005883,38.34,10,electronics,26,1712,3,27.58,15.85,78.49,0,0,0,1,0
TXN-00005884,37.98,13,travel,65,1237,5,54.25,3.86,92.88,0,0,1,0,0
TXN-00005885,91.99,7,grocery,49,1187,1,34.51,17.14,91.35,1,0,1,0,0
TXN-00005886,206.69,7,pharmacy,22,977,2,41.43,15.67,86.28,0,0,0,0,0
TXN-00005887,59.53,16,electronics,41,2464,3,39.15,3.31,50.76,1,0,1,0,0
TXN-00005888,321.71,7,fuel,47,965,2,65.11,14.33,68.5,0,0,0,0,0
TXN-00005889,103.76,17,online_shopping,34,881,4,21.55,77.75,84.84,0,0,0,0,0
TXN-00005890,31.61,17,electronics,33,865,3,38.68,22.0,83.92,0,0,1,0,0
TXN-00005891,96.56,22,online_shopping,59,1573,2,13.12,3.9,95.17,1,0,1,0,0
TXN-00005892,242.56,3,travel,19,941,5,17.84,42.56,76.04,0,0,0,0,0
TXN-00005893,329.71,8,cash_withdrawal,71,1081,3,20.59,4.56,49.69,0,0,0,1,0
TXN-00005894,140.64,18,gaming,36,1633,2,44.03,4.01,78.11,1,0,0,0,0
TXN-00005895,41.55,10,fuel,40,1201,2,39.35,22.01,85.54,0,0,1,0,0
TXN-00005896,32.22,15,online_shopping,25,1437,1,74.45,6.95,65.88,1,0,0,0,0
TXN-00005897,74.06,17,restaurant,69,626,3,56.92,18.51,62.41,0,0,1,0,0
TXN-00005898,234.55,21,online_shopping,30,491,2,29.67,16.41,89.85,0,0,0,0,0
TXN-00005899,63.78,5,gaming,64,1887,1,212.25,0.98,54.48,0,0,0,0,0
TXN-00005900,65.19,6,travel,36,1412,2,33.88,4.61,89.26,0,0,0,0,0
TXN-00005901,42.69,11,grocery,19,1265,1,12.07,33.06,71.79,0,0,0,0,0
TXN-00005902,28.67,12,online_shopping,41,1118,5,13.16,13.85,89.17,0,0,1,0,0
TXN-00005903,34.12,21,online_shopping,48,933,1,47.15,4.04,92.38,0,0,0,0,0
TXN-00005904,46.63,0,fuel,45,639,2,10.85,22.88,85.54,1,0,0,0,1
TXN-00005905,245.67,5,restaurant,75,628,4,33.73,50.21,70.22,0,1,0,0,0
TXN-00005906,31.45,21,cash_withdrawal,48,486,4,24.1,1.57,72.7,0,0,0,0,0
TXN-00005907,42.74,14,online_shopping,63,402,2,103.59,2.26,93.51,1,0,0,0,0
TXN-00005908,16.3,16,restaurant,39,571,3,14.03,4.96,59.85,0,0,1,1,0
TXN-00005909,85.84,5,fuel,26,767,3,57.22,0.95,96.65,1,1,0,0,0
TXN-00005910,169.87,14,grocery,46,1879,5,23.89,25.99,85.64,0,0,1,1,1
TXN-00005911,222.68,8,electronics,50,392,2,22.52,1.44,89.89,0,0,1,1,0
TXN-00005912,50.08,17,fuel,42,996,1,80.67,4.61,81.27,0,0,1,0,0
TXN-00005913,73.93,2,fuel,62,1971,2,21.43,19.98,83.65,1,0,1,0,1
TXN-00005914,34.42,6,online_shopping,73,1567,3,16.7,7.23,38.84,1,0,1,0,0
TXN-00005915,70.42,15,fuel,22,944,3,22.08,32.12,97.63,0,0,1,0,0
TXN-00005916,56.24,14,travel,21,650,1,15.55,3.92,33.6,1,0,0,0,1
TXN-00005917,43.0,20,fuel,33,285,1,11.08,27.01,97.44,0,0,0,0,0
TXN-00005918,46.74,19,restaurant,51,1011,4,18.04,7.84,84.88,1,0,0,0,0
TXN-00005919,65.01,0,cash_withdrawal,20,1321,3,10.51,40.02,84.36,1,0,1,0,0
TXN-00005920,29.7,2,grocery,29,659,1,17.09,40.83,49.16,3,0,0,0,1
TXN-00005921,31.36,8,grocery,41,1622,2,16.81,19.06,87.49,0,0,0,0,0
TXN-00005922,242.92,23,online_shopping,39,887,2,35.22,20.63,95.84,0,0,0,0,0
TXN-00005923,696.5,11,travel,67,1096,1,12.93,7.74,94.21,2,0,1,0,0
TXN-00005924,11.42,21,pharmacy,49,945,4,44.09,4.83,90.84,2,0,1,0,0
TXN-00005925,10.78,1,grocery,68,1611,1,10.0,32.09,77.64,0,0,1,0,0
TXN-00005926,14.81,23,electronics,62,1636,3,16.38,5.8,73.16,1,1,1,0,0
TXN-00005927,36.29,1,cash_withdrawal,42,1224,3,26.05,9.58,75.21,0,0,1,0,0
TXN-00005928,103.6,19,travel,74,809,1,23.04,27.59,86.91,2,1,1,0,0
TXN-00005929,75.25,21,travel,66,926,2,31.06,29.71,74.06,0,1,0,0,0
TXN-00005930,48.45,7,fuel,46,2520,3,12.49,63.53,70.65,1,0,0,0,0
TXN-00005931,70.48,7,electronics,67,2029,3,103.03,12.03,48.75,0,1,1,0,0
TXN-00005932,19.56,13,pharmacy,32,970,1,85.87,34.31,71.5,0,0,1,1,0
TXN-00005933,31.3,17,fuel,30,503,1,10.0,3.87,69.84,0,0,1,0,0
TXN-00005934,39.6,2,online_shopping,63,1479,3,44.33,3.51,59.43,1,0,1,0,0
TXN-00005935,7.66,5,travel,63,732,3,23.81,7.27,89.88,1,0,1,0,0
TXN-00005936,11.95,18,restaurant,30,1834,2,27.63,12.77,69.57,1,0,0,1,1
TXN-00005937,12.46,19,electronics,61,655,2,28.0,2.02,67.1,2,0,1,0,0
TXN-00005938,90.23,3,grocery,47,737,1,17.81,30.36,82.7,0,0,0,0,0
TXN-00005939,52.33,21,grocery,50,473,6,27.73,3.08,97.14,0,0,0,0,0
TXN-00005940,76.83,20,pharmacy,67,2214,3,80.61,12.91,88.48,2,0,1,0,0
TXN-00005941,5.86,20,gaming,27,558,1,97.69,21.64,79.67,0,0,0,0,0
TXN-00005942,8.52,5,gaming,41,1420,1,27.67,0.01,92.57,0,1,0,0,0
TXN-00005943,81.16,16,online_shopping,34,860,3,10.39,24.91,86.2,0,0,1,0,0
TXN-00005944,5.0,3,restaurant,50,743,0,25.28,3.05,93.24,1,0,0,1,0
TXN-00005945,146.33,4,pharmacy,27,720,4,24.41,0.51,39.66,0,0,1,0,1
TXN-00005946,5.96,1,restaurant,24,1815,1,75.97,15.84,78.26,2,1,0,0,0
TXN-00005947,98.05,11,pharmacy,58,3235,2,13.62,2.01,92.78,0,0,0,0,0
TXN-00005948,15.91,17,travel,21,1716,2,10.0,11.37,86.92,0,0,1,0,0
TXN-00005949,121.67,4,gaming,42,329,1,18.82,30.44,83.83,0,0,1,0,0
TXN-00005950,1174.47,4,online_shopping,75,1424,1,45.63,3.55,90.85,0,0,1,1,1
TXN-00005951,5.0,6,grocery,75,863,2,16.14,4.94,89.95,0,0,1,0,0
TXN-00005952,83.94,4,grocery,28,891,1,25.22,12.9,67.32,0,0,1,0,1
TXN-00005953,6.06,19,grocery,71,563,2,48.15,7.5,88.02,0,1,0,0,0
TXN-00005954,63.31,4,pharmacy,37,1052,4,10.88,2.4,58.81,1,1,0,0,1
TXN-00005955,32.55,6,fuel,29,950,1,27.62,20.49,63.02,0,1,0,0,0
TXN-00005956,46.35,7,grocery,47,1226,0,34.59,17.1,69.8,0,0,0,0,0
TXN-00005957,15.53,4,restaurant,46,842,4,44.95,11.56,56.31,1,1,0,0,0
TXN-00005958,91.8,22,online_shopping,39,1498,3,22.58,19.76,65.16,0,0,1,0,0
TXN-00005959,8.84,5,grocery,42,986,2,80.44,20.62,51.45,0,1,1,0,0
TXN-00005960,148.97,11,online_shopping,23,997,1,21.48,30.45,95.24,0,0,0,0,0
TXN-00005961,26.32,13,pharmacy,33,940,1,50.0,19.43,84.69,0,0,1,1,0
TXN-00005962,9.27,6,online_shopping,29,1421,4,61.37,25.23,56.26,1,0,0,0,0
TXN-00005963,215.87,11,online_shopping,72,769,3,10.0,12.98,65.83,1,0,0,0,1
TXN-00005964,37.69,4,pharmacy,46,1228,0,80.51,2.72,57.36,2,0,1,0,0
TXN-00005965,299.77,11,fuel,49,1012,1,14.58,57.76,73.17,1,0,0,0,0
TXN-00005966,145.83,0,cash_withdrawal,43,1830,3,22.25,3.54,63.63,1,1,1,0,1
TXN-00005967,17.5,10,online_shopping,69,795,4,60.15,11.1,85.55,0,0,0,0,0
TXN-00005968,36.99,8,fuel,64,1513,2,22.28,33.96,85.13,1,1,1,0,0
TXN-00005969,45.93,8,fuel,57,1119,3,27.98,51.59,75.82,1,0,1,1,0
TXN-00005970,200.86,2,online_shopping,36,1760,0,53.96,1.07,73.25,0,0,1,0,0
TXN-00005971,64.03,23,fuel,35,995,0,33.01,9.18,82.31,0,0,0,0,0
TXN-00005972,48.67,0,grocery,72,755,5,15.38,23.23,70.47,0,0,0,0,0
TXN-00005973,32.79,3,gaming,71,751,4,64.22,26.24,97.05,0,0,1,1,1
TXN-00005974,38.36,2,pharmacy,34,1064,8,37.02,32.33,61.1,0,0,1,0,0
TXN-00005975,159.15,23,cash_withdrawal,37,953,3,10.71,5.23,57.87,3,0,1,0,0
TXN-00005976,40.6,7,online_shopping,37,780,3,27.39,10.18,84.76,0,1,1,0,0
TXN-00005977,26.72,10,online_shopping,63,1076,1,36.82,11.96,84.75,2,0,1,0,0
TXN-00005978,22.36,18,restaurant,73,201,6,22.8,14.64,94.03,0,1,0,0,1
TXN-00005979,22.61,1,jewelry,69,868,2,10.25,3.79,81.55,0,0,1,0,0
TXN-00005980,9.28,1,restaurant,66,969,4,12.03,9.19,94.37,2,0,1,0,0
TXN-00005981,18.4,4,fuel,38,371,1,19.14,5.21,87.03,1,0,1,0,0
TXN-00005982,195.07,16,grocery,36,539,2,37.37,2.39,76.34,1,0,0,0,0
TXN-00005983,32.56,23,travel,69,558,5,62.96,21.23,92.25,1,1,1,0,0
TXN-00005984,84.74,14,fuel,40,926,2,11.86,11.68,93.89,0,0,1,0,0
TXN-00005985,5.0,20,online_shopping,30,835,9,20.23,44.54,80.82,0,0,1,0,0
TXN-00005986,73.46,21,travel,66,841,2,10.0,16.68,90.99,1,0,0,1,1
TXN-00005987,34.14,6,cash_withdrawal,45,375,3,28.85,28.95,35.05,1,0,1,0,0
TXN-00005988,24.4,4,online_shopping,22,1582,4,78.71,12.5,84.1,1,0,1,0,0
TXN-00005989,48.91,3,electronics,69,1790,4,57.38,9.71,36.75,3,0,1,0,0
TXN-00005990,24.03,19,grocery,35,436,0,24.71,1.04,94.84,0,1,0,0,0
TXN-00005991,5.0,16,online_shopping,35,812,0,23.72,10.92,92.33,0,0,0,0,0
TXN-00005992,106.52,20,online_shopping,48,832,4,23.28,4.83,88.36,0,0,0,0,0
TXN-00005993,52.2,12,restaurant,33,1164,6,24.24,40.48,94.93,0,0,0,0,0
TXN-00005994,29.09,23,restaurant,66,750,3,29.91,20.27,72.1,1,1,0,0,1
TXN-00005995,14.67,21,online_shopping,58,1506,2,23.23,9.7,90.69,1,0,1,0,0
TXN-00005996,8.64,19,restaurant,50,517,4,29.27,0.94,76.58,1,0,0,0,0
TXN-00005997,51.17,19,grocery,29,1325,2,14.13,13.37,67.86,0,0,1,0,1
TXN-00005998,220.11,2,online_shopping,46,1146,0,39.34,2.85,88.51,1,0,0,0,0
TXN-00005999,50.07,17,pharmacy,33,466,1,44.0,0.95,72.97,0,0,0,0,0
TXN-00006000,9.47,22,pharmacy,73,793,1,147.87,51.63,74.5,1,0,1,0,0
TXN-00006001,51.23,7,restaurant,63,496,7,40.63,4.89,78.58,2,1,1,0,0
TXN-00006002,38.24,19,gaming,24,2288,1,26.66,5.49,83.22,2,0,1,0,0
TXN-00006003,100.21,8,restaurant,48,873,0,83.7,2.68,69.49,0,0,1,0,0
TXN-00006004,76.48,5,fuel,63,738,3,73.52,8.84,69.87,0,1,1,0,0
TXN-00006005,5.0,17,online_shopping,48,337,3,18.55,15.53,44.83,1,0,1,0,0
TXN-00006006,71.7,3,fuel,25,1113,4,91.54,65.86,73.54,1,0,1,0,0
TXN-00006007,14.1,11,grocery,26,784,2,36.91,32.08,70.38,2,0,1,0,0
TXN-00006008,9.09,22,travel,60,1317,2,11.93,32.51,93.68,0,0,1,0,0
TXN-00006009,33.19,3,online_shopping,48,1944,3,18.54,6.4,76.68,0,0,1,0,0
TXN-00006010,62.27,3,travel,49,1410,2,19.86,2.72,79.08,0,0,1,0,0
TXN-00006011,7.22,22,restaurant,33,542,3,78.19,29.33,73.66,0,0,0,0,0
TXN-00006012,84.76,18,electronics,33,743,2,33.45,25.36,96.38,0,0,1,0,0
TXN-00006013,90.15,11,online_shopping,41,442,5,31.85,8.99,73.23,1,0,0,0,0
TXN-00006014,42.49,9,grocery,49,649,1,28.73,10.33,80.85,1,0,1,1,0
TXN-00006015,16.26,23,fuel,45,1547,2,108.19,2.78,69.77,1,0,0,0,0
TXN-00006016,14.46,17,restaurant,69,676,3,26.09,1.81,82.12,0,0,0,0,0
TXN-00006017,118.77,21,online_shopping,28,1324,3,22.78,10.88,68.71,0,0,0,0,0
TXN-00006018,8.27,2,cash_withdrawal,45,719,2,64.62,0.26,87.47,0,1,1,0,0
TXN-00006019,123.68,12,electronics,31,1395,0,33.27,51.62,92.85,0,0,0,0,0
TXN-00006020,34.01,17,online_shopping,18,535,5,74.73,20.81,86.71,1,1,1,0,0
TXN-00006021,36.58,0,online_shopping,42,480,3,22.8,20.11,81.28,1,0,1,0,0
TXN-00006022,6.73,12,cash_withdrawal,21,2278,6,33.53,1.61,85.19,1,0,1,0,0
TXN-00006023,34.67,1,restaurant,39,563,4,96.04,9.59,62.6,1,0,0,0,0
TXN-00006024,77.04,21,gaming,54,1566,0,21.62,20.77,89.44,2,0,0,0,0
TXN-00006025,9.94,16,online_shopping,39,1215,3,56.27,6.09,94.4,2,0,0,0,0
TXN-00006026,68.28,4,cash_withdrawal,57,636,2,10.92,6.17,94.05,0,0,0,0,1
TXN-00006027,44.41,12,travel,35,640,1,48.25,30.48,82.67,1,0,0,0,0
TXN-00006028,20.57,2,fuel,41,808,2,19.55,6.72,94.1,1,0,0,0,1
TXN-00006029,99.23,19,fuel,68,1583,3,53.11,3.62,68.76,0,0,1,0,0
TXN-00006030,5.0,4,jewelry,32,735,0,14.38,35.85,85.1,0,0,1,0,0
TXN-00006031,58.21,14,restaurant,47,1320,4,57.97,32.52,94.55,1,0,1,0,0
TXN-00006032,221.5,1,electronics,59,1140,3,28.54,28.05,78.66,0,0,1,0,0
TXN-00006033,183.45,3,electronics,38,1158,5,38.79,2.14,54.13,0,0,0,1,1
TXN-00006034,60.9,23,grocery,35,2317,3,32.13,5.81,81.98,0,0,0,0,0
TXN-00006035,29.47,9,online_shopping,58,1266,2,27.73,6.11,84.38,0,1,0,0,0
TXN-00006036,20.75,2,online_shopping,22,1150,2,19.31,5.3,64.45,0,0,0,0,0
TXN-00006037,29.43,16,online_shopping,33,338,2,15.86,8.1,72.39,0,0,0,0,0
TXN-00006038,71.59,4,electronics,41,1788,4,46.63,31.81,71.7,1,1,0,0,0
TXN-00006039,17.33,14,travel,30,1413,1,14.15,3.31,84.52,0,0,1,0,0
TXN-00006040,89.59,19,online_shopping,49,1128,2,26.73,5.48,95.48,0,0,1,0,0
TXN-00006041,379.87,16,gaming,53,805,4,15.32,17.3,80.45,1,0,1,0,0
TXN-00006042,37.9,5,cash_withdrawal,74,349,4,23.64,7.7,75.71,0,0,0,0,0
TXN-00006043,9.86,5,fuel,52,1251,2,10.0,2.98,79.4,0,0,1,0,0
TXN-00006044,9.86,5,restaurant,52,960,4,63.64,2.13,82.37,1,1,0,1,1
TXN-00006045,91.41,15,travel,60,2229,3,47.16,5.87,80.36,0,1,0,0,0
TXN-00006046,37.99,16,fuel,30,1324,4,28.63,7.3,89.96,2,0,1,0,0
TXN-00006047,101.56,12,restaurant,45,1025,2,33.3,5.46,65.67,0,1,0,0,0
TXN-00006048,23.1,9,pharmacy,66,2576,4,63.59,5.76,68.84,3,0,1,0,0
TXN-00006049,96.75,1,grocery,28,958,4,20.87,11.91,61.64,0,1,1,0,1
TXN-00006050,34.25,20,online_shopping,34,2132,1,69.39,12.16,97.56,1,0,0,0,0
TXN-00006051,18.74,15,online_shopping,30,302,2,18.7,10.88,91.72,0,0,0,0,1
TXN-00006052,26.55,15,online_shopping,73,2835,2,28.87,0.39,69.02,0,0,1,1,0
TXN-00006053,11.51,2,cash_withdrawal,38,1578,1,11.99,27.22,93.72,1,0,1,0,0
TXN-00006054,326.63,6,restaurant,36,597,2,72.41,10.7,84.23,0,0,1,0,0
TXN-00006055,36.55,7,fuel,65,2436,4,24.6,31.73,69.89,0,0,0,0,0
TXN-00006056,79.58,14,gaming,70,252,4,36.94,21.77,79.1,0,0,1,0,0
TXN-00006057,23.02,18,online_shopping,18,488,1,17.97,36.52,82.84,1,0,1,0,0
TXN-00006058,13.4,20,gaming,68,1230,3,25.91,3.44,86.31,0,1,0,0,0
TXN-00006059,31.64,12,grocery,59,1795,0,15.39,12.99,79.7,2,0,1,0,0
TXN-00006060,128.54,8,restaurant,68,1135,4,17.06,15.9,91.66,0,0,1,0,0
TXN-00006061,23.41,9,restaurant,23,364,4,10.24,9.36,69.69,0,0,0,0,0
TXN-00006062,16.22,17,grocery,20,631,2,24.9,4.88,97.41,0,0,1,0,0
TXN-00006063,47.62,7,fuel,37,726,2,18.57,5.73,89.64,0,0,1,1,0
TXN-00006064,68.3,9,fuel,67,1202,1,123.76,50.98,72.75,0,0,1,0,0
TXN-00006065,227.01,18,grocery,46,901,0,14.12,2.48,89.35,0,0,1,0,0
TXN-00006066,58.64,13,travel,59,1932,4,18.62,20.18,95.16,0,0,1,0,0
TXN-00006067,79.53,11,online_shopping,32,1723,2,47.85,4.67,87.14,0,0,0,0,0
TXN-00006068,86.08,17,restaurant,37,348,4,15.26,4.0,86.42,2,0,1,0,1
TXN-00006069,12.05,6,cash_withdrawal,68,1328,0,26.47,15.62,84.51,0,0,0,0,0
TXN-00006070,14.71,1,jewelry,46,490,3,46.06,6.36,85.7,1,0,1,0,0
TXN-00006071,12.96,18,travel,63,1961,4,43.86,52.02,96.65,0,0,1,0,0
TXN-00006072,9.99,10,pharmacy,55,1336,2,29.56,0.69,62.58,1,1,1,0,0
TXN-00006073,93.25,7,online_shopping,28,902,3,26.96,98.67,76.65,0,0,1,0,0
TXN-00006074,54.85,2,cash_withdrawal,72,789,7,53.58,17.73,90.22,0,0,1,0,0
TXN-00006075,43.97,22,travel,72,1173,5,63.08,9.89,22.12,0,0,1,0,0
TXN-00006076,5.0,17,online_shopping,63,1696,2,29.84,61.46,76.97,0,0,0,0,0
TXN-00006077,350.11,6,travel,45,1143,0,39.89,3.63,82.78,1,0,1,0,0
TXN-00006078,15.82,14,online_shopping,42,899,3,20.34,72.9,63.72,0,1,0,0,0
TXN-00006079,348.77,11,pharmacy,35,563,1,59.97,18.84,86.26,1,0,0,0,0
TXN-00006080,8.83,7,cash_withdrawal,55,877,4,47.08,6.91,96.17,0,0,1,0,0
TXN-00006081,17.24,7,pharmacy,35,1702,1,23.09,33.05,58.5,2,0,1,0,0
TXN-00006082,5.0,1,travel,28,1442,1,20.24,0.45,76.83,1,0,0,0,0
TXN-00006083,59.16,23,pharmacy,21,1819,1,92.05,0.13,54.93,2,0,1,0,0
TXN-00006084,12.73,22,pharmacy,42,546,6,20.5,11.6,69.04,1,0,0,1,1
TXN-00006085,13.11,20,travel,65,361,1,24.83,3.71,87.11,0,0,1,0,0
TXN-00006086,9.57,7,travel,63,1376,3,12.63,13.72,83.41,0,0,1,0,0
TXN-00006087,91.49,23,restaurant,67,419,4,55.45,1.47,78.41,0,1,0,0,0
TXN-00006088,85.37,6,grocery,53,1818,6,20.38,2.03,83.82,0,0,1,0,0
TXN-00006089,271.14,19,travel,68,1398,2,28.92,6.63,75.38,0,0,1,0,0
TXN-00006090,19.69,2,restaurant,63,1126,3,27.31,85.74,70.61,0,0,1,0,0
TXN-00006091,50.89,7,restaurant,64,503,3,133.03,2.58,89.55,1,0,0,0,0
TXN-00006092,10.45,13,fuel,47,962,1,91.66,0.71,73.32,2,0,1,0,0
TXN-00006093,28.45,23,grocery,22,878,0,35.44,13.79,63.65,1,0,0,0,0
TXN-00006094,23.46,6,restaurant,40,1151,3,18.88,5.12,81.3,0,0,0,0,0
TXN-00006095,65.87,10,electronics,67,2102,3,31.32,2.46,68.43,1,0,0,0,0
TXN-00006096,117.67,20,restaurant,61,552,4,27.62,5.22,59.87,2,0,1,1,1
TXN-00006097,114.51,11,restaurant,18,805,1,81.22,18.91,81.04,0,0,0,0,0
TXN-00006098,16.69,16,grocery,23,912,1,154.28,10.88,86.82,1,0,1,0,0
TXN-00006099,115.4,10,online_shopping,56,1876,4,35.88,29.63,56.15,0,1,0,0,0
TXN-00006100,38.62,0,restaurant,74,1016,2,48.75,22.1,56.77,2,0,1,1,0
TXN-00006101,28.77,6,fuel,60,1331,2,103.85,0.71,93.75,0,0,0,0,0
TXN-00006102,19.22,13,grocery,73,1953,2,40.91,10.99,96.34,0,0,1,0,0
TXN-00006103,22.47,0,grocery,21,1124,3,17.24,5.53,91.38,0,0,1,0,0
TXN-00006104,252.0,5,online_shopping,69,811,1,27.15,43.42,98.34,0,0,0,1,0
TXN-00006105,55.86,22,travel,25,1755,4,29.11,13.55,84.77,0,0,0,0,0
TXN-00006106,48.59,0,grocery,69,2063,6,18.26,5.79,88.04,0,0,1,0,0
TXN-00006107,30.71,5,online_shopping,74,1278,1,30.16,17.67,89.45,1,0,0,0,0
TXN-00006108,527.57,14,online_shopping,47,668,2,10.9,10.49,61.23,0,1,0,0,0
TXN-00006109,159.22,13,grocery,48,768,5,10.0,8.5,92.97,0,0,1,0,0
TXN-00006110,18.97,4,restaurant,46,2053,3,28.22,0.05,77.39,0,0,0,0,0
TXN-00006111,30.35,1,online_shopping,50,1396,3,25.43,7.51,84.51,0,0,1,0,0
TXN-00006112,32.3,21,restaurant,65,838,3,93.95,0.77,82.55,0,0,1,0,0
TXN-00006113,47.14,13,fuel,34,329,7,21.64,30.99,95.52,1,1,1,0,1
TXN-00006114,19.37,13,travel,34,1412,3,36.03,7.95,87.18,0,0,0,0,0
TXN-00006115,64.12,1,grocery,74,1282,3,22.54,8.37,95.49,1,0,1,0,0
TXN-00006116,185.8,5,restaurant,67,1398,6,10.0,8.06,81.66,1,0,1,0,0
TXN-00006117,10.18,1,jewelry,49,613,1,28.71,17.49,74.58,0,0,1,1,1
TXN-00006118,12.37,23,online_shopping,29,813,2,34.36,1.92,91.37,1,0,1,0,0
TXN-00006119,24.35,18,online_shopping,73,1641,1,20.84,43.83,79.85,1,0,0,0,0
TXN-00006120,25.57,13,online_shopping,68,197,3,26.16,1.09,67.94,0,0,0,0,0
TXN-00006121,329.77,16,pharmacy,37,808,3,55.08,10.82,67.59,1,0,1,1,0
TXN-00006122,115.79,3,travel,49,398,2,24.99,9.56,92.07,0,0,1,0,0
TXN-00006123,109.02,23,travel,42,571,1,68.37,2.72,70.29,1,1,1,0,0
TXN-00006124,30.64,12,fuel,66,1517,3,34.39,9.29,57.86,0,0,1,0,0
TXN-00006125,29.95,12,grocery,57,892,4,59.47,6.97,93.67,0,0,0,0,0
TXN-00006126,8.81,23,restaurant,46,511,1,83.77,3.3,75.22,0,1,0,0,0
TXN-00006127,91.91,2,cash_withdrawal,74,1229,2,16.65,59.26,67.77,1,0,1,0,0
TXN-00006128,67.74,10,grocery,53,699,2,60.23,26.04,76.88,0,0,1,0,0
TXN-00006129,156.07,2,restaurant,46,873,4,70.73,27.82,75.04,0,1,1,0,0
TXN-00006130,32.42,10,online_shopping,71,1060,4,60.18,7.41,96.12,0,0,1,0,0
TXN-00006131,34.85,6,gaming,44,1825,1,25.19,6.63,78.53,1,0,1,0,0
TXN-00006132,48.35,11,fuel,42,1060,3,10.0,3.33,61.74,1,0,0,0,0
TXN-00006133,103.18,16,electronics,40,778,1,147.36,3.64,80.81,0,0,1,0,0
TXN-00006134,8.64,6,electronics,30,1194,3,10.8,20.41,77.23,1,0,1,0,0
TXN-00006135,87.61,1,restaurant,34,1235,2,109.66,12.49,77.93,2,0,1,0,0
TXN-00006136,39.59,3,gaming,23,739,4,14.05,0.64,87.49,1,1,1,0,1
TXN-00006137,13.31,17,pharmacy,60,892,2,13.25,12.26,97.91,1,0,0,0,0
TXN-00006138,5.0,13,online_shopping,52,945,1,31.56,12.77,63.68,0,0,0,0,0
TXN-00006139,35.05,23,restaurant,72,1670,3,28.7,8.88,69.44,1,1,0,0,0
TXN-00006140,184.95,21,online_shopping,53,208,2,123.94,5.11,89.48,2,0,0,0,0
TXN-00006141,234.73,3,electronics,22,1160,2,19.6,8.02,88.75,1,0,1,0,0
TXN-00006142,58.74,17,online_shopping,54,1460,3,54.42,1.13,82.14,0,1,1,0,0
TXN-00006143,317.38,2,fuel,28,1644,1,41.78,20.66,78.69,1,0,1,1,0
TXN-00006144,38.66,2,fuel,20,379,4,16.86,8.33,95.37,0,0,1,0,0
TXN-00006145,110.05,19,online_shopping,56,372,1,43.17,23.21,47.43,1,0,0,0,0
TXN-00006146,25.18,9,restaurant,19,680,1,28.56,1.35,64.08,1,1,1,0,1
TXN-00006147,23.56,23,online_shopping,41,1345,2,64.75,15.09,82.99,1,0,1,0,0
TXN-00006148,19.86,0,restaurant,69,1545,1,26.13,2.96,86.24,0,0,1,0,0
TXN-00006149,5.0,12,electronics,32,339,2,78.98,7.61,74.44,0,0,1,0,0
TXN-00006150,156.25,7,pharmacy,58,1074,6,38.35,1.1,78.61,0,0,0,0,0
TXN-00006151,20.62,23,grocery,39,1503,1,13.73,1.51,91.86,2,0,1,0,0
TXN-00006152,17.44,16,electronics,24,759,4,10.0,46.12,91.38,1,0,1,0,0
TXN-00006153,11.72,18,restaurant,29,1119,4,98.93,5.32,92.28,0,0,1,0,0
TXN-00006154,32.64,6,fuel,22,465,1,29.02,26.4,89.28,0,1,1,0,0
TXN-00006155,257.67,21,fuel,26,1276,3,28.89,12.45,83.02,1,0,1,0,0
TXN-00006156,364.48,20,online_shopping,27,865,0,35.45,21.9,74.88,2,1,0,1,1
TXN-00006157,7.07,18,cash_withdrawal,69,817,0,29.34,20.46,93.39,0,0,1,0,0
TXN-00006158,27.88,11,online_shopping,64,1094,0,32.47,16.85,61.25,0,0,0,1,0
TXN-00006159,13.65,22,grocery,38,306,3,10.41,0.24,79.87,2,1,0,0,0
TXN-00006160,114.18,16,electronics,59,694,4,55.3,2.55,77.0,0,0,0,0,0
TXN-00006161,54.65,1,online_shopping,29,1503,2,33.67,16.14,83.29,1,0,0,0,0
TXN-00006162,20.73,21,online_shopping,55,337,1,47.45,13.83,65.68,0,0,1,0,0
TXN-00006163,43.65,0,gaming,29,362,3,21.01,20.86,88.02,1,0,1,0,0
TXN-00006164,24.5,16,electronics,55,735,4,29.94,17.34,87.47,4,0,0,0,1
TXN-00006165,220.29,5,restaurant,38,940,2,11.85,25.87,93.2,1,0,1,0,0
TXN-00006166,71.83,21,jewelry,67,1061,1,62.07,9.84,81.98,1,0,1,0,0
TXN-00006167,81.72,17,gaming,66,2220,1,27.85,40.01,56.78,1,1,1,0,0
TXN-00006168,5.0,19,restaurant,37,1081,1,10.0,5.42,82.46,0,0,0,0,0
TXN-00006169,37.71,16,pharmacy,20,1155,0,23.83,6.34,94.08,0,0,1,0,0
TXN-00006170,360.46,13,fuel,36,1648,3,38.61,4.85,82.52,0,1,1,0,0
TXN-00006171,162.79,20,electronics,34,591,3,78.54,27.47,92.34,0,0,0,0,0
TXN-00006172,5.82,7,online_shopping,42,1177,0,11.63,4.03,95.05,1,0,1,0,0
TXN-00006173,29.1,12,electronics,51,1337,1,70.39,3.34,50.16,1,0,1,0,0
TXN-00006174,11.45,7,online_shopping,75,1243,0,47.78,5.72,54.52,0,0,1,0,0
TXN-00006175,243.88,2,grocery,21,1062,4,22.45,0.04,65.44,0,0,0,0,0
TXN-00006176,52.27,21,grocery,50,1023,1,53.84,0.97,77.37,2,0,0,0,0
TXN-00006177,18.06,11,grocery,27,511,6,36.89,26.82,79.37,2,0,0,0,0
TXN-00006178,41.92,1,restaurant,49,781,2,20.96,11.98,62.83,1,0,0,0,0
TXN-00006179,5.0,19,cash_withdrawal,54,1952,5,61.73,4.19,94.4,0,0,1,1,0
TXN-00006180,12.95,22,grocery,64,684,1,74.52,0.15,71.6,1,0,1,1,0
TXN-00006181,42.03,15,electronics,50,972,1,12.04,39.28,69.67,0,0,0,0,0
TXN-00006182,98.29,7,fuel,28,939,4,38.05,5.6,60.85,0,0,1,1,0
TXN-00006183,5.27,20,travel,70,1178,2,27.1,5.38,79.34,0,0,1,0,0
TXN-00006184,27.11,17,online_shopping,41,935,1,40.78,14.68,80.08,1,0,1,0,0
TXN-00006185,116.77,6,grocery,45,854,1,24.24,6.76,82.26,2,0,1,0,0
TXN-00006186,8.81,7,restaurant,55,1478,4,80.31,1.02,50.91,2,0,1,0,0
TXN-00006187,51.45,23,travel,33,1080,2,10.0,7.81,96.6,0,0,0,0,0
TXN-00006188,43.35,22,cash_withdrawal,75,1024,0,33.72,1.81,84.81,0,0,1,0,0
TXN-00006189,244.72,16,electronics,20,710,4,21.26,21.64,70.12,1,0,0,0,0
TXN-00006190,31.76,0,travel,26,793,3,25.74,28.28,88.28,1,0,0,0,0
TXN-00006191,33.78,5,grocery,75,1103,0,10.0,5.48,93.37,1,0,1,0,0
TXN-00006192,99.26,8,travel,44,1552,0,68.63,46.05,47.7,1,0,1,0,0
TXN-00006193,10.05,12,fuel,69,1815,2,12.04,7.21,81.78,0,0,1,0,0
TXN-00006194,32.07,20,restaurant,70,1150,4,40.26,32.57,92.4,0,0,1,1,0
TXN-00006195,25.07,20,grocery,75,2421,1,20.87,24.99,46.48,0,0,1,0,0
TXN-00006196,34.96,6,electronics,60,829,0,25.02,8.55,67.77,1,0,1,0,0
TXN-00006197,98.58,2,grocery,57,826,2,43.87,8.39,89.29,0,0,1,1,0
TXN-00006198,72.38,6,restaurant,53,1705,1,66.92,24.05,78.35,0,0,1,0,0
TXN-00006199,18.43,5,online_shopping,57,1048,0,12.64,4.76,96.0,0,1,1,0,0
TXN-00006200,46.69,21,online_shopping,32,723,2,22.91,11.61,86.71,0,0,1,0,1
TXN-00006201,193.44,0,restaurant,65,957,1,35.91,20.49,53.77,1,0,1,0,0
TXN-00006202,16.9,19,restaurant,28,551,3,29.11,15.38,80.17,0,0,1,0,0
TXN-00006203,47.11,15,restaurant,45,882,2,52.06,4.03,78.81,3,0,1,0,0
TXN-00006204,33.02,2,grocery,39,515,0,79.77,11.01,70.15,1,0,1,0,1
TXN-00006205,37.86,16,restaurant,62,550,1,19.41,31.55,83.37,1,0,1,1,0
TXN-00006206,7.3,13,online_shopping,32,1097,1,17.39,0.62,81.89,1,1,0,1,0
TXN-00006207,177.91,0,travel,29,250,2,42.89,44.03,76.9,0,0,1,0,0
TXN-00006208,17.94,5,online_shopping,64,518,2,13.83,12.31,80.75,1,0,1,0,0
TXN-00006209,118.79,8,online_shopping,46,634,3,40.8,23.4,49.81,0,0,1,0,0
TXN-00006210,21.06,5,online_shopping,59,776,4,28.95,46.27,72.37,1,0,0,0,0
TXN-00006211,20.97,13,restaurant,68,1281,3,26.92,7.35,83.26,2,0,1,0,0
TXN-00006212,144.57,14,fuel,66,762,4,47.47,6.95,91.7,2,0,1,0,0
TXN-00006213,114.84,4,online_shopping,41,1917,5,21.83,13.58,83.31,0,0,0,0,1
TXN-00006214,50.36,2,grocery,27,680,2,253.34,20.43,86.04,1,1,1,0,1
TXN-00006215,89.95,15,pharmacy,73,264,3,24.71,11.71,86.06,0,0,0,0,0
TXN-00006216,29.87,11,fuel,35,537,5,18.47,0.21,99.1,0,0,0,0,1
TXN-00006217,40.09,6,online_shopping,62,1089,3,131.18,10.67,83.18,0,0,1,0,0
TXN-00006218,20.19,6,jewelry,62,549,0,29.46,5.22,86.9,0,0,0,1,1
TXN-00006219,104.51,0,pharmacy,43,670,6,14.99,0.5,91.6,0,1,1,0,1
TXN-00006220,19.53,20,online_shopping,27,1698,2,26.92,30.76,73.44,0,0,0,1,0
TXN-00006221,192.37,20,grocery,45,1957,0,98.16,12.18,85.65,0,1,1,0,0
TXN-00006222,29.03,13,online_shopping,26,423,1,35.33,15.95,67.56,0,0,0,0,0
TXN-00006223,41.33,8,gaming,38,850,1,16.48,8.6,84.55,1,0,0,0,0
TXN-00006224,89.72,5,grocery,40,1075,6,55.7,26.16,80.13,0,0,1,0,0
TXN-00006225,41.47,7,online_shopping,48,1512,1,45.19,6.18,91.49,0,0,0,0,0
TXN-00006226,29.58,22,online_shopping,28,757,8,44.39,19.9,60.85,0,0,0,0,0
TXN-00006227,39.19,2,fuel,67,1071,7,10.33,14.88,44.67,2,0,0,0,0
TXN-00006228,103.39,19,online_shopping,22,1647,5,15.09,8.77,92.8,0,0,0,0,0
TXN-00006229,20.17,7,grocery,75,972,1,10.96,23.43,60.85,1,1,0,0,0
TXN-00006230,35.43,6,online_shopping,36,179,5,23.99,41.44,94.06,0,0,1,0,0
TXN-00006231,40.89,19,electronics,46,845,2,77.45,24.74,81.14,0,0,1,0,0
TXN-00006232,100.26,23,grocery,68,607,2,10.0,14.04,79.43,0,0,1,0,0
TXN-00006233,36.42,23,gaming,55,631,3,13.78,24.31,67.71,0,0,0,0,1
TXN-00006234,270.08,6,pharmacy,21,659,3,10.0,7.09,93.88,0,1,0,0,0
TXN-00006235,34.32,14,travel,53,246,5,49.8,34.4,61.36,0,1,0,0,1
TXN-00006236,31.51,7,grocery,50,1891,2,100.97,2.63,46.77,1,0,0,0,0
TXN-00006237,33.8,4,restaurant,72,1561,1,35.33,4.28,86.32,1,0,1,0,0
TXN-00006238,10.15,9,grocery,50,2035,2,40.73,9.33,68.12,1,0,0,0,0
TXN-00006239,13.62,1,travel,75,2515,6,29.2,2.9,56.35,1,1,1,0,1
TXN-00006240,23.17,3,restaurant,48,1051,0,26.57,2.94,81.29,2,1,1,0,0
TXN-00006241,133.3,14,online_shopping,29,717,2,47.09,8.52,71.35,0,0,1,1,0
TXN-00006242,39.06,16,jewelry,47,1205,2,16.52,8.36,73.58,0,1,1,0,1
TXN-00006243,24.32,6,fuel,71,1232,1,45.33,3.16,82.01,0,1,1,0,0
TXN-00006244,146.62,13,restaurant,18,716,2,24.37,8.31,90.16,1,0,0,0,0
TXN-00006245,206.18,18,electronics,41,705,2,29.12,1.52,57.97,0,0,0,0,1
TXN-00006246,151.13,21,fuel,20,913,2,20.76,6.5,79.25,2,0,0,0,0
TXN-00006247,16.51,13,fuel,66,677,2,10.0,2.63,91.43,1,0,0,0,0
TXN-00006248,24.05,5,online_shopping,47,1239,4,48.44,39.69,67.05,0,1,1,0,0
TXN-00006249,271.63,17,fuel,59,472,6,27.65,5.11,92.78,0,0,1,0,0
TXN-00006250,52.1,4,travel,74,1379,2,28.59,20.51,79.48,0,1,1,0,0
TXN-00006251,30.54,3,fuel,66,1791,1,102.41,1.37,81.74,2,0,0,0,0
TXN-00006252,85.99,8,grocery,41,2731,1,32.69,5.45,93.79,0,0,1,0,0
TXN-00006253,116.47,7,cash_withdrawal,72,1974,3,18.36,4.68,85.81,0,0,1,0,0
TXN-00006254,22.2,3,grocery,45,2710,4,10.91,14.37,76.5,2,0,1,0,0
TXN-00006255,50.93,1,online_shopping,74,1249,1,24.16,4.35,98.86,0,1,1,0,0
TXN-00006256,107.01,22,travel,74,425,2,38.92,9.4,47.25,0,0,1,0,1
TXN-00006257,11.96,16,cash_withdrawal,30,1012,5,11.61,10.97,84.43,0,0,0,0,0
TXN-00006258,40.98,17,restaurant,63,2411,2,60.11,1.27,78.12,1,1,1,0,0
TXN-00006259,12.55,1,online_shopping,58,1944,3,22.93,7.23,70.86,0,1,1,0,1
TXN-00006260,14.4,19,online_shopping,62,820,3,26.61,1.63,73.57,1,1,1,0,0
TXN-00006261,22.39,8,gaming,27,287,2,29.3,22.53,88.09,0,0,1,0,0
TXN-00006262,66.75,17,cash_withdrawal,47,1216,1,11.73,134.27,58.45,0,0,1,0,1
TXN-00006263,28.84,11,cash_withdrawal,26,409,2,21.05,6.99,78.02,3,0,1,0,0
TXN-00006264,20.47,5,electronics,70,1199,3,38.63,6.97,74.27,0,0,0,0,0
TXN-00006265,42.7,6,gaming,68,1273,4,28.06,3.91,88.89,1,0,0,0,0
TXN-00006266,12.13,3,fuel,51,1896,1,21.4,4.39,86.32,0,0,1,0,0
TXN-00006267,63.45,19,restaurant,25,307,2,23.81,1.91,54.24,0,0,1,0,0
TXN-00006268,132.68,10,fuel,56,1520,3,42.35,4.12,72.22,0,0,1,1,0
TXN-00006269,37.22,18,fuel,43,917,4,73.75,20.14,67.76,0,0,1,0,0
TXN-00006270,32.69,19,pharmacy,63,2148,4,26.34,36.58,63.06,0,1,1,0,0
TXN-00006271,59.87,4,online_shopping,23,1469,1,16.63,12.27,58.97,2,0,0,0,1
TXN-00006272,5.0,7,cash_withdrawal,41,1056,0,146.15,26.63,70.18,1,0,1,0,0
TXN-00006273,71.07,2,restaurant,38,596,5,57.39,0.4,68.37,1,0,0,0,0
TXN-00006274,1050.46,0,jewelry,73,966,2,27.39,0.95,85.31,1,0,1,0,0
TXN-00006275,35.56,23,travel,35,1708,1,20.04,17.82,69.25,1,0,1,0,0
TXN-00006276,35.69,15,online_shopping,75,970,1,90.6,4.31,92.75,0,0,1,0,0
TXN-00006277,88.3,10,grocery,71,953,4,17.06,6.24,85.32,1,0,1,0,0
TXN-00006278,227.6,4,gaming,52,979,3,29.93,27.97,73.26,0,0,1,0,0
TXN-00006279,112.59,14,online_shopping,28,718,4,46.58,14.25,78.8,2,0,1,0,0
TXN-00006280,5.0,13,cash_withdrawal,30,560,4,33.83,4.33,88.49,0,0,1,1,0
TXN-00006281,73.08,5,pharmacy,18,610,5,16.02,4.82,86.2,0,0,1,0,0
TXN-00006282,602.16,0,jewelry,62,1026,4,22.94,3.06,66.71,0,0,1,1,1
TXN-00006283,77.76,11,electronics,60,1557,3,29.53,31.08,92.73,0,0,0,0,0
TXN-00006284,12.03,12,travel,36,1101,5,13.92,12.67,64.48,0,0,1,1,0
TXN-00006285,54.38,19,electronics,60,1725,1,26.54,4.49,87.48,0,0,1,0,0
TXN-00006286,10.54,9,pharmacy,51,1961,1,77.3,0.67,35.14,0,0,0,0,0
TXN-00006287,147.59,2,grocery,65,2491,0,96.36,9.25,85.65,0,1,0,1,0
TXN-00006288,14.83,21,gaming,23,2378,4,25.77,5.71,82.44,1,0,1,0,0
TXN-00006289,43.73,9,cash_withdrawal,29,442,6,28.58,19.95,90.22,0,0,1,0,0
TXN-00006290,16.43,17,online_shopping,64,1321,1,26.06,30.22,95.52,1,0,0,0,0
TXN-00006291,22.79,1,restaurant,39,784,5,10.0,35.48,63.33,1,0,1,0,0
TXN-00006292,192.57,0,grocery,73,626,4,39.92,11.74,91.57,1,0,1,0,0
TXN-00006293,45.09,0,grocery,69,880,3,35.16,39.25,72.16,2,1,1,0,0
TXN-00006294,22.48,18,jewelry,23,2069,0,58.05,6.88,96.13,0,1,1,0,1
TXN-00006295,12.15,5,electronics,41,1712,1,59.08,3.98,98.57,2,1,1,0,0
TXN-00006296,5.67,18,travel,60,1032,0,44.27,1.22,77.04,0,0,0,0,0
TXN-00006297,10.87,22,jewelry,25,1431,3,44.63,10.71,84.03,1,1,1,0,0
TXN-00006298,45.49,15,online_shopping,67,1230,1,15.12,15.77,91.55,1,0,1,0,0
TXN-00006299,113.21,23,online_shopping,23,881,2,33.27,8.67,89.84,0,0,0,0,1
TXN-00006300,22.46,22,gaming,24,674,2,11.88,8.07,84.98,1,0,1,0,0
TXN-00006301,210.41,17,online_shopping,49,966,4,23.11,7.79,65.69,1,0,0,0,0
TXN-00006302,19.04,19,grocery,32,1480,4,85.51,24.61,89.22,1,1,1,1,0
TXN-00006303,31.5,14,pharmacy,55,2191,2,41.72,7.34,63.32,0,0,1,0,0
TXN-00006304,13.02,5,restaurant,40,1328,1,35.83,9.8,66.25,1,0,0,0,0
TXN-00006305,114.47,2,restaurant,33,745,4,28.99,24.48,85.6,0,0,1,0,1
TXN-00006306,365.91,9,restaurant,66,579,1,29.25,0.43,84.46,2,0,0,0,0
TXN-00006307,6.36,11,cash_withdrawal,27,1207,2,32.99,21.73,74.11,0,0,1,0,0
TXN-00006308,28.12,8,online_shopping,46,313,2,31.34,1.58,73.63,0,0,1,0,0
TXN-00006309,152.63,2,online_shopping,27,3207,2,45.58,4.32,76.37,0,0,1,0,0
TXN-00006310,8.85,12,pharmacy,25,1315,1,111.29,1.89,83.04,0,0,1,0,0
TXN-00006311,73.33,11,online_shopping,29,1888,4,75.98,0.31,48.48,0,1,1,0,0
TXN-00006312,145.85,22,restaurant,32,1657,3,22.38,2.24,98.54,2,0,1,0,0
TXN-00006313,43.91,22,restaurant,41,1303,3,19.95,9.04,73.14,0,0,0,0,0
TXN-00006314,72.08,14,restaurant,45,1261,1,21.16,13.02,72.35,1,0,0,0,0
TXN-00006315,256.97,20,cash_withdrawal,26,1521,1,19.74,19.86,82.08,0,0,0,0,0
TXN-00006316,312.89,7,electronics,20,839,1,10.0,38.67,97.42,0,1,0,1,0
TXN-00006317,37.9,23,online_shopping,23,1042,1,32.12,10.95,84.14,0,0,0,0,0
TXN-00006318,23.13,22,electronics,54,1566,3,22.89,4.28,89.43,1,0,0,0,0
TXN-00006319,15.39,3,restaurant,74,441,1,29.37,9.31,87.13,1,0,0,0,0
TXN-00006320,112.82,16,online_shopping,19,1023,5,21.58,3.46,85.27,1,0,0,0,1
TXN-00006321,9.58,10,fuel,20,958,0,31.06,31.23,77.88,0,0,1,1,0
TXN-00006322,31.03,6,grocery,63,301,4,19.47,19.43,86.27,1,0,0,0,1
TXN-00006323,45.05,9,grocery,60,1371,0,19.74,22.78,77.59,1,0,1,0,0
TXN-00006324,23.85,21,online_shopping,60,1148,2,109.46,31.49,68.94,2,0,1,0,0
TXN-00006325,54.26,22,grocery,28,1022,1,13.48,19.16,67.23,0,0,0,0,0
TXN-00006326,597.49,8,online_shopping,68,1720,3,227.2,19.58,76.41,0,0,1,0,0
TXN-00006327,35.6,11,restaurant,54,1579,4,12.38,29.66,86.75,2,0,1,1,0
TXN-00006328,25.61,12,online_shopping,27,1642,2,17.43,1.95,82.22,0,0,1,1,0
TXN-00006329,117.46,17,fuel,24,965,1,13.17,7.5,79.96,1,0,1,0,0
TXN-00006330,52.02,11,electronics,52,825,7,23.22,31.16,89.17,1,0,1,0,0
TXN-00006331,183.33,9,jewelry,63,1134,5,10.0,0.14,61.17,0,0,0,0,1
TXN-00006332,48.08,22,cash_withdrawal,63,1297,0,56.69,8.73,92.42,0,1,1,0,0
TXN-00006333,31.16,8,restaurant,52,1461,4,17.5,6.51,83.32,1,1,1,0,0
TXN-00006334,6.22,6,online_shopping,47,625,5,36.77,6.26,60.65,1,0,1,0,0
TXN-00006335,7.38,7,grocery,58,1253,0,91.95,27.37,63.58,0,0,1,0,0
TXN-00006336,5.89,7,travel,25,1822,6,21.32,50.56,83.64,1,0,1,0,0
TXN-00006337,60.24,13,grocery,39,672,4,38.55,1.91,53.22,2,0,1,0,0
TXN-00006338,9.68,15,travel,23,291,2,16.5,0.52,92.76,0,0,0,0,0
TXN-00006339,151.16,3,fuel,66,197,4,51.33,4.02,87.71,0,0,0,0,0
TXN-00006340,41.75,21,grocery,53,820,3,37.5,27.02,96.08,0,0,1,0,0
TXN-00006341,31.3,6,travel,63,560,6,13.23,30.71,81.06,0,1,1,0,0
TXN-00006342,16.68,2,fuel,46,1341,2,72.34,27.13,86.28,0,0,0,0,0
TXN-00006343,77.74,16,online_shopping,71,1227,2,27.9,14.08,92.39,0,1,0,1,0
TXN-00006344,17.38,5,electronics,71,337,3,26.82,14.69,70.1,0,0,1,0,0
TXN-00006345,14.37,18,restaurant,53,1780,4,46.84,5.74,82.0,1,0,1,0,0
TXN-00006346,140.86,22,fuel,66,705,3,58.46,19.9,81.03,1,0,0,0,0
TXN-00006347,58.69,16,electronics,56,604,4,15.29,16.37,58.35,0,0,1,0,0
TXN-00006348,31.61,18,jewelry,59,1195,3,54.78,1.93,70.94,0,0,0,0,0
TXN-00006349,79.32,11,pharmacy,32,787,2,30.73,7.56,77.49,0,0,0,0,1
TXN-00006350,40.83,8,travel,74,1140,0,25.53,1.16,64.85,1,0,0,0,0
TXN-00006351,60.47,14,grocery,28,941,1,19.66,7.07,63.62,0,0,1,0,0
TXN-00006352,17.16,8,fuel,58,1884,4,34.65,24.82,80.14,1,0,1,0,0
TXN-00006353,355.64,21,electronics,53,1153,3,11.95,25.76,87.49,2,1,0,0,1
TXN-00006354,22.01,11,restaurant,23,882,2,17.42,5.01,96.81,0,0,1,0,0
TXN-00006355,207.23,11,restaurant,62,1004,3,10.04,25.68,72.83,2,0,1,0,0
TXN-00006356,33.17,16,pharmacy,22,1683,2,51.58,31.53,72.22,0,0,1,0,0
TXN-00006357,94.39,4,pharmacy,47,629,4,33.38,5.35,87.45,0,0,0,0,0
TXN-00006358,87.44,13,travel,65,1379,2,34.92,25.03,93.56,0,0,0,0,0
TXN-00006359,134.85,18,online_shopping,25,1034,4,22.17,2.93,87.13,0,0,1,0,0
TXN-00006360,16.73,18,grocery,38,1051,5,26.38,7.17,93.01,0,0,1,0,0
TXN-00006361,125.14,5,electronics,47,562,2,26.45,38.8,70.57,0,0,0,0,0
TXN-00006362,281.11,1,restaurant,71,823,0,37.33,22.73,94.72,0,0,1,0,0
TXN-00006363,30.83,4,grocery,40,735,0,11.06,4.45,87.68,0,0,1,0,0
TXN-00006364,41.95,19,online_shopping,24,1031,1,31.86,5.13,73.92,0,0,1,0,0
TXN-00006365,23.34,6,gaming,25,453,0,40.25,18.31,96.21,0,0,1,0,0
TXN-00006366,28.11,1,fuel,29,274,5,41.28,13.98,83.89,2,0,1,0,0
TXN-00006367,243.96,14,grocery,68,784,3,110.19,5.57,78.13,1,0,1,0,0
TXN-00006368,14.09,21,fuel,62,1701,5,35.62,72.79,77.27,0,1,0,0,0
TXN-00006369,15.04,5,online_shopping,42,1315,0,52.78,6.11,87.36,1,0,1,0,0
TXN-00006370,219.52,1,cash_withdrawal,67,976,0,55.65,99.16,96.74,0,0,0,0,1
TXN-00006371,77.93,3,travel,71,585,2,18.5,10.36,74.9,0,1,0,0,1
TXN-00006372,374.8,3,grocery,68,185,5,50.12,8.33,94.46,2,0,0,0,0
TXN-00006373,25.2,4,grocery,18,702,4,10.0,38.2,89.83,0,0,1,0,1
TXN-00006374,46.18,4,gaming,23,905,1,17.67,12.89,92.81,0,0,1,0,0
TXN-00006375,20.21,15,restaurant,60,519,2,47.03,13.62,95.7,1,0,1,0,0
TXN-00006376,47.01,5,grocery,40,1265,2,14.47,4.46,93.02,1,0,1,1,0
TXN-00006377,6.28,13,restaurant,27,1248,0,60.79,11.57,64.89,0,0,0,0,0
TXN-00006378,83.03,9,travel,55,777,0,59.13,22.0,32.46,2,0,1,0,0
TXN-00006379,56.81,15,online_shopping,38,934,1,39.87,3.32,58.26,0,0,1,0,0
TXN-00006380,38.08,15,online_shopping,71,924,3,36.41,7.7,88.26,0,1,1,0,0
TXN-00006381,26.85,14,grocery,51,1205,2,25.89,4.26,33.57,1,0,0,0,0
TXN-00006382,15.81,21,electronics,31,618,1,34.0,4.87,78.8,1,0,1,0,0
TXN-00006383,86.84,4,cash_withdrawal,72,3074,3,58.66,28.4,59.04,0,0,0,0,0
TXN-00006384,11.83,12,travel,52,451,3,63.91,4.1,72.11,0,0,1,0,0
TXN-00006385,69.23,9,gaming,35,623,2,32.23,24.58,63.56,0,0,1,0,0
TXN-00006386,357.16,12,grocery,26,1114,1,12.65,5.49,88.01,0,0,0,0,0
TXN-00006387,192.44,3,electronics,50,2208,1,25.02,2.66,83.51,0,0,1,1,1
TXN-00006388,8.33,7,restaurant,61,743,4,35.68,19.58,92.43,1,0,1,0,0
TXN-00006389,23.02,22,cash_withdrawal,66,573,2,50.73,3.84,73.69,0,0,0,0,0
TXN-00006390,62.96,19,gaming,25,861,2,39.86,10.98,88.02,0,0,0,0,0
TXN-00006391,37.57,10,gaming,43,1399,2,69.87,6.24,88.23,0,0,1,0,0
TXN-00006392,9.31,2,grocery,75,1435,5,19.38,4.55,81.66,1,0,0,0,1
TXN-00006393,60.62,15,online_shopping,56,1312,3,19.43,33.55,77.56,2,1,0,0,0
TXN-00006394,40.02,7,restaurant,23,2329,4,57.66,15.13,79.22,1,0,0,0,0
TXN-00006395,301.88,7,grocery,71,1439,2,16.65,3.98,98.55,2,0,0,0,1
TXN-00006396,31.0,2,pharmacy,57,1586,2,15.38,19.08,80.73,0,0,1,0,0
TXN-00006397,137.88,6,online_shopping,44,1666,0,31.3,1.64,66.86,2,0,0,0,0
TXN-00006398,10.69,5,grocery,63,535,4,49.21,22.75,80.95,0,0,0,0,0
TXN-00006399,13.74,0,grocery,55,916,0,34.8,8.01,65.34,0,0,1,0,0
TXN-00006400,86.29,14,gaming,32,630,2,10.0,16.69,80.82,1,0,1,0,0
TXN-00006401,126.21,23,online_shopping,64,662,2,27.44,42.03,78.28,0,0,1,0,0
TXN-00006402,14.8,3,pharmacy,32,816,3,18.55,50.46,74.09,1,0,1,0,0
TXN-00006403,41.48,1,fuel,31,1190,3,65.32,12.67,90.6,0,0,1,1,1
TXN-00006404,9.48,2,travel,52,2153,1,11.05,12.18,87.47,0,0,0,0,0
TXN-00006405,33.44,13,electronics,19,1369,3,43.56,3.4,90.7,0,0,1,0,0
TXN-00006406,97.39,19,fuel,54,1245,2,30.33,4.28,80.37,0,0,1,0,0
TXN-00006407,25.62,7,restaurant,49,826,1,35.65,3.04,85.42,1,0,1,0,0
TXN-00006408,31.14,2,online_shopping,59,2265,3,50.4,8.94,98.55,0,0,1,0,0
TXN-00006409,12.35,2,fuel,27,432,1,26.25,36.78,92.93,3,0,1,0,0
TXN-00006410,20.48,14,online_shopping,51,1458,5,31.95,37.57,83.96,1,0,0,0,0
TXN-00006411,256.21,8,restaurant,43,290,0,92.91,5.66,92.46,1,0,1,0,0
TXN-00006412,43.67,8,pharmacy,28,1072,3,57.55,70.58,96.01,0,0,1,0,0
TXN-00006413,14.12,5,online_shopping,44,1675,2,54.92,39.53,88.96,1,0,0,0,0
TXN-00006414,29.06,21,online_shopping,71,1010,3,53.78,22.59,74.85,2,0,0,0,0
TXN-00006415,7.56,8,travel,65,1905,2,103.2,1.27,94.24,1,0,0,0,0
TXN-00006416,13.95,16,restaurant,27,584,1,43.76,0.49,68.98,0,0,0,1,0
TXN-00006417,168.74,17,pharmacy,67,178,2,32.54,24.0,91.78,0,0,0,0,1
TXN-00006418,34.83,1,cash_withdrawal,50,452,1,45.35,1.64,79.8,0,0,1,0,0
TXN-00006419,294.5,5,fuel,20,838,3,20.91,18.15,80.14,2,0,1,0,0
TXN-00006420,36.59,21,gaming,71,1193,2,52.05,24.04,69.83,1,0,1,0,0
TXN-00006421,38.95,21,fuel,48,695,1,58.52,19.72,70.62,1,0,0,0,0
TXN-00006422,79.28,9,pharmacy,70,1075,2,24.23,42.26,74.75,0,1,1,0,0
TXN-00006423,5.0,3,cash_withdrawal,23,1319,3,27.61,12.27,71.01,1,0,1,0,0
TXN-00006424,50.16,7,grocery,27,607,3,37.73,14.02,77.49,1,0,1,0,0
TXN-00006425,38.42,22,online_shopping,70,617,3,19.9,0.44,74.69,1,0,1,0,0
TXN-00006426,192.55,16,restaurant,31,397,6,15.33,22.3,80.05,0,1,1,0,0
TXN-00006427,111.38,1,electronics,49,1906,4,25.7,7.08,43.0,0,0,0,0,1
TXN-00006428,12.3,17,grocery,52,1929,3,31.5,6.06,86.3,1,0,0,0,0
TXN-00006429,149.04,3,restaurant,73,1069,1,46.29,11.81,80.96,0,0,1,0,0
TXN-00006430,30.71,7,fuel,37,476,1,43.1,2.96,69.18,1,0,1,0,0
TXN-00006431,15.65,11,jewelry,61,2100,1,29.18,3.59,82.49,1,1,0,0,1
TXN-00006432,49.75,8,restaurant,60,617,0,43.65,0.52,89.03,0,0,1,0,0
TXN-00006433,32.69,16,grocery,58,409,3,21.37,9.55,71.77,0,0,1,0,0
TXN-00006434,203.44,3,restaurant,48,608,1,11.28,37.0,58.23,2,0,1,1,1
TXN-00006435,57.84,21,pharmacy,22,565,1,26.33,7.98,67.19,0,0,1,0,0
TXN-00006436,50.2,14,electronics,33,490,2,35.28,0.67,80.63,1,0,0,0,0
TXN-00006437,104.13,7,online_shopping,50,690,1,20.59,2.7,59.61,0,0,1,0,0
TXN-00006438,127.42,22,gaming,41,1025,2,11.59,10.0,93.3,0,1,1,0,0
TXN-00006439,92.09,11,electronics,28,1449,3,17.1,9.19,85.02,0,0,0,1,0
TXN-00006440,179.55,9,pharmacy,58,869,0,13.71,0.05,81.84,0,0,1,0,0
TXN-00006441,76.64,0,grocery,44,873,0,12.35,0.84,72.39,0,0,1,0,0
TXN-00006442,48.23,23,grocery,63,858,5,31.15,16.69,84.9,2,0,1,0,0
TXN-00006443,148.58,20,jewelry,49,409,2,65.02,12.29,96.68,0,1,1,0,0
TXN-00006444,36.77,4,online_shopping,39,1430,5,30.83,25.38,63.54,0,0,1,0,0
TXN-00006445,41.88,22,online_shopping,24,1682,2,64.52,10.51,78.51,0,0,0,0,0
TXN-00006446,246.57,19,cash_withdrawal,24,2049,1,10.0,6.39,75.06,0,0,1,0,0
TXN-00006447,222.08,10,restaurant,47,799,2,34.13,1.09,98.18,1,0,1,0,0
TXN-00006448,40.1,22,grocery,38,1986,3,43.3,5.48,99.74,0,0,1,0,0
TXN-00006449,25.12,13,restaurant,59,1524,0,18.28,41.59,81.03,0,0,1,0,0
TXN-00006450,187.98,16,grocery,54,507,5,16.88,19.64,83.78,1,0,1,0,0
TXN-00006451,93.73,4,restaurant,34,618,4,23.84,14.37,80.11,0,0,0,0,0
TXN-00006452,56.34,2,cash_withdrawal,62,1037,3,53.64,10.27,66.12,0,0,1,0,0
TXN-00006453,28.85,12,fuel,50,872,1,13.97,39.19,64.72,1,0,0,0,0
TXN-00006454,57.3,7,grocery,69,455,2,17.6,7.37,76.9,1,0,1,0,0
TXN-00006455,39.54,23,restaurant,73,1033,4,12.81,8.68,91.08,1,0,1,0,0
TXN-00006456,20.13,2,restaurant,73,1046,2,44.43,8.64,53.8,0,0,1,0,0
TXN-00006457,46.32,18,grocery,25,1514,3,19.01,2.28,96.62,0,0,0,1,0
TXN-00006458,53.45,14,online_shopping,48,727,1,28.14,12.57,72.1,1,1,1,0,0
TXN-00006459,27.27,21,fuel,19,629,0,40.88,19.86,68.29,1,1,1,0,0
TXN-00006460,104.48,23,restaurant,69,393,1,21.71,0.79,93.66,0,0,0,0,0
TXN-00006461,156.53,20,pharmacy,58,1135,2,11.56,2.51,89.84,1,1,1,0,0
TXN-00006462,111.99,8,fuel,33,1065,2,41.64,17.89,59.89,0,0,1,0,0
TXN-00006463,30.26,16,electronics,53,2190,2,43.68,35.15,92.23,0,0,1,0,0
TXN-00006464,89.44,3,gaming,50,1462,2,85.05,4.73,94.86,0,0,0,0,0
TXN-00006465,43.9,11,electronics,49,730,4,36.67,12.2,66.7,1,0,1,0,0
TXN-00006466,11.05,6,pharmacy,49,997,1,31.45,5.94,98.44,1,0,0,1,0
TXN-00006467,81.97,6,electronics,75,449,1,35.91,21.54,94.16,1,0,1,0,0
TXN-00006468,47.15,13,cash_withdrawal,62,795,4,26.64,0.73,76.57,1,0,1,1,0
TXN-00006469,615.99,3,travel,41,1090,3,29.35,1.47,62.45,1,0,0,0,0
TXN-00006470,186.82,13,electronics,62,2243,2,20.31,2.49,68.35,0,0,0,0,0
TXN-00006471,85.35,9,cash_withdrawal,26,562,4,35.62,5.84,82.7,0,1,1,0,0
TXN-00006472,52.54,5,travel,34,1874,4,36.06,6.46,90.98,3,0,0,0,0
TXN-00006473,48.03,13,electronics,24,1128,8,26.93,15.37,44.86,0,0,1,0,0
TXN-00006474,14.1,18,grocery,69,1445,2,16.25,22.1,95.24,0,0,1,0,0
TXN-00006475,6.51,14,grocery,19,977,1,11.43,4.29,76.0,2,0,1,0,0
TXN-00006476,16.18,2,gaming,69,661,0,21.19,21.92,78.59,1,0,1,0,1
TXN-00006477,38.47,13,grocery,66,1823,2,19.8,15.53,78.17,0,0,0,0,0
TXN-00006478,5.0,14,online_shopping,72,764,3,23.17,3.24,85.71,3,0,0,0,0
TXN-00006479,22.84,16,restaurant,62,1403,3,22.22,30.61,72.31,1,0,0,0,0
TXN-00006480,31.19,10,fuel,44,472,4,91.4,6.05,72.34,0,0,1,0,0
TXN-00006481,32.26,2,gaming,65,542,2,23.26,12.69,74.77,0,1,1,0,1
TXN-00006482,20.19,3,fuel,75,293,3,12.59,2.3,66.2,2,1,1,0,1
TXN-00006483,28.26,7,online_shopping,69,919,2,30.31,13.22,62.02,0,1,0,0,0
TXN-00006484,247.17,15,cash_withdrawal,63,1128,3,23.39,31.95,76.8,1,0,0,0,1
TXN-00006485,81.07,17,restaurant,62,996,5,100.3,8.94,88.72,1,1,1,0,0
TXN-00006486,22.46,16,online_shopping,55,389,0,36.36,5.88,83.2,0,0,0,1,1
TXN-00006487,37.65,7,pharmacy,69,548,2,53.67,7.94,95.14,1,0,1,0,0
TXN-00006488,39.26,10,online_shopping,43,1432,4,30.55,2.81,65.4,1,0,1,0,0
TXN-00006489,18.06,1,gaming,47,720,3,33.95,10.34,90.07,1,0,1,0,0
TXN-00006490,18.04,19,gaming,66,1022,5,21.18,2.67,85.43,1,0,1,0,0
TXN-00006491,116.87,8,pharmacy,33,691,1,29.01,10.04,49.68,0,1,1,1,0
TXN-00006492,26.03,12,grocery,62,1348,3,16.66,0.48,62.25,0,0,0,0,0
TXN-00006493,12.81,10,restaurant,24,695,2,22.53,18.91,27.18,0,0,0,0,0
TXN-00006494,38.66,6,online_shopping,51,878,2,36.78,0.14,93.61,0,0,1,0,0
TXN-00006495,45.78,4,travel,20,1624,5,38.49,7.95,83.31,1,0,0,0,0
TXN-00006496,5.1,22,online_shopping,75,1007,2,34.54,21.29,74.3,0,0,1,0,0
TXN-00006497,38.75,2,restaurant,66,585,1,20.14,19.07,83.09,2,0,1,0,0
TXN-00006498,100.62,22,jewelry,32,1238,1,126.56,26.85,91.53,0,1,1,0,0
TXN-00006499,64.96,2,fuel,26,389,2,28.2,5.3,87.86,2,0,0,0,0
TXN-00006500,420.43,2,restaurant,55,572,1,35.09,6.79,95.11,0,0,1,0,1
TXN-00006501,150.46,21,electronics,70,410,2,68.09,4.01,88.14,1,0,0,0,0
TXN-00006502,185.19,22,gaming,36,1366,3,16.36,17.46,65.33,1,0,1,0,0
TXN-00006503,765.16,21,electronics,73,1192,3,26.68,0.14,57.7,0,0,0,0,0
TXN-00006504,89.66,18,online_shopping,44,1291,3,98.81,28.66,61.8,0,0,0,1,1
TXN-00006505,48.0,11,fuel,43,1100,3,40.34,33.63,94.69,1,0,1,0,0
TXN-00006506,112.44,2,gaming,37,1805,2,50.23,11.29,84.25,0,0,0,0,1
TXN-00006507,22.48,14,electronics,33,1086,2,23.52,5.2,65.36,0,0,0,0,1
TXN-00006508,45.29,12,grocery,37,715,3,22.95,32.5,95.15,0,0,0,0,0
TXN-00006509,20.49,17,gaming,28,599,7,14.88,27.52,81.76,0,0,1,0,0
TXN-00006510,61.43,0,fuel,39,1078,1,110.02,32.76,59.46,0,0,1,0,0
TXN-00006511,20.4,1,online_shopping,34,1729,2,22.38,19.94,75.89,1,0,1,0,0
TXN-00006512,19.66,14,fuel,21,463,1,12.46,6.08,92.83,0,0,1,0,0
TXN-00006513,62.44,20,online_shopping,39,1274,2,64.38,2.26,88.66,1,0,1,0,0
TXN-00006514,35.0,22,grocery,20,878,2,19.43,60.86,65.69,0,0,0,0,0
TXN-00006515,5.34,13,cash_withdrawal,28,1597,3,47.39,15.67,64.46,0,0,1,0,0
TXN-00006516,8.77,8,restaurant,60,358,3,46.44,22.52,57.68,0,1,0,0,0
TXN-00006517,12.13,11,online_shopping,19,2194,4,58.8,27.07,91.97,0,1,1,0,0
TXN-00006518,16.0,12,grocery,36,872,2,12.1,19.09,81.28,2,0,1,0,0
TXN-00006519,62.5,14,grocery,57,317,3,38.26,16.46,75.02,0,0,0,1,0
TXN-00006520,50.9,5,fuel,19,457,3,14.79,20.13,82.39,0,0,1,0,0
TXN-00006521,123.78,9,fuel,60,2352,5,31.13,4.1,79.7,2,1,0,1,1
TXN-00006522,89.16,12,grocery,22,1271,4,52.34,12.43,76.34,3,0,0,1,0
TXN-00006523,124.65,20,cash_withdrawal,21,820,3,10.0,12.69,87.44,0,0,1,0,0
TXN-00006524,76.62,19,pharmacy,29,2625,2,22.52,16.82,68.69,0,0,1,0,0
TXN-00006525,50.41,18,online_shopping,67,1062,2,16.2,15.56,72.93,0,0,1,0,0
TXN-00006526,128.29,5,online_shopping,20,1548,2,33.28,12.14,71.54,0,1,0,0,1
TXN-00006527,106.21,9,travel,23,544,0,14.49,12.13,72.99,0,0,1,0,0
TXN-00006528,60.03,13,electronics,72,802,4,46.7,33.76,43.21,0,0,0,0,0
TXN-00006529,153.64,23,travel,53,1053,2,25.5,29.82,45.32,0,0,0,0,1
TXN-00006530,5.0,8,fuel,50,749,0,28.93,6.07,66.41,1,0,0,0,0
TXN-00006531,29.82,22,electronics,20,2253,2,34.79,22.83,68.54,0,0,0,0,0
TXN-00006532,29.34,17,electronics,40,1794,2,10.0,44.4,49.41,0,0,1,0,0
TXN-00006533,135.68,15,grocery,51,1252,3,14.96,23.75,96.56,0,0,0,0,0
TXN-00006534,210.6,16,travel,48,455,5,77.34,20.55,72.12,0,0,1,0,0
TXN-00006535,8.82,19,electronics,48,848,7,13.46,1.46,48.91,2,0,1,0,0
TXN-00006536,177.99,16,grocery,24,608,5,15.09,53.6,78.09,0,0,0,0,0
TXN-00006537,11.82,16,travel,75,1268,3,23.71,3.83,51.76,0,0,0,0,0
TXN-00006538,12.2,9,gaming,58,747,3,49.77,3.07,94.66,0,1,1,0,0
TXN-00006539,31.63,10,fuel,32,317,2,12.17,8.6,63.69,0,1,1,0,0
TXN-00006540,28.96,14,restaurant,74,1160,2,25.23,19.24,99.42,0,0,1,0,0
TXN-00006541,7.87,20,grocery,35,724,7,66.27,22.4,51.39,1,0,1,0,0
TXN-00006542,80.03,15,gaming,25,1927,4,36.83,14.14,86.53,0,0,0,1,0
TXN-00006543,82.55,23,grocery,69,498,5,15.74,7.56,78.43,0,0,1,0,0
TXN-00006544,122.33,16,pharmacy,26,630,1,58.71,44.34,91.1,0,0,1,0,0
TXN-00006545,25.66,9,online_shopping,21,827,1,24.14,7.76,76.55,1,0,1,0,0
TXN-00006546,38.8,13,grocery,54,1194,0,40.37,14.54,91.1,0,0,1,0,0
TXN-00006547,39.18,14,pharmacy,33,1622,4,18.02,3.03,99.38,0,0,1,0,0
TXN-00006548,238.03,20,fuel,26,802,3,56.98,23.99,93.19,2,1,1,0,0
TXN-00006549,5.0,6,restaurant,23,1070,0,24.19,7.42,67.05,0,0,0,0,0
TXN-00006550,14.81,5,cash_withdrawal,25,374,9,34.65,0.09,72.62,0,0,0,0,1
TXN-00006551,40.68,4,fuel,73,635,0,10.0,0.04,95.88,0,0,0,0,0
TXN-00006552,12.94,1,online_shopping,56,758,2,79.31,23.9,73.76,0,0,0,0,0
TXN-00006553,30.84,16,pharmacy,66,825,4,70.08,1.03,61.14,0,0,1,0,0
TXN-00006554,35.43,23,jewelry,53,1342,0,13.9,54.11,75.83,1,0,1,1,1
TXN-00006555,20.28,14,online_shopping,49,2422,0,81.22,55.75,78.61,1,0,0,0,0
TXN-00006556,43.28,1,online_shopping,30,656,1,12.54,8.88,97.18,1,0,1,0,0
TXN-00006557,78.22,8,electronics,74,1265,0,13.17,17.96,64.5,2,0,0,0,0
TXN-00006558,31.56,21,gaming,65,1789,1,26.18,36.99,92.93,1,0,1,0,0
TXN-00006559,25.13,1,grocery,48,1743,4,33.8,1.54,72.24,0,0,0,0,1
TXN-00006560,33.99,14,cash_withdrawal,24,562,1,53.4,6.08,82.14,1,0,1,0,0
TXN-00006561,40.13,10,cash_withdrawal,62,1692,3,28.28,12.34,92.29,0,0,1,0,0
TXN-00006562,6.51,22,grocery,37,468,2,15.03,5.02,58.18,0,0,1,0,0
TXN-00006563,65.67,12,online_shopping,30,462,0,60.17,3.11,83.01,0,0,1,0,0
TXN-00006564,25.19,13,online_shopping,60,992,3,26.77,18.26,86.79,2,0,1,0,0
TXN-00006565,152.11,17,online_shopping,66,755,1,45.48,7.11,65.68,1,0,0,0,0
TXN-00006566,75.23,19,fuel,53,2006,3,55.75,24.63,79.61,1,0,1,0,0
TXN-00006567,138.18,12,electronics,22,309,4,20.87,33.51,95.9,0,0,0,0,1
TXN-00006568,13.99,17,travel,52,999,3,25.5,9.61,82.75,0,0,1,0,0
TXN-00006569,27.39,19,restaurant,71,1562,1,45.81,1.23,90.64,0,1,1,0,0
TXN-00006570,10.97,12,jewelry,57,292,4,56.17,11.88,95.93,1,0,0,0,0
TXN-00006571,19.29,17,pharmacy,33,782,1,20.2,1.3,70.83,0,1,1,0,1
TXN-00006572,150.61,8,grocery,55,1540,1,29.4,7.82,58.61,0,0,0,0,0
TXN-00006573,192.84,8,online_shopping,32,948,2,12.19,20.43,85.86,1,0,0,1,1
TXN-00006574,12.12,0,restaurant,68,947,4,23.08,7.26,88.23,0,0,1,0,0
TXN-00006575,25.0,16,online_shopping,67,1625,0,78.73,30.08,84.08,0,1,1,0,0
TXN-00006576,37.34,6,fuel,50,1216,1,10.0,16.1,79.72,0,0,0,0,0
TXN-00006577,74.81,19,travel,25,640,3,97.75,2.07,68.84,2,0,0,1,0
TXN-00006578,6.37,22,fuel,41,2187,1,99.39,1.63,74.46,1,0,1,0,0
TXN-00006579,7.51,21,fuel,25,871,3,13.8,11.88,82.62,0,1,0,1,0
TXN-00006580,67.63,6,electronics,62,450,2,15.16,7.81,90.59,2,0,1,0,0
TXN-00006581,5.23,15,grocery,57,974,6,30.35,12.76,95.79,0,0,1,0,0
TXN-00006582,25.3,18,restaurant,33,913,2,23.05,35.61,83.33,1,0,1,0,0
TXN-00006583,47.95,12,online_shopping,67,1193,3,59.78,8.91,74.12,2,1,1,0,0
TXN-00006584,62.58,12,restaurant,62,1301,1,49.78,10.48,67.8,0,0,1,0,0
TXN-00006585,34.85,10,pharmacy,72,388,1,28.57,9.38,77.64,0,0,1,0,0
TXN-00006586,27.55,7,travel,34,832,2,12.77,39.61,87.31,2,0,1,0,0
TXN-00006587,98.18,13,online_shopping,28,1220,2,25.26,5.08,66.92,1,0,0,0,0
TXN-00006588,54.57,23,restaurant,45,956,2,157.42,36.72,86.9,0,0,1,0,0
TXN-00006589,20.5,5,fuel,33,720,3,35.01,17.06,67.76,0,0,0,1,0
TXN-00006590,42.08,1,grocery,60,1414,3,77.01,64.56,90.57,0,0,1,0,0
TXN-00006591,60.48,1,travel,42,1409,2,38.62,8.25,67.98,0,0,0,0,0
TXN-00006592,245.71,13,gaming,54,317,4,93.71,43.09,69.93,1,0,1,0,0
TXN-00006593,92.36,6,fuel,27,66,1,29.05,15.64,86.13,0,0,1,0,0
TXN-00006594,144.79,11,gaming,22,1074,3,66.73,6.04,75.1,2,0,1,1,0
TXN-00006595,21.3,22,grocery,72,1190,4,57.1,32.24,52.23,0,0,1,0,0
TXN-00006596,23.33,1,restaurant,43,834,1,32.11,28.24,46.54,1,0,0,0,0
TXN-00006597,31.59,4,grocery,26,1026,4,32.19,12.11,67.4,0,0,1,0,0
TXN-00006598,34.79,5,restaurant,65,870,4,11.68,14.24,87.87,0,0,0,0,1
TXN-00006599,14.04,10,gaming,25,1169,2,23.73,3.95,76.36,0,0,1,0,0
TXN-00006600,152.82,16,travel,75,730,2,153.52,39.87,70.78,0,0,0,0,0
TXN-00006601,102.26,4,jewelry,40,745,3,97.74,2.59,67.97,0,0,1,0,1
TXN-00006602,29.34,2,restaurant,45,872,4,28.78,4.36,92.64,0,0,1,0,0
TXN-00006603,79.34,2,grocery,33,1184,3,17.5,9.31,69.51,0,0,1,0,0
TXN-00006604,51.11,19,fuel,22,1261,2,68.08,13.89,70.27,0,0,0,0,0
TXN-00006605,86.13,0,grocery,41,1869,3,36.83,32.57,96.58,1,1,1,0,0
TXN-00006606,9.86,15,travel,39,482,3,41.59,6.6,75.18,0,0,1,0,0
TXN-00006607,34.71,13,electronics,43,263,2,25.08,3.63,93.54,0,1,0,0,0
TXN-00006608,38.06,2,electronics,46,1410,5,80.66,2.15,64.23,0,0,1,0,0
TXN-00006609,77.85,13,electronics,54,985,2,36.12,7.15,85.72,1,0,1,0,0
TXN-00006610,20.91,6,grocery,22,298,2,45.85,6.81,80.49,0,0,0,0,0
TXN-00006611,5.0,12,travel,39,864,3,15.38,12.05,55.06,2,0,0,0,0
TXN-00006612,12.99,3,fuel,68,1617,0,18.36,7.39,55.59,0,0,1,0,0
TXN-00006613,37.94,16,electronics,73,730,3,14.45,0.26,57.49,2,0,1,1,0
TXN-00006614,43.25,19,grocery,49,1069,1,40.68,6.52,56.44,0,0,1,0,0
TXN-00006615,236.97,0,fuel,39,644,1,32.06,22.61,67.88,0,0,1,0,0
TXN-00006616,74.58,12,grocery,42,516,2,12.75,21.95,77.33,0,0,1,0,0
TXN-00006617,44.06,15,cash_withdrawal,63,1493,1,37.18,3.26,74.59,0,0,1,1,0
TXN-00006618,39.09,0,restaurant,41,685,1,32.89,6.47,61.28,0,0,1,0,0
TXN-00006619,128.95,17,fuel,72,816,4,10.0,13.1,74.75,0,0,1,0,0
TXN-00006620,21.77,13,cash_withdrawal,19,974,2,18.83,1.64,89.08,0,0,0,0,0
TXN-00006621,34.91,7,electronics,53,637,1,35.33,40.44,74.42,1,0,0,1,0
TXN-00006622,12.89,11,online_shopping,48,2927,6,15.37,26.13,92.77,1,0,1,0,0
TXN-00006623,179.44,16,restaurant,44,1395,2,25.35,24.14,96.36,0,0,1,0,0
TXN-00006624,61.08,15,grocery,45,423,3,18.47,15.72,96.48,0,0,1,0,0
TXN-00006625,19.24,18,restaurant,27,265,2,10.73,12.19,86.05,1,0,1,0,0
TXN-00006626,35.87,0,online_shopping,38,1558,1,10.0,13.02,86.77,0,0,1,0,0
TXN-00006627,69.07,18,cash_withdrawal,38,1085,3,13.91,2.88,79.28,0,0,1,0,0
TXN-00006628,31.09,0,fuel,56,1152,3,108.97,0.04,59.83,1,0,1,0,1
TXN-00006629,23.08,15,gaming,52,881,2,13.38,17.62,83.83,0,0,0,0,0
TXN-00006630,20.35,8,fuel,41,807,6,26.74,9.57,84.17,1,0,0,0,0
TXN-00006631,57.74,1,pharmacy,48,1559,3,28.66,2.34,69.45,1,0,0,1,0
TXN-00006632,27.77,16,fuel,51,510,4,105.59,14.24,60.7,0,0,1,0,0
TXN-00006633,25.12,13,electronics,20,1736,3,10.0,2.07,67.55,0,1,1,0,0
TXN-00006634,9.95,15,electronics,69,1014,2,18.72,0.44,82.14,1,0,0,0,0
TXN-00006635,43.88,9,online_shopping,69,403,2,36.04,45.89,96.74,2,0,1,0,0
TXN-00006636,33.44,6,online_shopping,39,344,1,27.49,10.92,97.48,0,0,1,0,0
TXN-00006637,28.85,14,online_shopping,62,649,6,22.55,3.84,83.9,1,0,1,0,0
TXN-00006638,49.83,5,grocery,41,708,0,42.53,28.45,74.37,0,0,0,0,0
TXN-00006639,88.71,19,restaurant,21,354,3,10.0,18.07,82.59,2,1,0,0,0
TXN-00006640,84.49,16,online_shopping,68,1219,1,24.42,56.09,79.86,0,0,1,1,0
TXN-00006641,72.27,23,online_shopping,33,1318,3,20.35,0.29,67.96,0,1,1,0,1
TXN-00006642,31.42,0,grocery,38,1281,2,52.36,5.04,94.52,0,0,1,0,0
TXN-00006643,22.3,14,grocery,51,1480,9,10.0,6.98,80.26,2,1,0,0,0
TXN-00006644,13.52,13,grocery,43,741,2,25.45,12.47,78.91,0,1,1,1,0
TXN-00006645,21.7,20,online_shopping,33,1128,4,26.17,29.89,76.58,0,0,1,0,0
TXN-00006646,41.29,10,cash_withdrawal,64,1472,5,22.07,0.02,92.04,0,0,0,0,0
TXN-00006647,17.71,22,travel,38,1227,3,19.83,1.64,96.45,0,0,0,0,0
TXN-00006648,44.74,5,electronics,52,1074,2,26.58,3.19,76.23,0,0,0,0,0
TXN-00006649,14.68,20,restaurant,56,1769,2,59.16,0.67,78.33,2,0,1,0,0
TXN-00006650,7.07,12,online_shopping,72,782,6,44.18,3.17,87.14,0,0,1,0,0
TXN-00006651,95.62,22,online_shopping,45,779,3,18.13,40.38,96.36,0,1,1,0,0
TXN-00006652,24.58,5,grocery,45,1014,5,18.04,5.73,86.3,0,0,0,0,0
TXN-00006653,16.8,6,cash_withdrawal,70,1011,1,14.19,3.83,80.41,1,0,1,0,0
TXN-00006654,12.83,13,electronics,45,991,2,55.48,1.85,75.48,1,0,1,0,0
TXN-00006655,63.07,13,gaming,35,371,1,19.49,4.41,86.01,0,0,1,0,0
TXN-00006656,171.34,3,electronics,20,1573,2,12.91,32.01,78.86,0,1,1,0,0
TXN-00006657,26.49,15,grocery,36,1126,3,30.3,4.42,83.3,0,0,1,0,0
TXN-00006658,32.25,9,jewelry,29,181,3,34.16,34.91,86.72,0,0,0,0,0
TXN-00006659,124.61,3,gaming,35,286,2,23.68,12.48,71.09,0,0,1,0,1
TXN-00006660,6.04,12,fuel,49,1761,4,30.55,9.79,74.36,0,0,1,0,0
TXN-00006661,319.01,16,fuel,48,701,6,25.38,25.01,52.3,0,0,1,0,0
TXN-00006662,526.53,0,online_shopping,28,975,3,39.39,7.7,87.23,0,0,1,0,0
TXN-00006663,5.0,22,gaming,44,530,1,33.77,9.66,70.24,1,0,1,0,0
TXN-00006664,36.51,14,fuel,44,3030,3,18.67,18.38,88.62,1,0,1,0,0
TXN-00006665,19.01,6,restaurant,20,899,5,43.13,0.53,68.8,1,0,1,0,0
TXN-00006666,30.63,18,gaming,34,719,4,16.24,20.84,57.19,1,0,0,0,0
TXN-00006667,26.07,20,travel,59,1514,2,14.08,5.93,75.7,0,0,1,0,0
TXN-00006668,94.85,22,restaurant,19,481,3,31.56,0.63,88.88,0,0,1,0,0
TXN-00006669,35.94,18,fuel,35,1620,2,36.16,13.02,57.89,0,1,0,0,0
TXN-00006670,15.54,4,electronics,45,851,0,49.44,19.63,94.48,0,0,1,1,0
TXN-00006671,33.76,3,restaurant,27,1361,3,94.33,4.85,73.42,0,0,0,0,0
TXN-00006672,69.44,5,fuel,55,1085,2,10.0,27.01,78.09,1,0,1,0,0
TXN-00006673,11.67,21,fuel,59,821,1,19.35,14.01,92.06,1,0,1,0,0
TXN-00006674,7.18,7,grocery,37,369,2,30.73,8.03,78.37,2,0,1,0,0
TXN-00006675,327.79,7,cash_withdrawal,31,1008,1,85.05,7.65,85.4,0,0,0,0,0
TXN-00006676,20.6,21,grocery,63,597,3,21.92,6.39,81.76,1,0,1,0,0
TXN-00006677,35.02,4,grocery,30,993,9,10.0,15.76,81.71,1,0,1,0,1
TXN-00006678,26.64,9,electronics,26,1443,4,13.92,62.35,61.14,0,0,0,0,0
TXN-00006679,71.92,7,pharmacy,19,1227,1,24.86,2.44,73.48,0,0,0,0,0
TXN-00006680,260.19,7,fuel,23,154,2,36.53,11.43,83.09,1,0,0,0,0
TXN-00006681,74.36,14,online_shopping,68,778,3,118.56,6.63,73.05,0,0,0,0,0
TXN-00006682,8.21,17,travel,72,660,1,18.5,15.92,55.75,0,0,1,0,0
TXN-00006683,9.46,6,cash_withdrawal,49,706,1,40.05,21.61,84.8,1,1,0,0,0
TXN-00006684,26.6,0,online_shopping,71,1043,4,55.62,4.64,89.61,1,0,0,0,0
TXN-00006685,30.52,15,cash_withdrawal,59,726,4,19.47,1.3,76.32,1,0,0,1,0
TXN-00006686,6.63,13,fuel,41,592,3,83.58,7.75,55.71,0,1,1,0,0
TXN-00006687,95.61,15,online_shopping,59,437,4,19.32,32.33,63.78,1,0,0,0,0
TXN-00006688,12.93,10,travel,42,757,0,14.37,35.53,78.07,0,0,0,1,0
TXN-00006689,194.02,18,restaurant,73,1388,1,76.68,15.62,71.99,0,0,0,0,0
TXN-00006690,273.6,14,fuel,67,1424,3,27.33,35.05,77.88,0,0,1,0,0
TXN-00006691,31.17,18,electronics,66,1096,1,13.57,51.11,72.3,0,0,1,0,0
TXN-00006692,64.13,17,online_shopping,48,250,3,21.15,1.61,89.27,0,0,0,1,0
TXN-00006693,11.09,11,restaurant,48,1040,1,17.63,13.77,81.51,1,1,1,0,0
TXN-00006694,77.86,7,fuel,24,1867,3,19.57,11.38,98.44,1,0,0,0,0
TXN-00006695,23.97,13,electronics,55,460,1,31.52,10.67,71.89,1,0,1,0,0
TXN-00006696,12.92,15,travel,24,740,4,22.41,28.64,79.23,0,0,1,0,0
TXN-00006697,29.85,13,fuel,49,1395,2,107.06,11.07,80.63,0,0,1,0,0
TXN-00006698,24.8,12,grocery,25,272,4,22.21,51.43,48.51,1,0,0,0,0
TXN-00006699,28.75,8,grocery,45,749,3,25.41,25.22,84.88,0,0,0,0,0
TXN-00006700,109.64,3,electronics,63,2080,4,73.4,2.41,66.43,1,0,1,0,0
TXN-00006701,17.73,10,grocery,35,1961,5,62.99,3.62,85.66,0,0,1,0,0
TXN-00006702,250.08,21,electronics,52,1969,4,45.72,12.4,93.46,0,0,1,0,0
TXN-00006703,10.06,17,electronics,33,755,1,21.62,2.7,71.6,1,0,0,0,0
TXN-00006704,220.57,18,restaurant,35,1752,5,71.6,62.77,78.78,2,0,0,0,0
TXN-00006705,13.91,17,grocery,28,1061,3,21.8,7.24,83.2,1,0,0,0,0
TXN-00006706,40.4,22,fuel,27,579,5,14.04,19.56,97.98,0,0,1,0,0
TXN-00006707,24.17,5,electronics,39,673,4,19.02,8.34,63.57,0,0,1,0,0
TXN-00006708,28.19,17,cash_withdrawal,25,1177,3,47.14,24.97,56.12,0,0,0,0,0
TXN-00006709,93.82,1,grocery,69,255,5,23.64,53.67,66.3,1,0,1,0,0
TXN-00006710,195.35,5,restaurant,61,867,2,31.95,28.91,59.93,0,0,0,0,1
TXN-00006711,141.18,0,online_shopping,30,1001,4,14.82,0.45,62.53,2,0,0,0,1
TXN-00006712,26.44,10,restaurant,69,1291,1,47.89,17.0,95.15,0,0,0,0,0
TXN-00006713,49.08,3,restaurant,39,310,1,17.35,12.07,84.42,0,0,1,0,0
TXN-00006714,17.79,9,travel,48,873,6,15.79,1.68,80.86,1,0,0,0,0
TXN-00006715,14.28,3,travel,58,1486,2,24.44,3.4,73.14,0,0,0,0,0
TXN-00006716,12.14,0,fuel,62,2359,3,12.02,26.27,86.59,1,0,1,0,0
TXN-00006717,25.55,11,grocery,18,579,3,15.4,1.28,86.46,1,0,1,0,0
TXN-00006718,52.57,9,jewelry,34,1746,2,15.93,9.57,96.5,0,0,0,0,0
TXN-00006719,5.43,10,grocery,37,1443,2,32.59,7.93,70.86,2,0,1,0,0
TXN-00006720,38.53,8,pharmacy,51,1892,2,17.66,34.34,49.38,2,0,0,0,0
TXN-00006721,198.71,9,online_shopping,68,266,3,34.08,11.38,81.59,2,0,1,0,0
TXN-00006722,131.37,0,grocery,43,1332,2,25.27,18.68,63.46,0,0,0,0,0
TXN-00006723,21.88,11,online_shopping,44,1725,1,20.64,21.94,78.72,0,0,0,0,0
TXN-00006724,9.33,20,restaurant,23,934,5,62.6,1.43,86.46,0,1,1,0,0
TXN-00006725,65.55,3,grocery,48,794,0,10.0,5.13,74.7,0,0,1,0,0
TXN-00006726,5.0,3,electronics,46,1007,0,41.85,6.03,92.34,0,0,1,0,0
TXN-00006727,129.76,18,fuel,54,1655,3,13.41,24.35,86.17,0,1,0,0,1
TXN-00006728,32.32,12,online_shopping,67,596,2,16.51,3.4,70.13,0,0,1,0,0
TXN-00006729,276.68,6,restaurant,50,571,4,21.18,8.2,73.09,0,0,1,0,0
TXN-00006730,6.6,18,online_shopping,21,208,3,24.16,9.83,84.17,0,1,0,0,0
TXN-00006731,106.07,7,grocery,65,884,4,27.07,9.55,93.84,0,1,1,0,1
TXN-00006732,36.4,14,electronics,45,406,1,30.0,11.7,69.94,1,0,1,0,0
TXN-00006733,28.57,13,cash_withdrawal,46,894,3,20.09,30.56,95.67,0,0,1,0,0
TXN-00006734,9.6,4,electronics,68,530,1,10.0,9.38,85.06,0,0,0,1,0
TXN-00006735,75.61,18,travel,52,690,4,17.37,7.95,97.23,0,0,1,0,0
TXN-00006736,82.26,14,restaurant,63,753,1,47.91,24.51,74.6,0,0,0,1,0
TXN-00006737,263.59,5,fuel,69,1030,3,40.1,58.14,92.26,0,0,1,0,0
TXN-00006738,116.57,18,fuel,46,1075,1,40.91,1.13,74.87,0,1,1,0,1
TXN-00006739,21.68,14,fuel,74,823,3,23.67,5.54,80.37,0,0,0,0,0
TXN-00006740,14.1,20,online_shopping,27,730,2,38.01,27.83,83.32,1,0,0,0,0
TXN-00006741,9.61,19,fuel,68,685,2,20.47,26.61,81.84,1,0,0,0,0
TXN-00006742,189.97,7,travel,67,340,4,21.8,4.48,65.32,1,0,0,0,0
TXN-00006743,17.87,22,fuel,23,1656,2,18.95,0.16,73.63,0,0,0,0,0
TXN-00006744,191.38,0,grocery,26,579,0,51.8,41.09,93.78,0,0,1,0,0
TXN-00006745,70.2,8,gaming,20,952,2,10.0,62.47,89.46,0,0,1,0,0
TXN-00006746,57.19,14,electronics,34,447,2,29.88,16.68,81.72,0,0,0,0,0
TXN-00006747,29.31,12,online_shopping,75,1316,2,29.87,46.39,67.27,0,0,1,0,0
TXN-00006748,80.94,5,online_shopping,25,966,5,31.5,7.42,61.35,1,0,1,1,0
TXN-00006749,39.8,4,electronics,19,1118,1,26.14,29.99,89.43,0,0,1,0,0
TXN-00006750,27.45,18,fuel,44,437,1,61.55,5.24,79.59,0,0,0,0,0
TXN-00006751,84.0,21,grocery,38,1147,1,28.31,7.48,58.59,2,0,0,0,0
TXN-00006752,34.77,16,cash_withdrawal,54,272,0,24.01,0.57,52.8,0,0,1,0,0
TXN-00006753,17.49,12,fuel,53,642,3,42.09,1.61,38.25,0,0,1,0,0
TXN-00006754,75.93,18,gaming,65,2920,1,10.0,7.75,52.26,0,0,0,0,0
TXN-00006755,37.82,5,restaurant,42,472,2,17.18,14.85,99.55,1,0,0,0,0
TXN-00006756,67.58,23,travel,44,958,2,54.76,0.83,80.43,1,0,1,0,0
TXN-00006757,25.11,2,restaurant,19,1715,1,33.04,50.71,62.61,2,0,0,0,0
TXN-00006758,11.36,14,pharmacy,74,1246,1,11.11,19.22,89.67,0,0,1,1,0
TXN-00006759,250.09,8,pharmacy,30,1898,3,151.71,15.63,86.32,0,0,1,1,0
TXN-00006760,205.19,21,fuel,52,980,1,24.8,30.24,90.75,0,0,1,0,0
TXN-00006761,102.31,5,pharmacy,69,1330,1,16.79,5.34,66.7,1,0,1,1,1
TXN-00006762,26.92,15,restaurant,53,1544,4,10.89,41.29,83.18,1,0,1,0,0
TXN-00006763,29.51,3,restaurant,54,1535,3,66.59,14.06,67.47,0,0,0,0,0
TXN-00006764,172.68,4,gaming,28,424,4,15.03,22.53,75.55,1,1,1,0,1
TXN-00006765,27.9,9,jewelry,59,572,4,21.47,9.58,91.39,0,0,0,0,0
TXN-00006766,20.82,19,online_shopping,29,1453,2,34.23,38.08,80.38,1,1,0,0,1
TXN-00006767,288.83,6,online_shopping,58,1910,3,10.0,15.24,50.45,0,0,0,0,1
TXN-00006768,38.47,16,online_shopping,51,549,1,47.1,7.56,58.57,1,0,1,0,0
TXN-00006769,259.0,13,pharmacy,46,595,2,15.42,26.99,87.1,1,0,1,0,0
TXN-00006770,9.32,23,gaming,59,1239,3,55.73,3.85,89.73,1,0,1,1,0
TXN-00006771,69.69,7,grocery,59,730,2,33.27,13.76,89.67,0,0,1,1,0
TXN-00006772,355.9,5,gaming,29,1499,3,58.17,31.5,83.17,1,0,0,0,1
TXN-00006773,41.73,21,cash_withdrawal,39,1295,2,31.63,7.85,81.65,0,1,1,0,0
TXN-00006774,30.65,7,online_shopping,46,1606,4,53.97,14.7,61.84,1,0,1,0,0
TXN-00006775,11.87,5,gaming,26,790,0,37.27,3.75,79.35,0,0,1,0,0
TXN-00006776,126.02,19,grocery,38,707,1,26.68,87.16,52.32,0,0,1,1,0
TXN-00006777,18.02,19,travel,20,601,2,34.61,10.26,85.09,2,0,0,1,0
TXN-00006778,36.61,1,electronics,43,1886,2,10.0,1.04,84.79,0,0,1,0,0
TXN-00006779,11.06,20,online_shopping,29,437,2,19.48,12.91,98.09,1,0,0,0,0
TXN-00006780,207.42,15,grocery,30,405,3,59.82,29.0,75.89,0,0,1,0,1
TXN-00006781,136.0,6,grocery,65,996,1,12.09,4.4,62.23,1,0,1,0,0
TXN-00006782,39.13,12,electronics,26,700,2,19.0,10.7,78.14,0,0,1,0,0
TXN-00006783,12.04,5,travel,25,1550,2,10.35,0.01,74.21,0,0,1,0,0
TXN-00006784,202.9,4,pharmacy,36,386,1,10.0,10.62,88.15,1,0,0,0,0
TXN-00006785,27.54,3,travel,19,836,3,21.53,28.99,80.95,1,0,0,1,1
TXN-00006786,12.67,3,fuel,68,300,0,36.14,17.07,66.53,1,0,1,0,0
TXN-00006787,6.36,13,online_shopping,75,764,6,22.98,8.7,80.21,1,0,0,1,1
TXN-00006788,20.53,19,travel,64,984,0,12.13,8.09,94.17,0,0,0,0,0
TXN-00006789,8.78,11,grocery,64,901,4,12.73,8.7,88.09,1,0,1,0,0
TXN-00006790,21.03,0,grocery,23,868,0,14.61,42.4,86.59,0,1,1,0,0
TXN-00006791,88.38,10,fuel,50,1301,4,22.53,21.18,77.9,0,0,1,1,1
TXN-00006792,27.27,17,cash_withdrawal,23,532,2,14.71,37.72,93.86,0,0,0,0,0
TXN-00006793,58.76,20,travel,35,1131,4,55.73,0.17,60.94,0,0,0,0,0
TXN-00006794,18.93,17,grocery,46,851,1,17.15,6.26,68.63,0,0,1,0,0
TXN-00006795,43.31,8,restaurant,57,771,1,19.87,11.44,73.27,0,0,1,0,0
TXN-00006796,303.98,15,grocery,34,1195,1,38.48,13.18,61.04,0,0,1,0,0
TXN-00006797,28.05,1,electronics,32,1024,2,10.0,3.2,53.73,0,0,0,0,0
TXN-00006798,60.56,9,cash_withdrawal,65,1168,1,73.05,10.82,71.09,0,1,0,0,0
TXN-00006799,7.82,12,electronics,31,2292,1,46.75,26.35,83.93,1,0,1,0,0
TXN-00006800,199.56,0,gaming,46,846,3,45.92,7.79,46.74,0,0,0,0,1
TXN-00006801,24.51,0,restaurant,34,414,4,16.87,10.13,81.79,0,0,1,0,0
TXN-00006802,121.88,19,electronics,67,541,4,15.57,4.94,74.07,0,1,0,0,0
TXN-00006803,35.54,5,grocery,49,1877,0,18.36,0.06,88.13,1,0,0,0,0
TXN-00006804,76.87,3,electronics,24,754,4,21.19,2.25,82.15,1,1,1,0,1
TXN-00006805,81.82,14,grocery,26,1297,3,62.21,0.68,70.8,1,0,0,0,0
TXN-00006806,25.15,6,restaurant,74,899,3,10.0,10.88,79.2,4,0,1,1,1
TXN-00006807,127.29,23,grocery,72,487,3,63.78,5.49,49.9,1,0,0,0,0
TXN-00006808,18.23,22,jewelry,62,1018,1,23.8,8.9,69.54,0,0,0,0,0
TXN-00006809,91.55,19,grocery,22,621,1,55.06,23.27,75.31,1,0,0,0,0
TXN-00006810,26.85,7,online_shopping,60,666,2,35.15,6.26,92.84,1,0,0,0,0
TXN-00006811,58.38,21,jewelry,56,902,4,41.48,3.41,81.55,0,0,0,1,0
TXN-00006812,24.9,6,fuel,72,334,1,50.89,19.97,80.88,1,0,1,0,0
TXN-00006813,42.63,5,electronics,46,1281,2,25.33,7.0,74.91,1,0,1,0,0
TXN-00006814,13.09,23,travel,45,709,5,14.77,70.34,85.34,0,0,1,0,0
TXN-00006815,52.45,16,restaurant,54,1372,4,15.21,26.59,75.74,0,0,1,0,0
TXN-00006816,42.37,2,restaurant,26,1346,2,51.23,36.27,98.96,0,0,0,1,1
TXN-00006817,22.94,21,pharmacy,61,829,5,74.69,10.3,83.08,0,0,0,1,1
TXN-00006818,38.18,3,online_shopping,46,984,2,17.07,69.76,91.01,0,0,1,0,0
TXN-00006819,46.56,16,pharmacy,28,1137,3,56.6,8.79,86.59,0,0,1,0,0
TXN-00006820,21.18,10,cash_withdrawal,65,752,2,51.44,18.08,46.12,1,0,1,0,0
TXN-00006821,35.33,0,fuel,33,288,2,10.29,1.16,83.67,0,0,1,0,0
TXN-00006822,14.07,18,pharmacy,67,1014,3,50.25,12.5,77.62,1,0,0,0,0
TXN-00006823,474.86,16,pharmacy,33,1539,2,18.65,9.62,81.55,1,0,0,0,0
TXN-00006824,122.99,21,fuel,46,608,2,73.69,2.17,82.15,0,0,1,0,0
TXN-00006825,53.88,14,online_shopping,43,1411,3,32.41,1.25,89.76,1,0,1,0,0
TXN-00006826,138.48,18,electronics,60,451,3,140.93,21.97,93.53,0,0,1,0,0
TXN-00006827,5.06,21,electronics,28,798,4,27.38,50.45,84.47,0,0,1,0,0
TXN-00006828,5.0,23,fuel,32,865,3,18.73,29.61,42.91,1,0,0,1,1
TXN-00006829,26.6,13,grocery,29,913,4,39.75,12.64,83.99,2,0,0,0,0
TXN-00006830,9.51,0,online_shopping,31,557,2,46.58,8.21,84.35,0,0,0,0,0
TXN-00006831,31.55,8,gaming,44,454,1,40.96,13.94,65.91,0,0,1,0,0
TXN-00006832,50.2,14,online_shopping,52,815,1,22.14,49.95,53.1,0,0,0,0,0
TXN-00006833,106.32,2,restaurant,68,1213,4,46.98,0.21,80.47,0,1,1,0,0
TXN-00006834,12.24,2,gaming,42,603,0,13.21,46.42,87.73,0,0,1,0,1
TXN-00006835,61.54,9,electronics,41,852,1,10.0,6.65,83.16,0,1,1,0,0
TXN-00006836,41.06,21,electronics,27,2293,3,35.92,4.46,76.85,0,0,1,0,0
TXN-00006837,58.26,7,pharmacy,23,1057,2,121.2,5.95,92.91,0,0,1,0,0
TXN-00006838,23.44,22,travel,62,813,1,42.43,13.59,96.22,0,0,1,0,0
TXN-00006839,172.83,19,grocery,54,894,3,17.2,26.45,63.73,1,0,1,0,0
TXN-00006840,36.28,7,grocery,48,2069,0,23.07,5.49,92.41,0,0,1,0,0
TXN-00006841,260.58,5,grocery,43,1234,2,28.5,3.8,69.29,3,0,1,1,0
TXN-00006842,17.64,19,jewelry,48,622,2,15.79,9.74,83.4,2,0,1,1,0
TXN-00006843,88.23,18,pharmacy,67,1290,0,14.96,19.08,93.35,0,0,0,0,0
TXN-00006844,37.99,15,travel,28,508,3,36.36,5.42,59.01,0,0,0,0,0
TXN-00006845,28.67,23,fuel,46,967,1,37.69,35.52,65.92,0,0,0,0,0
TXN-00006846,78.57,2,online_shopping,31,1673,2,15.53,12.47,57.06,0,0,0,0,0
TXN-00006847,29.54,9,jewelry,24,972,2,11.63,12.2,81.95,1,0,1,0,0
TXN-00006848,5.0,14,restaurant,58,487,1,24.6,34.29,55.93,0,0,0,0,0
TXN-00006849,5.0,1,gaming,58,925,2,21.36,1.8,58.13,1,0,1,0,0
TXN-00006850,153.86,23,electronics,67,1667,3,42.6,26.31,77.17,0,0,1,1,0
TXN-00006851,147.2,13,electronics,19,597,4,17.23,5.86,77.19,0,1,1,0,1
TXN-00006852,293.45,7,restaurant,28,1280,2,34.59,4.94,69.32,0,0,1,0,0
TXN-00006853,39.71,5,online_shopping,51,1713,2,36.52,26.67,69.91,0,0,1,0,0
TXN-00006854,10.41,0,online_shopping,65,1124,2,46.74,8.49,63.75,1,0,1,0,0
TXN-00006855,26.03,14,electronics,72,944,2,26.5,2.39,44.62,1,1,0,0,0
TXN-00006856,40.94,23,online_shopping,63,625,1,17.88,2.97,95.98,1,0,1,0,0
TXN-00006857,14.05,0,restaurant,70,669,2,22.98,0.68,85.28,1,0,1,0,1
TXN-00006858,228.38,9,online_shopping,65,809,1,24.66,18.83,49.12,1,0,1,0,0
TXN-00006859,424.74,15,pharmacy,36,1297,3,101.49,54.65,89.5,0,0,1,0,0
TXN-00006860,66.83,10,electronics,51,2572,2,19.76,5.89,75.78,1,0,1,0,0
TXN-00006861,39.99,15,gaming,54,601,2,95.31,0.32,77.47,0,0,0,0,0
TXN-00006862,10.38,17,electronics,38,1212,1,28.76,8.78,83.63,1,0,1,0,0
TXN-00006863,205.15,23,online_shopping,69,1513,3,21.5,3.27,92.67,1,0,1,0,0
TXN-00006864,43.82,14,online_shopping,62,937,1,18.02,0.72,86.59,0,0,0,1,0
TXN-00006865,29.86,17,restaurant,47,916,4,13.8,18.82,78.22,0,0,1,0,0
TXN-00006866,67.04,7,restaurant,45,384,2,24.67,1.84,66.35,0,0,0,0,1
TXN-00006867,21.87,3,cash_withdrawal,63,1014,1,26.59,1.8,65.73,1,1,0,0,1
TXN-00006868,47.19,2,restaurant,30,894,0,27.99,8.09,71.78,0,0,1,0,0
TXN-00006869,8.89,2,grocery,30,765,1,116.7,36.77,85.49,0,0,1,0,0
TXN-00006870,126.65,19,grocery,41,1099,3,68.15,12.48,70.53,0,0,1,0,0
TXN-00006871,36.25,0,fuel,25,533,2,29.4,3.94,88.97,0,0,1,0,0
TXN-00006872,136.56,11,grocery,44,592,3,21.28,4.3,90.76,0,0,0,0,0
TXN-00006873,32.75,14,electronics,43,1025,3,11.07,0.91,84.6,1,0,0,1,1
TXN-00006874,35.06,16,online_shopping,47,1876,2,32.87,19.3,51.47,1,0,0,0,0
TXN-00006875,11.33,1,restaurant,44,843,5,52.75,3.26,79.82,0,0,1,0,0
TXN-00006876,89.81,20,fuel,70,938,1,64.82,19.22,94.59,0,1,0,0,0
TXN-00006877,16.12,10,fuel,33,922,2,19.26,13.74,71.02,0,0,1,0,0
TXN-00006878,24.27,0,online_shopping,41,520,2,11.47,10.03,62.0,0,0,1,0,0
TXN-00006879,40.49,3,fuel,60,789,3,27.85,23.26,97.54,0,0,0,0,0
TXN-00006880,45.94,20,travel,34,1000,0,37.86,19.89,71.41,0,0,0,0,0
TXN-00006881,6.74,22,restaurant,56,989,2,22.34,12.03,80.9,0,1,0,1,0
TXN-00006882,31.74,18,grocery,73,1144,1,37.64,4.66,92.2,1,1,0,0,0
TXN-00006883,93.22,8,gaming,39,507,1,25.7,32.26,55.47,0,0,0,0,1
TXN-00006884,27.19,22,cash_withdrawal,32,654,1,30.64,15.35,72.94,1,1,1,0,0
TXN-00006885,31.95,6,online_shopping,29,334,2,32.29,3.67,81.11,2,0,0,0,0
TXN-00006886,47.97,5,grocery,18,1738,3,26.42,1.94,44.24,1,0,0,0,0
TXN-00006887,35.44,18,pharmacy,34,732,2,12.03,4.75,75.94,0,0,1,0,0
TXN-00006888,13.71,7,online_shopping,67,1052,7,60.85,73.06,64.85,2,0,1,0,0
TXN-00006889,38.93,12,grocery,32,910,3,18.83,16.34,80.2,0,0,0,1,0
TXN-00006890,114.87,15,cash_withdrawal,73,209,7,10.0,11.86,69.21,0,0,1,0,0
TXN-00006891,13.41,3,restaurant,73,454,3,25.52,23.39,61.91,0,0,0,0,0
TXN-00006892,27.3,22,gaming,57,890,10,34.81,2.66,96.48,3,0,0,1,1
TXN-00006893,9.48,3,restaurant,74,1203,2,50.51,32.76,87.41,0,0,0,0,0
TXN-00006894,108.68,23,travel,41,1156,2,31.16,3.21,86.47,1,0,1,0,0
TXN-00006895,36.71,6,grocery,73,418,4,28.66,11.9,89.89,0,0,1,0,0
TXN-00006896,16.56,10,electronics,49,518,0,30.07,33.95,92.44,0,0,1,0,0
TXN-00006897,44.56,6,cash_withdrawal,22,1105,4,17.22,4.58,72.35,0,0,1,0,1
TXN-00006898,11.43,12,grocery,66,1151,4,21.8,26.91,80.94,1,0,0,0,0
TXN-00006899,13.66,0,online_shopping,73,404,4,48.18,1.63,83.11,0,0,0,0,0
TXN-00006900,8.73,4,restaurant,69,1102,2,19.6,19.51,91.42,0,0,1,0,0
TXN-00006901,13.2,12,fuel,42,887,4,29.89,36.61,68.9,0,0,1,0,0
TXN-00006902,168.21,16,online_shopping,23,802,4,20.69,36.03,76.58,0,0,1,0,0
TXN-00006903,18.73,23,grocery,51,1904,4,18.11,9.81,89.85,0,1,1,0,0
TXN-00006904,65.99,20,fuel,68,844,6,24.22,14.76,76.46,0,0,1,0,0
TXN-00006905,16.81,22,online_shopping,66,684,4,24.47,29.43,90.4,0,0,1,0,0
TXN-00006906,89.79,19,pharmacy,53,1338,2,24.96,4.66,50.8,0,1,0,0,1
TXN-00006907,13.77,18,travel,63,1310,1,32.74,10.03,86.74,1,0,0,1,1
TXN-00006908,42.15,8,online_shopping,19,1691,1,10.0,5.54,48.73,2,0,1,0,0
TXN-00006909,42.76,21,jewelry,54,1267,1,20.83,22.17,77.6,1,0,1,0,0
TXN-00006910,466.0,23,online_shopping,24,1242,5,39.2,7.45,49.29,1,1,1,0,1
TXN-00006911,78.41,12,electronics,61,924,1,67.68,28.74,53.78,0,0,1,0,0
TXN-00006912,21.7,2,online_shopping,20,2457,3,12.53,24.76,82.52,0,0,0,0,1
TXN-00006913,83.04,1,restaurant,52,534,3,13.41,4.4,67.87,0,0,1,0,0
TXN-00006914,381.87,11,grocery,73,1167,6,31.45,30.61,69.95,0,0,1,0,0
TXN-00006915,7.31,15,restaurant,24,502,5,52.81,7.56,96.65,0,1,0,0,0
TXN-00006916,16.7,13,electronics,42,923,2,16.63,40.51,95.41,0,0,1,0,0
TXN-00006917,31.54,21,restaurant,20,909,1,10.0,25.39,88.94,1,0,1,0,0
TXN-00006918,26.1,12,restaurant,59,922,4,31.8,43.9,89.86,0,0,1,0,0
TXN-00006919,28.52,15,pharmacy,71,317,2,15.59,26.34,52.86,1,0,0,1,1
TXN-00006920,10.28,18,online_shopping,18,730,2,76.11,2.02,92.87,0,0,1,0,0
TXN-00006921,176.65,21,grocery,49,2684,4,25.21,2.17,19.69,0,0,1,0,0
TXN-00006922,9.08,14,jewelry,64,976,1,12.73,16.07,81.62,0,0,1,0,0
TXN-00006923,32.78,13,online_shopping,19,1478,3,15.24,11.88,97.73,0,0,1,0,0
TXN-00006924,121.28,1,electronics,45,1101,2,29.85,5.93,78.66,0,0,1,0,0
TXN-00006925,39.19,15,restaurant,25,2317,3,21.84,34.33,68.22,0,0,0,0,0
TXN-00006926,14.46,4,online_shopping,71,1107,1,28.96,20.77,81.75,1,0,0,0,0
TXN-00006927,9.81,8,restaurant,47,979,1,181.25,29.07,95.59,0,0,1,0,0
TXN-00006928,31.77,12,online_shopping,48,439,2,13.73,20.8,55.5,0,0,0,0,0
TXN-00006929,18.27,1,restaurant,75,450,3,44.26,0.92,46.34,1,1,0,0,1
TXN-00006930,50.17,16,restaurant,63,667,3,64.14,1.29,68.86,1,0,1,0,0
TXN-00006931,9.29,6,grocery,36,830,6,58.89,7.68,52.94,1,0,1,0,0
TXN-00006932,94.98,12,travel,54,476,5,14.09,29.99,97.09,0,0,1,0,0
TXN-00006933,45.66,8,electronics,35,973,0,29.04,3.6,73.64,0,0,0,0,0
TXN-00006934,49.37,8,fuel,48,955,1,10.63,19.44,62.52,0,0,0,0,0
TXN-00006935,183.67,9,online_shopping,65,2024,3,45.23,21.32,69.99,1,0,0,0,1
TXN-00006936,25.54,1,online_shopping,72,2171,2,20.07,22.83,59.23,1,0,1,0,0
TXN-00006937,18.88,4,travel,73,1339,1,33.61,0.37,78.78,1,0,1,1,0
TXN-00006938,22.76,18,restaurant,46,1358,1,66.09,6.96,96.55,1,0,1,0,0
TXN-00006939,33.04,2,grocery,69,1600,1,31.7,6.9,92.99,0,0,1,0,0
TXN-00006940,36.76,11,gaming,69,1111,3,31.35,32.45,23.57,0,0,0,0,0
TXN-00006941,16.91,3,electronics,49,1643,3,23.52,22.77,86.95,0,0,1,0,0
TXN-00006942,5.0,12,restaurant,20,416,2,61.53,7.63,97.73,0,0,1,0,0
TXN-00006943,22.44,15,grocery,24,1432,0,19.02,4.83,81.84,1,0,0,0,0
TXN-00006944,59.02,11,cash_withdrawal,56,491,4,35.99,0.93,58.01,0,0,1,0,0
TXN-00006945,46.67,18,electronics,66,530,1,39.72,5.93,53.25,1,0,1,1,0
TXN-00006946,142.53,6,electronics,70,1590,1,44.72,13.54,77.42,0,0,0,1,0
TXN-00006947,315.22,13,pharmacy,32,630,2,33.62,3.83,81.84,0,0,0,0,0
TXN-00006948,89.77,6,grocery,70,540,4,14.36,19.11,96.84,0,0,1,0,0
TXN-00006949,172.72,12,pharmacy,65,1150,7,27.47,16.44,89.64,0,0,1,0,0
TXN-00006950,90.48,1,restaurant,46,595,1,10.0,7.22,74.36,0,0,0,0,1
TXN-00006951,243.57,6,online_shopping,39,541,2,23.44,13.21,70.76,0,0,0,0,0
TXN-00006952,282.42,16,electronics,45,388,2,41.95,0.85,69.93,1,0,1,0,1
TXN-00006953,109.81,18,cash_withdrawal,57,716,3,52.73,13.32,75.32,0,0,1,0,0
TXN-00006954,84.92,6,online_shopping,65,1332,1,18.29,9.01,79.99,0,0,1,1,0
TXN-00006955,32.61,6,fuel,27,1432,1,104.97,5.63,99.39,1,0,0,0,0
TXN-00006956,38.73,7,restaurant,37,808,3,10.18,34.98,94.84,0,0,0,0,0
TXN-00006957,28.37,6,restaurant,24,2003,4,37.56,4.38,70.09,0,1,1,0,0
TXN-00006958,77.66,23,cash_withdrawal,72,1184,2,40.05,21.02,66.28,2,0,1,0,0
TXN-00006959,18.98,15,cash_withdrawal,41,1606,1,40.51,5.59,72.79,0,1,1,0,0
TXN-00006960,33.09,9,restaurant,32,672,3,36.1,0.38,89.41,1,0,0,0,0
TXN-00006961,5.0,11,online_shopping,29,774,3,29.46,12.52,79.37,0,0,1,0,0
TXN-00006962,246.96,12,fuel,22,834,0,83.97,6.14,83.7,0,0,1,0,0
TXN-00006963,32.09,13,grocery,45,768,2,14.24,20.13,62.99,0,0,0,0,0
TXN-00006964,65.26,9,restaurant,62,225,1,22.65,35.0,95.19,1,0,1,1,0
TXN-00006965,186.92,23,pharmacy,36,948,1,30.23,5.02,68.31,0,0,1,1,0
TXN-00006966,55.44,6,fuel,41,1102,2,25.57,0.92,95.17,0,0,0,1,0
TXN-00006967,184.3,10,electronics,54,1066,1,15.31,11.99,74.25,0,0,1,0,0
TXN-00006968,10.98,0,electronics,38,2116,2,41.68,6.52,79.11,0,1,1,0,0
TXN-00006969,501.32,11,restaurant,60,2200,2,33.07,1.2,93.41,0,0,1,1,0
TXN-00006970,126.65,20,travel,36,320,2,83.85,12.47,57.46,0,0,1,0,0
TXN-00006971,50.38,23,fuel,43,1811,5,47.76,4.79,94.9,0,0,0,0,1
TXN-00006972,180.61,11,fuel,74,2055,3,57.02,12.17,30.17,0,0,1,0,1
TXN-00006973,11.86,3,grocery,66,257,1,55.61,28.78,63.74,0,0,1,0,0
TXN-00006974,29.87,17,electronics,51,1306,2,14.61,2.6,87.35,0,0,0,0,0
TXN-00006975,184.28,15,gaming,40,961,5,22.81,49.27,77.32,0,0,1,0,0
TXN-00006976,5.69,23,restaurant,75,2001,3,23.24,3.27,80.01,0,0,0,1,0
TXN-00006977,72.86,12,cash_withdrawal,44,1935,2,59.01,60.18,94.06,0,0,0,0,0
TXN-00006978,70.72,0,pharmacy,37,3217,3,32.02,18.57,87.68,1,1,1,1,1
TXN-00006979,319.8,21,fuel,52,1330,2,29.33,6.83,94.7,1,0,1,0,1
TXN-00006980,7.67,16,restaurant,42,1209,3,28.06,27.27,58.56,0,0,1,0,0
TXN-00006981,219.23,19,restaurant,69,594,4,58.82,52.3,75.3,1,0,1,1,1
TXN-00006982,22.48,2,grocery,30,706,3,15.39,18.8,85.57,2,0,1,0,0
TXN-00006983,25.3,10,fuel,20,1239,2,30.13,6.56,80.22,0,0,1,0,0
TXN-00006984,11.21,10,pharmacy,42,688,3,77.53,3.65,43.4,0,0,0,0,0
TXN-00006985,12.91,6,travel,73,958,0,41.07,7.86,95.99,0,0,1,0,0
TXN-00006986,61.79,20,online_shopping,21,348,1,23.15,35.51,65.81,1,0,0,0,0
TXN-00006987,12.58,4,online_shopping,64,993,2,35.26,66.27,69.43,1,0,1,0,0
TXN-00006988,88.0,1,restaurant,18,279,3,11.49,10.1,88.8,0,0,0,1,0
TXN-00006989,20.16,5,online_shopping,50,1578,2,19.1,4.04,98.13,0,1,1,0,0
TXN-00006990,11.32,23,grocery,44,1021,1,24.08,23.59,83.14,1,0,1,0,0
TXN-00006991,23.24,2,fuel,27,658,0,14.44,19.27,70.38,0,1,1,0,0
TXN-00006992,57.6,13,online_shopping,61,860,2,45.92,1.98,76.99,0,0,1,0,0
TXN-00006993,30.23,4,restaurant,28,693,3,13.76,5.2,72.23,0,0,0,0,1
TXN-00006994,41.93,9,fuel,43,573,5,63.88,4.49,71.71,1,0,1,0,0
TXN-00006995,84.02,13,electronics,50,745,5,41.85,18.04,82.53,1,0,0,0,0
TXN-00006996,126.03,0,fuel,48,748,5,19.32,27.72,73.45,2,0,0,0,0
TXN-00006997,29.21,5,online_shopping,19,814,1,21.19,8.02,86.76,3,0,0,0,0
TXN-00006998,13.51,14,travel,43,213,1,29.36,13.26,96.69,0,0,1,0,0
TXN-00006999,43.81,0,online_shopping,55,1640,0,52.92,0.61,55.22,0,0,1,0,0
TXN-00007000,66.3,11,online_shopping,48,1657,3,28.26,0.95,72.27,0,0,0,0,0
TXN-00007001,8.73,14,jewelry,60,916,2,56.52,4.44,54.55,1,0,1,0,0
TXN-00007002,15.88,5,fuel,62,2254,1,29.3,1.82,78.2,0,0,1,0,0
TXN-00007003,19.01,3,restaurant,28,775,2,44.83,7.06,70.6,0,0,0,0,1
TXN-00007004,32.52,11,restaurant,64,980,2,75.61,7.16,77.07,0,0,1,0,0
TXN-00007005,18.19,17,online_shopping,69,1200,1,33.96,8.75,60.62,0,0,0,0,0
TXN-00007006,84.98,0,online_shopping,66,966,1,14.91,7.88,69.55,0,0,1,0,0
TXN-00007007,7.5,8,grocery,67,660,2,26.09,17.73,98.02,0,0,1,0,0
TXN-00007008,7.7,23,restaurant,30,943,1,103.99,0.89,90.64,1,0,0,0,1
TXN-00007009,28.49,8,pharmacy,55,414,1,21.23,2.96,95.55,1,0,0,1,0
TXN-00007010,33.63,7,online_shopping,44,575,1,10.0,3.16,95.1,0,1,0,0,0
TXN-00007011,8.78,17,grocery,75,1478,4,15.94,8.05,93.15,0,1,0,0,0
TXN-00007012,21.39,11,fuel,66,2919,2,25.32,4.26,60.2,1,0,0,0,0
TXN-00007013,26.55,9,grocery,27,647,5,40.43,34.86,94.19,1,0,0,0,1
TXN-00007014,26.76,18,online_shopping,72,840,2,62.03,33.32,83.43,1,0,0,0,0
TXN-00007015,47.44,0,restaurant,58,813,4,17.41,6.53,81.06,0,0,1,0,0
TXN-00007016,20.19,17,cash_withdrawal,49,1055,1,69.99,5.91,86.38,2,0,1,0,0
TXN-00007017,190.9,9,travel,43,1571,2,47.05,26.86,71.57,0,0,1,0,0
TXN-00007018,67.53,21,travel,46,1002,1,58.74,9.46,95.08,0,0,0,0,0
TXN-00007019,17.33,17,gaming,62,427,3,55.96,11.31,56.21,0,0,0,0,0
TXN-00007020,44.67,22,restaurant,62,676,2,23.04,16.21,77.06,1,0,0,0,0
TXN-00007021,46.07,3,fuel,50,1131,0,95.11,8.66,72.07,0,0,0,1,1
TXN-00007022,144.82,4,cash_withdrawal,75,763,1,69.28,1.4,89.05,0,0,0,0,0
TXN-00007023,21.53,21,jewelry,31,780,3,31.43,5.85,90.32,1,0,1,0,0
TXN-00007024,90.53,9,restaurant,42,791,2,73.87,2.63,92.49,0,0,0,0,0
TXN-00007025,42.26,19,travel,52,904,1,163.82,47.2,91.35,0,1,0,0,0
TXN-00007026,193.67,16,grocery,27,550,1,56.68,2.59,63.16,1,0,1,1,1
TXN-00007027,156.87,11,fuel,46,1464,3,10.0,53.9,93.65,1,0,1,0,0
TXN-00007028,49.74,1,restaurant,66,425,2,10.45,5.07,70.95,0,0,0,1,1
TXN-00007029,30.71,1,pharmacy,57,1118,2,36.21,0.63,90.49,1,0,0,0,0
TXN-00007030,68.85,17,electronics,59,699,1,16.68,0.61,88.68,0,0,1,0,0
TXN-00007031,33.47,2,grocery,27,963,3,18.74,12.4,86.92,0,0,1,0,0
TXN-00007032,236.12,0,electronics,26,1780,3,35.11,14.29,93.25,1,1,1,0,0
TXN-00007033,43.92,5,fuel,43,1759,3,23.62,14.13,97.69,2,0,1,0,0
TXN-00007034,26.42,21,restaurant,36,1551,1,52.62,7.58,81.49,3,0,1,0,0
TXN-00007035,24.96,15,pharmacy,18,1938,6,57.12,3.93,77.14,1,0,0,0,0
TXN-00007036,11.32,17,electronics,50,2681,2,15.44,0.07,85.09,0,0,0,1,0
TXN-00007037,72.56,15,fuel,61,1467,3,36.24,6.92,54.31,0,0,1,0,0
TXN-00007038,17.1,13,electronics,60,1200,2,21.87,18.45,94.7,2,0,1,0,0
TXN-00007039,128.13,6,online_shopping,23,554,1,48.23,8.34,38.36,0,0,1,0,0
TXN-00007040,10.41,10,online_shopping,63,1306,2,26.2,6.17,78.83,1,1,1,0,1
TXN-00007041,46.23,13,cash_withdrawal,40,990,3,55.3,18.96,75.64,0,0,0,0,1
TXN-00007042,135.33,23,pharmacy,27,2137,8,28.68,1.96,91.73,1,1,1,0,0
TXN-00007043,5.0,21,grocery,45,1402,1,83.61,4.39,94.64,0,0,0,0,0
TXN-00007044,336.7,17,online_shopping,30,486,2,35.68,4.22,82.09,0,0,0,0,0
TXN-00007045,25.88,19,travel,57,1098,3,11.11,7.89,78.19,1,0,0,0,0
TXN-00007046,46.91,19,restaurant,61,1493,3,43.31,38.04,92.67,1,0,1,0,0
TXN-00007047,73.7,16,grocery,60,980,3,24.66,11.16,65.0,0,0,1,0,0
TXN-00007048,86.7,19,jewelry,24,2643,2,10.0,36.84,74.06,0,0,1,0,0
TXN-00007049,53.92,1,jewelry,38,1374,4,24.26,2.2,77.53,1,0,0,0,0
TXN-00007050,115.27,0,electronics,46,565,0,42.91,2.15,90.21,1,0,1,0,1
TXN-00007051,69.76,10,restaurant,75,541,2,49.65,0.87,68.14,0,0,0,0,0
TXN-00007052,256.96,1,gaming,49,613,2,46.23,19.54,85.38,1,0,1,0,0
TXN-00007053,70.0,8,restaurant,55,720,1,29.59,12.09,82.14,0,0,1,0,0
TXN-00007054,318.26,4,restaurant,37,956,4,23.56,3.9,70.37,0,0,1,0,1
TXN-00007055,104.18,22,online_shopping,35,1139,2,16.64,26.54,86.13,0,0,1,0,0
TXN-00007056,6.07,15,grocery,64,1781,3,51.76,0.76,47.33,0,1,0,0,0
TXN-00007057,627.45,1,grocery,66,1471,3,47.31,13.34,63.89,0,0,1,1,1
TXN-00007058,22.13,14,online_shopping,21,792,2,20.42,7.73,76.18,0,0,1,0,0
TXN-00007059,194.48,17,fuel,49,796,0,78.17,8.4,94.76,2,0,1,0,0
TXN-00007060,41.6,7,grocery,63,1431,0,54.07,8.17,99.13,1,0,0,0,0
TXN-00007061,123.24,21,fuel,27,717,2,54.53,41.13,71.23,1,0,1,0,0
TXN-00007062,19.63,23,pharmacy,55,1246,3,29.56,60.14,68.71,1,0,1,1,1
TXN-00007063,78.03,23,restaurant,45,392,2,110.71,25.78,67.89,0,0,0,0,0
TXN-00007064,31.01,2,grocery,47,1165,5,17.71,3.54,90.28,0,0,1,0,0
TXN-00007065,212.29,10,travel,52,1084,0,10.0,9.46,66.01,0,0,1,0,0
TXN-00007066,64.11,18,pharmacy,68,722,0,54.18,19.19,79.54,1,0,1,0,0
TXN-00007067,108.07,10,fuel,23,456,1,56.15,2.52,78.29,0,0,1,0,0
TXN-00007068,5.0,11,pharmacy,29,415,2,52.23,9.61,61.73,1,0,0,0,0
TXN-00007069,36.97,7,online_shopping,38,1044,3,67.36,14.33,87.43,1,0,0,0,0
TXN-00007070,62.25,10,online_shopping,64,1133,3,63.75,1.4,90.92,1,0,0,1,0
TXN-00007071,51.15,16,online_shopping,52,292,0,65.96,4.87,98.73,1,0,1,1,1
TXN-00007072,110.97,0,online_shopping,28,285,0,38.87,10.47,76.59,1,0,1,0,0
TXN-00007073,27.54,19,pharmacy,19,509,2,38.89,12.08,97.52,0,0,1,0,0
TXN-00007074,42.57,17,cash_withdrawal,75,550,3,33.14,71.5,72.84,1,0,0,0,0
TXN-00007075,139.81,3,restaurant,25,631,1,60.85,0.95,60.23,1,1,0,0,0
TXN-00007076,5.0,18,fuel,19,1047,1,19.25,26.86,82.75,0,1,1,0,0
TXN-00007077,75.1,12,restaurant,41,1556,3,27.63,2.78,76.32,1,0,0,1,0
TXN-00007078,28.49,7,electronics,50,1568,1,15.2,1.16,90.33,0,0,1,0,0
TXN-00007079,15.52,10,restaurant,33,1314,3,46.02,45.5,72.05,0,0,1,0,0
TXN-00007080,57.59,12,electronics,27,1533,1,87.7,13.91,81.56,2,0,1,0,0
TXN-00007081,146.76,5,online_shopping,23,563,3,17.76,94.75,90.11,1,0,1,0,0
TXN-00007082,120.43,14,electronics,41,1296,5,10.37,11.78,94.57,1,1,0,0,1
TXN-00007083,35.1,15,jewelry,73,1384,4,28.94,5.64,92.66,0,0,0,0,0
TXN-00007084,101.45,8,online_shopping,26,365,3,36.85,12.04,86.07,2,0,0,0,0
TXN-00007085,100.63,11,online_shopping,51,1791,2,27.13,96.87,91.9,0,0,1,0,0
TXN-00007086,36.9,14,fuel,29,1416,2,13.78,19.49,84.54,0,1,0,0,0
TXN-00007087,19.54,12,restaurant,57,676,1,61.51,17.17,68.82,0,0,1,0,0
TXN-00007088,20.76,10,pharmacy,21,324,4,37.38,10.89,88.69,0,0,1,0,0
TXN-00007089,97.49,22,jewelry,29,1034,1,96.95,1.69,80.9,0,0,0,0,0
TXN-00007090,38.7,21,electronics,18,790,4,56.53,14.39,92.32,3,0,1,0,0
TXN-00007091,13.48,9,online_shopping,55,446,3,17.37,5.38,86.08,0,0,0,0,0
TXN-00007092,6.9,17,restaurant,59,946,2,41.03,18.5,78.38,1,0,1,0,0
TXN-00007093,96.88,19,restaurant,27,724,7,44.19,14.58,91.24,0,0,0,0,0
TXN-00007094,22.78,2,grocery,44,1422,3,86.76,4.71,82.95,0,0,0,0,0
TXN-00007095,57.22,14,gaming,35,279,4,20.66,7.72,90.17,0,1,1,0,1
TXN-00007096,148.66,19,online_shopping,20,1496,3,13.33,3.89,67.41,1,1,0,0,0
TXN-00007097,10.23,1,travel,20,909,3,30.67,0.03,47.74,1,0,1,0,0
TXN-00007098,38.58,8,gaming,72,1303,1,26.41,65.94,84.79,2,0,0,0,0
TXN-00007099,33.81,19,restaurant,55,1868,2,25.95,7.7,45.54,1,0,1,1,0
TXN-00007100,60.26,22,grocery,56,1149,6,37.29,14.09,86.28,1,0,1,0,0
TXN-00007101,148.58,23,travel,35,1484,1,10.0,14.31,90.2,1,0,1,0,1
TXN-00007102,10.01,14,travel,33,389,2,14.38,19.4,79.97,0,0,1,0,0
TXN-00007103,73.57,1,gaming,64,417,0,32.52,11.73,68.93,0,0,1,0,0
TXN-00007104,119.47,0,cash_withdrawal,43,784,2,28.41,1.93,81.28,1,0,1,0,0
TXN-00007105,33.26,19,online_shopping,23,654,1,110.22,17.9,62.95,0,1,1,0,0
TXN-00007106,35.01,17,travel,46,1197,3,30.2,27.85,86.72,0,0,0,1,1
TXN-00007107,62.76,4,electronics,48,1197,1,12.42,8.75,81.16,0,1,1,0,0
TXN-00007108,58.09,3,online_shopping,51,1662,4,19.09,45.58,89.98,1,0,0,0,1
TXN-00007109,74.55,3,travel,49,906,3,57.13,5.94,87.62,0,0,1,0,0
TXN-00007110,72.92,21,grocery,67,389,2,25.42,11.48,82.8,3,0,0,0,0
TXN-00007111,14.42,18,pharmacy,32,1671,2,10.0,0.0,89.46,1,0,1,1,0
TXN-00007112,114.41,22,cash_withdrawal,52,1631,1,46.22,18.42,87.81,0,0,0,1,0
TXN-00007113,137.71,2,restaurant,69,789,2,63.13,26.28,76.81,1,0,0,0,0
TXN-00007114,49.18,16,restaurant,74,1655,2,27.95,9.95,78.63,1,0,0,0,0
TXN-00007115,8.42,22,cash_withdrawal,73,363,1,20.98,5.86,81.49,0,0,0,0,0
TXN-00007116,35.86,12,electronics,60,821,4,52.11,4.06,85.25,1,0,0,0,0
TXN-00007117,49.61,18,grocery,24,499,1,10.0,0.72,91.5,1,1,1,0,0
TXN-00007118,12.16,14,pharmacy,75,1465,2,49.02,9.64,68.75,1,0,1,0,0
TXN-00007119,27.71,0,pharmacy,19,661,4,30.77,4.93,92.11,0,1,1,0,1
TXN-00007120,9.21,10,cash_withdrawal,49,1558,2,53.23,16.01,66.3,0,0,0,0,0
TXN-00007121,76.53,6,online_shopping,43,475,3,14.36,8.47,78.12,0,0,1,0,0
TXN-00007122,48.15,2,fuel,57,2414,3,28.86,10.59,85.26,0,0,0,0,0
TXN-00007123,7.18,14,travel,63,780,1,56.41,21.5,60.07,0,1,1,0,0
TXN-00007124,58.5,22,gaming,60,736,2,42.82,9.0,81.94,0,0,0,0,0
TXN-00007125,38.12,1,jewelry,31,1410,3,10.0,4.61,84.79,2,0,1,0,0
TXN-00007126,69.56,7,travel,61,1147,3,52.19,15.61,97.99,0,0,0,0,0
TXN-00007127,26.81,16,restaurant,61,785,0,59.92,1.17,86.39,0,1,0,0,0
TXN-00007128,17.43,7,fuel,19,723,0,39.44,13.6,70.09,1,1,1,0,1
TXN-00007129,18.0,2,electronics,54,2044,5,31.38,2.31,80.82,0,0,1,0,0
TXN-00007130,22.99,4,fuel,25,878,2,57.62,0.48,89.87,0,0,0,0,0
TXN-00007131,41.25,0,electronics,50,897,3,32.49,7.28,93.44,0,0,1,0,0
TXN-00007132,47.25,23,gaming,31,476,3,10.0,5.05,49.46,1,0,1,0,1
TXN-00007133,33.11,11,restaurant,38,1822,1,18.59,14.02,83.12,1,0,1,1,0
TXN-00007134,25.93,22,grocery,33,561,3,81.96,4.49,58.61,0,0,0,1,0
TXN-00007135,27.97,16,travel,68,528,5,25.71,5.19,86.18,0,0,1,0,0
TXN-00007136,562.91,8,cash_withdrawal,70,1502,7,34.86,9.95,78.87,0,0,0,0,1
TXN-00007137,18.01,22,online_shopping,64,126,5,10.12,50.85,68.4,1,0,0,0,0
TXN-00007138,22.51,6,grocery,59,1023,0,42.61,44.03,70.07,0,0,0,0,0
TXN-00007139,1285.04,4,restaurant,39,734,3,44.37,19.22,93.81,1,0,1,0,0
TXN-00007140,62.93,19,online_shopping,26,835,2,132.43,3.92,74.8,0,0,1,0,0
TXN-00007141,9.5,13,restaurant,50,571,2,50.63,46.8,65.58,1,0,1,0,0
TXN-00007142,97.99,10,travel,42,655,4,56.19,1.17,85.17,0,0,1,0,0
TXN-00007143,15.56,14,grocery,34,293,1,10.0,6.99,87.48,0,0,1,0,0
TXN-00007144,105.06,23,electronics,32,1411,4,20.85,2.35,90.27,0,0,1,0,0
TXN-00007145,32.41,6,travel,27,787,5,118.65,35.52,96.2,0,0,1,0,0
TXN-00007146,25.49,21,restaurant,66,1560,2,53.96,1.27,65.53,0,0,0,0,0
TXN-00007147,219.12,21,grocery,36,2576,3,41.04,8.9,67.83,0,1,0,0,0
TXN-00007148,73.31,18,restaurant,71,485,1,98.46,13.63,76.31,0,0,0,0,0
TXN-00007149,112.35,3,electronics,56,1268,2,17.38,10.53,87.68,0,0,0,0,0
TXN-00007150,63.86,2,fuel,27,520,3,38.54,16.11,84.2,1,0,1,0,0
TXN-00007151,25.36,2,restaurant,21,610,0,41.3,8.77,92.67,1,0,0,0,0
TXN-00007152,76.86,16,grocery,42,875,4,27.57,9.21,89.88,0,0,1,0,1
TXN-00007153,143.98,9,online_shopping,22,2365,0,11.93,3.31,77.62,1,0,1,0,0
TXN-00007154,46.59,23,gaming,73,754,0,79.42,15.81,60.91,2,0,1,0,1
TXN-00007155,268.2,0,online_shopping,70,861,3,31.95,11.76,80.24,0,0,1,0,0
TXN-00007156,98.79,8,grocery,56,1024,1,40.13,8.7,93.09,0,1,1,0,0
TXN-00007157,50.53,6,grocery,34,852,1,19.23,4.58,81.47,0,0,1,0,0
TXN-00007158,52.67,21,grocery,68,484,4,18.77,64.42,72.67,0,0,0,0,1
TXN-00007159,46.72,2,travel,55,1626,2,24.18,26.11,67.18,0,0,0,0,0
TXN-00007160,10.87,9,grocery,38,711,4,25.86,37.25,93.74,0,0,0,0,0
TXN-00007161,36.8,20,electronics,69,384,2,62.13,3.72,75.03,3,0,1,0,0
TXN-00007162,51.02,23,electronics,30,1072,1,38.53,11.87,68.9,1,1,1,0,0
TXN-00007163,26.13,21,restaurant,50,1679,3,15.77,8.98,75.99,0,0,0,0,0
TXN-00007164,57.66,15,grocery,58,567,0,11.29,57.75,84.04,0,0,0,1,0
TXN-00007165,41.36,3,electronics,70,793,1,55.19,10.14,71.51,0,0,0,0,0
TXN-00007166,91.14,2,pharmacy,25,893,0,59.13,9.21,91.4,1,0,0,1,0
TXN-00007167,81.15,9,electronics,34,680,2,24.58,27.4,92.68,1,0,1,0,0
TXN-00007168,48.21,11,fuel,66,910,4,19.93,7.14,61.81,2,0,0,0,0
TXN-00007169,9.63,12,travel,46,2008,3,31.04,3.98,83.71,0,0,1,0,0
TXN-00007170,265.14,1,restaurant,61,921,2,31.14,2.68,67.86,2,0,1,0,0
TXN-00007171,34.85,16,grocery,62,1192,3,35.97,0.44,75.98,0,0,1,0,0
TXN-00007172,37.15,9,travel,35,737,2,60.07,32.86,73.57,0,0,1,0,0
TXN-00007173,28.23,2,grocery,37,1058,0,57.0,21.24,95.59,0,0,0,0,0
TXN-00007174,24.22,21,restaurant,46,1129,1,52.68,8.22,68.66,0,0,1,1,0
TXN-00007175,204.64,8,restaurant,19,1367,3,15.49,35.52,97.22,1,1,1,0,0
TXN-00007176,173.36,5,cash_withdrawal,64,697,5,42.22,4.49,80.43,0,0,1,0,0
TXN-00007177,64.5,11,electronics,24,812,4,37.28,10.07,75.75,2,0,1,0,0
TXN-00007178,36.13,22,travel,72,1439,4,13.05,10.45,79.46,0,0,0,0,0
TXN-00007179,77.48,19,restaurant,63,733,3,23.51,26.06,76.63,2,0,0,0,0
TXN-00007180,43.71,2,cash_withdrawal,38,483,4,41.39,6.17,73.91,2,0,1,0,0
TXN-00007181,33.12,16,fuel,22,682,5,11.94,3.69,84.17,1,0,0,0,0
TXN-00007182,57.69,15,cash_withdrawal,63,1415,3,20.37,3.73,72.28,1,0,1,0,1
TXN-00007183,25.45,21,grocery,44,1525,4,31.85,17.42,79.23,0,0,1,0,0
TXN-00007184,52.71,23,cash_withdrawal,29,1286,2,22.79,5.91,77.24,1,0,1,0,0
TXN-00007185,50.12,17,gaming,42,1653,4,60.52,49.63,50.0,0,0,0,0,1
TXN-00007186,76.18,15,fuel,70,1928,4,48.46,10.51,78.65,1,0,1,0,0
TXN-00007187,21.11,8,online_shopping,57,2491,1,12.82,6.11,72.35,0,0,1,0,0
TXN-00007188,85.25,21,fuel,57,1322,8,17.11,15.03,86.43,0,0,0,0,0
TXN-00007189,15.62,22,restaurant,47,851,2,62.94,0.8,54.1,2,0,0,0,0
TXN-00007190,22.17,23,fuel,26,400,5,43.41,1.22,95.81,0,0,0,0,0
TXN-00007191,23.21,22,pharmacy,73,463,3,10.0,3.0,88.29,1,0,0,0,0
TXN-00007192,13.12,15,grocery,60,589,3,75.7,1.22,98.85,0,0,0,0,0
TXN-00007193,117.5,22,travel,47,1554,4,30.26,21.59,81.17,1,0,0,0,1
TXN-00007194,14.62,18,electronics,59,612,3,29.25,1.68,91.42,0,0,1,0,0
TXN-00007195,19.42,5,grocery,39,609,4,16.86,17.21,82.59,1,0,1,0,0
TXN-00007196,151.14,0,online_shopping,61,646,6,68.1,5.35,54.0,0,0,1,0,0
TXN-00007197,22.22,23,fuel,74,908,4,42.02,0.41,95.24,1,0,1,0,0
TXN-00007198,33.2,10,cash_withdrawal,38,1073,2,27.44,103.7,80.05,1,0,1,0,0
TXN-00007199,13.98,20,fuel,18,1071,2,10.0,10.82,44.22,2,0,0,0,0
TXN-00007200,96.99,6,pharmacy,60,657,7,21.82,5.44,63.91,0,0,0,1,1
TXN-00007201,98.4,8,travel,67,1504,3,14.76,49.36,56.12,0,0,1,1,1
TXN-00007202,87.87,19,restaurant,65,873,1,23.23,13.83,83.31,0,0,1,0,1
TXN-00007203,71.12,12,online_shopping,74,1398,0,16.85,4.86,81.21,1,0,0,0,0
TXN-00007204,43.7,16,travel,38,939,2,50.4,2.36,54.2,1,0,1,0,0
TXN-00007205,23.32,7,grocery,71,644,2,81.99,46.39,94.37,1,0,1,0,0
TXN-00007206,17.19,14,online_shopping,30,749,1,28.57,2.14,73.97,0,0,1,0,0
TXN-00007207,156.71,11,fuel,52,571,4,14.12,0.96,71.62,0,0,1,0,0
TXN-00007208,90.29,22,restaurant,69,375,3,23.76,11.66,69.16,0,1,1,0,0
TXN-00007209,19.53,11,fuel,71,998,4,22.49,0.34,46.57,0,0,1,0,0
TXN-00007210,42.17,2,restaurant,54,522,1,83.4,0.72,95.46,0,1,0,0,1
TXN-00007211,29.51,17,online_shopping,49,431,4,30.8,33.32,67.59,0,0,0,0,0
TXN-00007212,12.37,22,restaurant,44,1363,1,76.93,4.24,93.54,1,0,1,0,0
TXN-00007213,48.74,21,electronics,68,1707,2,11.94,13.62,70.51,1,0,0,0,1
TXN-00007214,26.15,2,grocery,69,611,2,30.02,10.55,84.44,1,1,1,0,1
TXN-00007215,14.88,23,travel,31,3709,2,15.24,21.76,81.72,1,1,1,0,1
TXN-00007216,8.56,8,online_shopping,25,1342,1,27.61,13.1,59.42,1,0,1,1,0
TXN-00007217,7.83,20,online_shopping,65,993,1,41.54,39.48,88.89,0,0,0,0,0
TXN-00007218,27.39,15,grocery,65,292,2,11.26,17.29,60.02,1,0,0,0,0
TXN-00007219,36.99,23,fuel,23,1182,4,21.01,1.71,94.62,0,0,1,0,0
TXN-00007220,16.13,8,electronics,46,485,1,26.46,1.28,73.19,1,0,1,0,0
TXN-00007221,80.1,14,restaurant,47,530,3,33.8,2.27,80.26,0,0,1,0,0
TXN-00007222,37.76,16,cash_withdrawal,20,1246,5,10.94,26.46,59.38,0,0,1,0,0
TXN-00007223,74.12,3,grocery,56,2259,4,39.1,76.79,87.44,1,0,0,0,1
TXN-00007224,33.38,18,travel,74,1016,2,40.01,24.22,89.77,0,0,0,0,0
TXN-00007225,17.7,3,cash_withdrawal,30,1495,2,57.19,9.69,24.19,0,0,1,0,1
TXN-00007226,45.6,19,pharmacy,63,2237,0,10.64,5.83,65.37,1,1,0,0,1
TXN-00007227,10.74,3,online_shopping,22,372,3,24.33,12.53,56.77,2,0,0,1,0
TXN-00007228,71.27,4,restaurant,30,1256,4,29.59,8.42,77.61,1,0,0,0,0
TXN-00007229,15.12,11,jewelry,50,1736,1,33.85,12.44,88.96,0,0,0,0,0
TXN-00007230,106.07,4,grocery,71,1599,1,31.32,1.25,95.54,0,0,1,0,0
TXN-00007231,28.35,1,travel,69,1671,4,20.85,8.78,90.86,1,0,0,1,1
TXN-00007232,123.43,1,electronics,72,698,4,31.94,36.18,65.12,2,1,0,0,1
TXN-00007233,12.44,6,cash_withdrawal,75,1092,3,192.35,22.41,63.73,0,0,1,0,0
TXN-00007234,19.85,11,online_shopping,64,1746,4,43.32,7.12,84.03,0,0,0,0,0
TXN-00007235,60.34,1,online_shopping,39,1232,3,10.96,27.17,76.88,0,0,1,0,0
TXN-00007236,138.24,3,electronics,25,450,1,80.45,14.97,82.09,0,0,1,0,0
TXN-00007237,232.74,14,pharmacy,65,503,2,87.93,29.71,95.43,0,0,0,0,0
TXN-00007238,42.24,7,fuel,28,1624,2,51.31,8.77,54.94,0,0,1,0,0
TXN-00007239,278.56,18,online_shopping,48,170,2,69.5,7.22,71.73,1,0,1,0,0
TXN-00007240,29.84,20,fuel,61,1272,4,136.86,16.67,75.57,1,0,0,0,0
TXN-00007241,128.21,0,fuel,20,1399,3,36.08,6.62,96.06,1,0,0,0,0
TXN-00007242,15.04,22,grocery,71,1156,1,59.64,10.68,77.28,0,0,1,0,0
TXN-00007243,62.88,16,grocery,35,1403,3,80.59,23.17,90.69,0,0,0,0,0
TXN-00007244,5.0,19,grocery,30,1396,0,18.18,0.95,81.86,0,0,0,0,0
TXN-00007245,12.46,11,fuel,39,210,2,79.83,12.52,76.81,0,0,1,1,0
TXN-00007246,66.02,0,electronics,44,307,5,34.15,33.88,46.59,1,0,1,0,0
TXN-00007247,10.2,21,grocery,44,615,1,56.2,49.62,87.41,0,0,1,0,0
TXN-00007248,63.33,13,grocery,26,1153,2,54.5,23.33,89.79,0,0,1,0,0
TXN-00007249,104.77,0,fuel,28,1090,0,19.34,7.06,64.98,0,0,1,1,0
TXN-00007250,23.89,3,restaurant,45,510,1,72.72,25.13,73.74,1,0,0,1,0
TXN-00007251,14.62,4,grocery,31,1793,2,22.61,8.42,86.94,2,0,1,0,0
TXN-00007252,24.58,9,electronics,55,2549,3,35.89,21.06,92.08,0,0,1,0,0
TXN-00007253,14.67,10,grocery,70,1396,0,51.48,4.95,45.71,1,0,0,1,1
TXN-00007254,36.37,10,electronics,19,1080,1,43.48,5.56,75.68,0,0,0,1,0
TXN-00007255,45.02,20,restaurant,20,1163,4,20.73,3.39,76.75,1,0,0,0,0
TXN-00007256,29.33,22,cash_withdrawal,55,649,2,13.03,3.02,95.88,0,0,0,0,0
TXN-00007257,234.65,16,restaurant,19,437,4,17.52,9.54,90.88,0,0,1,0,0
TXN-00007258,19.0,15,restaurant,55,1516,4,47.95,4.76,91.91,1,0,1,0,1
TXN-00007259,174.34,20,travel,46,1389,3,42.47,21.78,82.65,2,0,1,0,0
TXN-00007260,13.55,6,jewelry,44,1524,1,26.36,8.88,98.32,0,0,0,0,0
TXN-00007261,43.66,13,cash_withdrawal,53,1132,3,25.79,5.11,92.66,0,0,1,0,0
TXN-00007262,140.09,15,restaurant,69,418,3,24.5,30.08,85.56,2,1,0,0,1
TXN-00007263,132.68,6,online_shopping,25,400,2,14.75,10.43,57.8,0,1,1,1,0
TXN-00007264,26.02,22,restaurant,25,520,3,54.35,3.58,45.74,0,1,0,0,0
TXN-00007265,72.44,5,cash_withdrawal,58,1921,4,14.6,3.84,68.55,0,0,1,0,0
TXN-00007266,62.94,1,fuel,20,380,3,32.48,12.35,93.15,1,1,0,0,1
TXN-00007267,22.94,7,electronics,42,862,4,68.54,1.9,53.63,0,0,0,0,0
TXN-00007268,77.23,19,grocery,46,689,6,29.27,13.12,75.03,0,0,0,0,0
TXN-00007269,285.89,8,grocery,40,409,4,83.86,29.21,95.0,0,0,1,0,0
TXN-00007270,66.37,5,online_shopping,48,1205,4,14.97,42.68,62.91,0,0,1,0,0
TXN-00007271,73.31,20,fuel,24,1953,1,12.64,2.41,93.21,0,0,1,1,0
TXN-00007272,81.92,3,fuel,33,904,0,10.0,1.84,83.05,0,0,1,0,0
TXN-00007273,8.72,3,travel,18,339,1,48.96,17.44,94.13,1,0,1,1,0
TXN-00007274,65.58,21,grocery,73,782,3,10.0,38.31,82.76,0,0,0,0,0
TXN-00007275,13.91,7,pharmacy,66,666,1,84.21,3.42,83.54,0,0,1,0,0
TXN-00007276,21.77,0,restaurant,32,785,2,92.47,26.44,92.65,0,1,0,0,0
TXN-00007277,391.52,10,restaurant,20,833,2,35.64,61.14,85.1,0,1,0,0,0
TXN-00007278,31.0,17,travel,33,2119,8,17.71,4.54,78.87,2,0,1,0,0
TXN-00007279,18.59,18,grocery,73,1168,1,10.0,0.49,83.84,0,0,1,0,0
TXN-00007280,135.67,2,jewelry,65,1160,1,38.83,25.33,63.96,0,0,1,0,0
TXN-00007281,14.95,6,restaurant,56,658,2,29.64,11.72,61.99,0,0,1,0,0
TXN-00007282,25.28,14,gaming,71,1489,3,34.87,7.59,59.01,1,0,0,0,0
TXN-00007283,150.13,15,restaurant,28,1586,3,42.45,5.95,87.99,0,1,0,0,0
TXN-00007284,42.31,14,restaurant,49,1288,2,14.71,22.55,86.39,0,0,1,0,0
TXN-00007285,7.85,8,fuel,64,1227,3,26.0,6.71,77.38,0,0,1,0,0
TXN-00007286,71.61,20,online_shopping,19,399,2,33.05,22.01,63.18,0,0,1,0,0
TXN-00007287,26.67,1,grocery,43,1140,5,131.83,1.99,87.65,1,0,1,0,0
TXN-00007288,203.74,19,jewelry,38,1862,2,49.89,15.21,91.44,0,0,1,1,0
TXN-00007289,21.4,22,cash_withdrawal,28,1170,2,33.02,3.5,98.54,1,1,0,0,0
TXN-00007290,121.97,16,grocery,30,1386,1,15.51,7.49,87.59,0,1,1,0,0
TXN-00007291,260.99,10,restaurant,74,787,3,68.82,9.7,90.86,0,0,0,0,0
TXN-00007292,16.55,9,restaurant,47,629,2,90.01,0.63,69.68,1,0,1,0,0
TXN-00007293,33.02,10,electronics,22,485,0,11.26,6.35,64.33,1,0,1,0,0
TXN-00007294,60.83,3,grocery,57,1708,0,10.0,1.31,58.2,1,0,0,0,0
TXN-00007295,16.44,5,online_shopping,52,878,4,31.18,37.4,95.83,0,0,1,0,0
TXN-00007296,53.72,15,electronics,40,1595,1,26.46,39.27,67.23,0,0,1,1,0
TXN-00007297,31.94,13,travel,41,734,3,75.34,2.56,81.95,0,0,0,0,0
TXN-00007298,31.27,11,fuel,49,1650,2,14.38,7.82,86.27,0,0,1,0,0
TXN-00007299,42.58,11,gaming,71,977,1,16.22,29.61,76.27,0,0,0,0,0
TXN-00007300,43.59,1,cash_withdrawal,62,783,3,11.1,0.41,87.83,2,0,0,1,1
TXN-00007301,48.04,20,jewelry,41,786,2,15.63,9.06,80.63,1,0,1,0,0
TXN-00007302,21.57,22,online_shopping,32,1461,3,33.31,9.47,94.77,1,0,1,0,0
TXN-00007303,22.58,5,pharmacy,24,1168,1,11.14,4.3,73.26,1,0,1,0,0
TXN-00007304,35.71,7,online_shopping,29,1466,2,245.75,12.65,96.08,0,0,0,0,0
TXN-00007305,38.59,15,online_shopping,25,1848,2,10.0,27.9,78.89,1,1,0,0,1
TXN-00007306,25.51,0,grocery,64,843,6,21.01,6.58,66.38,1,0,0,0,1
TXN-00007307,56.83,2,restaurant,51,1300,3,34.81,29.91,84.79,3,0,1,1,0
TXN-00007308,6.02,21,restaurant,20,907,3,68.9,8.44,84.91,1,0,1,1,0
TXN-00007309,18.78,4,restaurant,71,752,2,15.47,15.72,71.24,1,0,1,0,0
TXN-00007310,30.15,13,cash_withdrawal,26,1177,3,10.0,9.95,83.47,1,0,1,1,0
TXN-00007311,16.46,21,online_shopping,55,149,4,15.36,5.69,87.49,1,0,0,0,0
TXN-00007312,223.78,17,gaming,18,397,3,98.65,6.89,71.21,0,0,1,0,0
TXN-00007313,41.26,6,restaurant,52,1545,2,10.0,14.89,76.59,0,0,0,0,0
TXN-00007314,48.7,3,fuel,50,1107,2,59.06,10.81,82.35,0,0,1,1,1
TXN-00007315,24.35,17,restaurant,70,645,2,36.06,26.71,81.25,0,0,0,0,0
TXN-00007316,39.78,9,electronics,52,1121,3,38.85,19.4,87.5,0,0,0,0,0
TXN-00007317,11.29,23,online_shopping,46,326,2,65.33,13.15,79.31,1,0,1,0,0
TXN-00007318,33.84,15,grocery,48,476,0,18.44,4.56,71.77,1,0,0,0,0
TXN-00007319,15.12,0,online_shopping,54,477,1,56.57,30.18,83.8,0,0,1,0,0
TXN-00007320,30.23,6,grocery,42,447,2,33.2,21.85,84.99,1,0,1,0,0
TXN-00007321,5.0,17,fuel,59,856,0,12.74,1.44,56.54,0,0,0,1,0
TXN-00007322,12.37,16,fuel,48,1118,1,28.2,1.16,80.15,0,0,1,0,0
TXN-00007323,188.13,17,fuel,74,3034,2,29.13,25.68,69.9,0,0,1,1,0
TXN-00007324,96.73,5,restaurant,29,1667,4,10.0,15.61,85.29,1,0,0,0,0
TXN-00007325,161.58,5,online_shopping,60,272,2,15.84,15.38,80.47,1,0,1,0,0
TXN-00007326,173.66,5,pharmacy,65,2148,1,41.12,12.84,78.52,1,0,0,0,0
TXN-00007327,81.99,16,restaurant,59,650,3,32.95,4.53,63.95,1,0,0,0,0
TXN-00007328,25.14,0,travel,74,1250,1,59.33,2.18,76.11,0,0,0,0,0
TXN-00007329,13.61,19,electronics,43,870,2,69.14,21.26,78.07,0,0,1,0,0
TXN-00007330,134.84,6,online_shopping,49,2219,3,16.77,2.14,71.35,0,0,1,0,0
TXN-00007331,43.28,11,travel,26,1594,3,18.55,30.19,92.93,1,1,1,0,0
TXN-00007332,554.86,5,restaurant,39,2055,1,10.77,34.39,81.52,0,0,1,1,1
TXN-00007333,27.57,10,online_shopping,27,1286,3,41.74,21.1,76.07,1,0,1,0,0
TXN-00007334,321.03,18,gaming,63,732,2,21.0,1.09,84.75,0,0,1,0,1
TXN-00007335,34.31,4,pharmacy,63,1385,3,63.97,1.4,72.28,0,0,1,1,0
TXN-00007336,164.49,13,grocery,29,1849,6,58.8,1.05,74.69,0,0,0,0,0
TXN-00007337,240.21,1,pharmacy,64,591,5,41.25,26.82,78.97,0,0,1,1,1
TXN-00007338,13.82,4,online_shopping,36,1202,2,22.5,16.07,70.65,1,0,0,0,0
TXN-00007339,24.31,16,fuel,60,1503,0,60.95,1.06,62.83,0,0,1,1,0
TXN-00007340,13.67,13,cash_withdrawal,72,694,4,29.92,15.76,62.42,2,0,1,0,0
TXN-00007341,11.12,14,grocery,66,789,1,35.02,15.18,55.99,0,0,0,0,0
TXN-00007342,81.49,5,grocery,28,911,3,10.0,13.03,89.76,1,0,0,0,0
TXN-00007343,32.9,4,travel,28,1209,6,38.33,20.66,81.79,1,0,0,0,1
TXN-00007344,42.73,10,cash_withdrawal,24,978,4,30.82,14.33,85.9,1,0,0,0,1
TXN-00007345,72.53,3,online_shopping,66,1032,1,27.8,18.87,69.94,0,0,1,0,0
TXN-00007346,5.75,21,online_shopping,49,2342,1,20.46,19.58,69.04,1,0,1,0,0
TXN-00007347,156.19,6,travel,27,958,5,10.98,60.28,95.2,2,0,1,0,0
TXN-00007348,28.03,17,grocery,52,1977,1,28.82,18.84,86.13,0,1,1,0,0
TXN-00007349,70.74,3,restaurant,48,2875,3,10.0,76.19,59.08,3,0,1,0,0
TXN-00007350,77.61,15,grocery,52,622,4,25.74,9.65,63.22,0,0,0,1,0
TXN-00007351,170.6,4,restaurant,54,1617,3,20.71,5.39,79.66,1,0,0,1,1
TXN-00007352,36.23,6,restaurant,27,759,3,70.19,18.79,86.97,0,0,1,0,0
TXN-00007353,5.0,9,pharmacy,40,1579,2,101.0,4.55,87.72,0,0,1,0,0
TXN-00007354,42.95,2,fuel,59,744,4,11.12,7.28,98.97,0,0,1,0,1
TXN-00007355,49.94,2,restaurant,70,252,2,49.81,8.32,92.44,1,0,1,0,0
TXN-00007356,13.65,18,electronics,32,1458,2,19.39,8.96,71.41,1,0,1,0,0
TXN-00007357,47.22,8,restaurant,51,1049,2,21.95,15.71,84.48,0,0,1,1,0
TXN-00007358,27.69,13,electronics,72,1886,2,21.7,22.19,72.4,2,0,0,0,0
TXN-00007359,9.88,15,electronics,52,738,1,69.56,26.71,61.15,0,0,1,1,0
TXN-00007360,81.86,14,grocery,31,953,3,27.73,58.46,60.97,0,0,0,0,0
TXN-00007361,22.38,15,fuel,51,717,2,39.33,5.37,75.76,0,0,0,1,0
TXN-00007362,26.4,23,electronics,19,467,3,10.09,57.17,63.99,1,0,1,1,1
TXN-00007363,24.89,15,electronics,46,1184,4,14.19,13.13,77.04,0,0,0,0,0
TXN-00007364,148.01,8,fuel,50,955,3,20.84,25.52,72.23,0,0,1,0,0
TXN-00007365,38.75,6,restaurant,21,317,1,29.92,11.07,40.55,0,0,0,0,0
TXN-00007366,43.95,19,grocery,29,1920,7,46.27,7.02,81.56,0,0,0,0,0
TXN-00007367,25.47,10,pharmacy,75,1021,3,20.43,0.86,84.67,0,0,1,0,0
TXN-00007368,65.76,13,grocery,54,705,4,74.35,0.2,73.96,2,0,0,0,0
TXN-00007369,166.8,19,online_shopping,44,1468,4,25.01,13.12,71.58,0,0,1,0,0
TXN-00007370,79.86,5,online_shopping,31,1691,2,19.08,6.6,74.19,1,0,1,0,0
TXN-00007371,83.2,5,grocery,25,497,0,52.35,25.67,77.69,0,0,0,0,0
TXN-00007372,76.44,1,cash_withdrawal,42,451,0,47.38,19.23,88.74,2,0,0,0,0
TXN-00007373,9.49,1,fuel,49,790,4,10.0,4.89,87.14,0,0,1,0,0
TXN-00007374,16.12,14,grocery,28,1226,5,83.81,3.79,63.34,0,1,1,0,0
TXN-00007375,32.61,12,cash_withdrawal,64,2093,5,20.98,9.8,92.96,0,0,0,0,0
TXN-00007376,18.88,7,electronics,42,164,0,25.94,2.71,87.27,0,0,1,0,0
TXN-00007377,13.23,5,grocery,21,2423,1,16.85,4.02,83.99,3,0,1,0,0
TXN-00007378,5.66,16,fuel,25,1077,0,22.56,35.87,71.77,1,0,0,0,0
TXN-00007379,9.84,2,grocery,67,1846,3,10.0,5.6,73.98,0,0,0,0,0
TXN-00007380,30.9,16,cash_withdrawal,37,1780,5,36.11,10.81,78.31,0,0,1,0,0
TXN-00007381,37.6,21,online_shopping,39,956,1,19.71,13.37,92.22,0,0,0,0,0
TXN-00007382,17.59,10,restaurant,29,780,1,24.3,0.08,88.13,0,0,1,1,0
TXN-00007383,43.94,11,gaming,64,1272,3,56.41,30.91,77.73,0,0,0,0,0
TXN-00007384,25.65,12,cash_withdrawal,65,1092,3,39.9,19.91,83.64,0,0,0,0,0
TXN-00007385,127.12,2,grocery,32,683,5,29.58,26.93,87.17,0,0,0,0,0
TXN-00007386,34.13,15,grocery,60,957,4,106.55,20.54,54.79,1,0,0,0,1
TXN-00007387,84.03,8,gaming,44,824,2,13.85,65.58,64.28,1,0,1,0,0
TXN-00007388,50.07,11,electronics,27,1006,3,30.95,3.54,89.89,1,0,1,0,0
TXN-00007389,9.28,0,fuel,64,1689,1,67.68,42.91,88.11,0,1,0,0,1
TXN-00007390,36.77,21,restaurant,22,820,2,79.85,14.62,87.68,0,0,0,0,0
TXN-00007391,11.05,8,pharmacy,68,1151,5,11.33,19.39,61.62,1,0,0,0,0
TXN-00007392,36.11,1,restaurant,19,947,1,18.39,3.95,80.14,1,0,0,0,0
TXN-00007393,18.5,18,travel,36,941,3,62.11,29.66,95.36,0,0,1,0,0
TXN-00007394,60.4,23,online_shopping,31,867,4,21.89,3.1,82.43,0,0,1,0,0
TXN-00007395,9.88,12,cash_withdrawal,31,1291,1,30.79,2.25,60.32,0,0,1,0,0
TXN-00007396,41.08,0,cash_withdrawal,45,197,1,21.64,19.59,42.79,0,0,1,0,0
TXN-00007397,73.78,23,grocery,61,1302,2,29.43,34.63,62.12,1,0,0,1,0
TXN-00007398,104.9,4,online_shopping,41,1112,4,10.0,2.84,60.43,0,0,1,0,1
TXN-00007399,18.13,5,fuel,47,1073,1,23.15,2.97,90.48,0,0,1,0,0
TXN-00007400,41.21,16,online_shopping,74,1401,3,28.58,3.88,67.5,0,0,0,0,0
TXN-00007401,49.08,7,online_shopping,46,343,2,22.22,20.47,72.92,0,0,1,0,0
TXN-00007402,205.3,2,electronics,63,1660,0,32.13,58.35,94.49,2,0,0,0,1
TXN-00007403,8.54,16,online_shopping,40,852,3,12.61,6.3,70.2,0,0,1,0,0
TXN-00007404,15.54,6,travel,22,825,1,35.71,4.35,60.38,0,1,1,0,0
TXN-00007405,768.69,20,restaurant,32,599,2,87.49,6.79,86.3,1,0,1,0,0
TXN-00007406,30.36,3,jewelry,27,644,4,69.38,8.61,81.67,0,0,1,0,0
TXN-00007407,5.55,21,restaurant,70,334,2,47.34,6.56,50.6,0,1,1,0,0
TXN-00007408,21.94,17,restaurant,19,1027,3,35.52,18.32,43.28,1,0,1,0,0
TXN-00007409,5.0,5,restaurant,65,735,2,18.85,9.73,57.08,1,0,0,0,0
TXN-00007410,52.09,13,online_shopping,26,1523,3,21.71,5.14,75.09,0,0,0,0,1
TXN-00007411,94.66,22,travel,26,1183,3,52.54,22.09,89.89,0,0,0,0,0
TXN-00007412,15.53,1,gaming,48,1093,4,27.27,5.46,84.38,0,0,0,0,0
TXN-00007413,24.67,19,online_shopping,22,778,4,118.34,5.81,62.13,0,1,1,0,0
TXN-00007414,106.68,11,grocery,22,890,2,10.0,15.29,89.55,0,0,0,0,0
TXN-00007415,6.44,22,grocery,62,2058,4,26.15,11.28,45.84,0,0,0,0,0
TXN-00007416,10.1,5,fuel,21,773,2,20.8,28.59,85.96,0,0,1,0,0
TXN-00007417,31.83,17,online_shopping,52,178,1,49.6,0.17,91.45,1,0,0,0,0
TXN-00007418,18.36,23,fuel,24,869,4,56.99,26.11,84.02,1,0,1,0,1
TXN-00007419,29.71,8,online_shopping,22,554,5,12.98,14.89,82.37,1,0,1,0,0
TXN-00007420,10.73,2,online_shopping,56,831,0,12.53,0.49,92.01,4,0,1,0,0
TXN-00007421,50.65,9,jewelry,40,998,0,18.12,24.7,48.9,1,0,1,1,0
TXN-00007422,34.58,14,travel,19,560,3,42.82,51.09,73.82,1,0,1,1,0
TXN-00007423,72.0,15,online_shopping,57,319,4,39.8,18.26,60.08,0,1,1,0,0
TXN-00007424,49.92,11,gaming,74,878,2,10.38,8.28,88.66,0,0,1,0,1
TXN-00007425,50.25,22,pharmacy,50,1914,3,36.27,11.43,92.85,0,0,1,0,0
TXN-00007426,8.86,13,fuel,40,971,0,33.21,0.67,72.42,0,0,1,0,0
TXN-00007427,67.84,15,restaurant,66,1129,0,28.84,5.94,85.69,1,0,1,0,0
TXN-00007428,28.58,22,grocery,37,807,2,43.93,38.64,43.01,1,1,0,0,1
TXN-00007429,33.96,22,online_shopping,53,1234,1,34.73,8.98,86.05,0,0,1,0,0
TXN-00007430,121.59,8,pharmacy,45,1410,5,31.58,14.73,59.96,2,0,0,0,0
TXN-00007431,19.0,6,electronics,60,1733,2,63.95,15.85,45.87,0,0,1,0,0
TXN-00007432,167.13,17,grocery,48,1997,3,80.93,4.12,90.28,0,1,1,0,0
TXN-00007433,184.32,12,online_shopping,45,1167,5,22.95,0.38,60.11,1,0,0,0,1
TXN-00007434,89.16,10,electronics,42,1759,3,28.75,31.89,90.41,1,0,1,0,0
TXN-00007435,14.44,16,electronics,35,1527,2,46.38,8.86,51.94,0,0,1,0,0
TXN-00007436,5.0,15,restaurant,46,1250,5,26.51,55.88,97.87,1,0,1,0,0
TXN-00007437,125.56,21,fuel,21,960,0,47.11,9.02,79.9,1,0,1,0,0
TXN-00007438,45.47,8,fuel,37,264,2,32.59,32.75,72.5,0,0,0,0,0
TXN-00007439,18.5,18,cash_withdrawal,22,2589,1,49.63,2.52,92.84,0,0,0,0,0
TXN-00007440,138.69,5,cash_withdrawal,36,1035,4,46.35,11.35,94.93,0,0,1,0,0
TXN-00007441,16.37,22,online_shopping,38,763,2,28.37,107.66,86.62,0,0,0,0,0
TXN-00007442,25.91,2,online_shopping,19,764,2,53.67,8.9,63.57,1,0,1,0,1
TXN-00007443,70.19,18,electronics,35,1400,3,47.6,19.91,80.5,1,0,0,0,0
TXN-00007444,12.56,2,online_shopping,56,483,1,135.25,1.33,78.48,0,0,1,0,0
TXN-00007445,36.05,21,online_shopping,74,1912,3,10.0,17.65,57.48,0,0,0,0,0
TXN-00007446,126.92,23,restaurant,53,1159,1,46.2,21.65,73.48,2,1,0,0,1
TXN-00007447,50.48,19,restaurant,59,676,1,59.02,16.35,67.19,1,0,0,0,0
TXN-00007448,149.87,18,fuel,56,1304,2,127.46,40.48,64.89,0,1,0,0,0
TXN-00007449,132.99,11,grocery,72,1463,1,21.44,13.0,93.92,0,0,1,0,0
TXN-00007450,40.78,5,restaurant,72,660,3,32.21,7.8,61.74,0,0,0,0,0
TXN-00007451,5.0,23,online_shopping,24,1280,2,22.21,0.03,61.11,2,0,0,0,0
TXN-00007452,12.67,12,travel,45,812,1,95.14,43.7,71.32,0,0,1,0,0
TXN-00007453,90.15,19,electronics,70,1868,1,18.17,35.66,90.68,0,0,0,0,0
TXN-00007454,7.94,17,restaurant,69,821,5,21.79,14.02,73.15,0,0,0,0,0
TXN-00007455,28.7,16,restaurant,49,869,6,11.64,2.57,52.87,0,0,1,1,0
TXN-00007456,57.71,8,online_shopping,43,195,0,10.0,17.26,65.99,1,0,0,0,0
TXN-00007457,189.25,10,pharmacy,21,1664,0,30.1,26.72,87.61,0,0,1,0,0
TXN-00007458,22.11,10,pharmacy,45,831,1,28.04,6.03,76.08,0,0,0,0,0
TXN-00007459,20.58,14,online_shopping,47,815,5,25.79,9.57,82.85,0,0,0,0,0
TXN-00007460,38.28,17,cash_withdrawal,54,1781,2,44.56,6.62,96.38,0,0,1,0,1
TXN-00007461,58.47,4,electronics,48,1213,3,49.39,7.17,51.95,1,0,0,0,0
TXN-00007462,34.4,5,gaming,30,618,3,19.18,4.17,78.77,1,1,1,0,0
TXN-00007463,121.72,1,gaming,74,1128,3,31.21,4.92,49.73,0,0,0,0,1
TXN-00007464,17.48,12,online_shopping,30,1234,3,27.78,4.8,97.6,3,0,0,0,0
TXN-00007465,45.89,16,grocery,40,893,2,30.03,12.06,74.78,0,1,0,0,0
TXN-00007466,64.55,5,electronics,47,2241,1,79.15,11.54,66.34,0,0,0,0,0
TXN-00007467,26.57,17,fuel,35,873,4,39.18,39.89,73.09,0,0,0,0,0
TXN-00007468,97.68,0,jewelry,21,977,2,58.76,13.03,78.92,0,0,1,0,0
TXN-00007469,47.3,20,online_shopping,53,998,6,26.21,6.36,68.46,1,0,1,0,0
TXN-00007470,92.6,16,travel,31,1414,3,14.31,6.36,83.8,1,0,1,1,0
TXN-00007471,49.59,16,electronics,68,584,3,60.14,7.07,81.45,0,0,0,0,0
TXN-00007472,60.05,16,grocery,64,1508,5,48.18,22.7,78.45,0,0,0,0,0
TXN-00007473,20.82,8,travel,42,2720,3,22.01,2.59,79.81,0,0,1,0,0
TXN-00007474,20.86,23,gaming,44,418,2,26.63,1.21,70.98,0,0,0,0,0
TXN-00007475,146.29,17,grocery,73,607,1,42.76,3.86,81.76,1,0,0,0,0
TXN-00007476,78.83,4,online_shopping,19,381,4,37.91,16.52,75.99,1,0,0,0,0
TXN-00007477,13.82,22,cash_withdrawal,39,238,1,27.6,13.02,88.66,0,0,1,0,0
TXN-00007478,48.91,17,pharmacy,21,597,3,14.71,11.58,98.93,1,0,0,0,0
TXN-00007479,5.0,7,travel,26,621,3,103.73,4.54,68.63,1,0,0,0,0
TXN-00007480,22.14,22,fuel,71,1467,2,29.81,2.27,82.65,0,0,0,0,0
TXN-00007481,110.95,5,fuel,23,1757,4,63.26,3.93,68.4,0,0,1,0,0
TXN-00007482,35.47,15,jewelry,73,1124,1,10.0,0.54,75.37,0,0,1,0,0
TXN-00007483,45.78,16,fuel,63,1649,2,13.43,9.84,97.7,1,0,0,0,0
TXN-00007484,5.0,23,online_shopping,55,1402,2,61.38,29.75,60.69,0,0,1,0,0
TXN-00007485,26.79,13,travel,61,696,1,26.55,28.0,94.2,0,0,0,0,0
TXN-00007486,57.7,23,online_shopping,28,1197,2,59.45,2.91,85.85,0,0,0,0,0
TXN-00007487,65.93,6,grocery,24,555,3,20.41,13.54,69.76,1,1,0,1,1
TXN-00007488,111.1,19,cash_withdrawal,39,977,6,27.49,13.84,96.89,0,1,1,0,0
TXN-00007489,32.43,5,grocery,62,1090,4,18.28,4.11,97.07,0,0,1,0,0
TXN-00007490,33.99,23,online_shopping,35,1319,2,56.59,20.59,76.38,0,0,1,0,0
TXN-00007491,9.99,18,grocery,28,2118,5,24.15,18.09,88.02,0,0,1,0,0
TXN-00007492,32.63,15,grocery,63,466,3,51.43,27.54,78.78,1,1,0,0,1
TXN-00007493,10.75,1,cash_withdrawal,54,963,4,79.86,19.37,93.29,0,0,0,0,0
TXN-00007494,5.81,11,online_shopping,49,1925,3,26.29,5.45,75.34,1,0,0,0,0
TXN-00007495,12.94,3,jewelry,41,667,3,28.21,36.87,95.9,1,0,1,0,0
TXN-00007496,197.18,22,restaurant,63,569,2,21.43,27.59,81.37,0,0,1,0,1
TXN-00007497,30.44,9,restaurant,60,1387,1,108.9,7.6,91.78,2,0,1,0,0
TXN-00007498,50.95,19,restaurant,38,1279,2,27.94,15.4,69.7,0,0,1,0,0
TXN-00007499,23.59,21,grocery,25,383,3,25.72,8.11,96.66,0,0,1,0,1
TXN-00007500,6.17,2,grocery,68,724,3,14.54,6.66,79.69,0,0,0,0,0
TXN-00007501,108.09,18,fuel,25,517,2,20.89,15.97,53.78,0,0,1,1,0
TXN-00007502,5.0,7,online_shopping,42,519,1,22.5,12.87,76.89,1,0,1,0,0
TXN-00007503,22.59,2,fuel,69,1231,1,61.08,62.19,97.17,1,1,1,0,0
TXN-00007504,38.19,6,grocery,42,1230,2,24.67,30.13,81.87,0,0,1,0,0
TXN-00007505,51.52,13,fuel,66,966,1,23.72,23.19,40.46,0,0,0,0,0
TXN-00007506,18.86,20,jewelry,46,462,3,49.27,25.93,76.53,1,0,0,0,0
TXN-00007507,5.87,16,jewelry,61,528,2,30.53,6.78,97.18,0,0,1,0,0
TXN-00007508,17.44,5,restaurant,52,1177,2,14.79,46.85,84.2,0,0,1,0,0
TXN-00007509,18.43,7,restaurant,34,411,1,82.18,4.69,57.56,1,0,1,0,0
TXN-00007510,17.96,7,electronics,69,312,2,20.93,6.99,85.26,0,0,1,0,0
TXN-00007511,112.01,17,grocery,45,755,4,36.04,11.15,87.02,0,0,1,1,1
TXN-00007512,11.31,12,restaurant,44,969,1,40.11,12.48,67.97,0,0,1,1,0
TXN-00007513,55.48,0,electronics,56,342,4,10.0,28.81,72.34,1,0,0,0,1
TXN-00007514,47.76,1,cash_withdrawal,71,1204,1,24.24,2.96,84.68,1,0,0,1,0
TXN-00007515,110.88,1,jewelry,68,912,1,20.43,2.64,81.55,0,0,0,0,1
TXN-00007516,35.17,23,restaurant,40,500,2,13.85,5.68,82.85,0,1,1,0,0
TXN-00007517,92.82,12,grocery,31,1016,2,27.7,6.61,46.69,0,0,0,0,1
TXN-00007518,33.76,11,travel,36,266,3,32.31,1.69,71.76,1,0,0,0,0
TXN-00007519,63.82,18,fuel,33,789,2,42.53,3.9,95.94,1,0,1,0,0
TXN-00007520,8.35,4,electronics,35,808,4,32.19,3.77,98.41,0,0,1,0,1
TXN-00007521,5.0,0,cash_withdrawal,42,975,1,29.04,2.45,60.74,0,0,0,0,0
TXN-00007522,60.12,6,online_shopping,19,1038,0,84.81,7.95,84.46,1,1,1,0,0
TXN-00007523,63.61,5,electronics,48,1422,1,23.86,20.88,67.01,1,0,0,0,0
TXN-00007524,66.64,19,grocery,67,945,0,10.06,23.36,67.42,0,0,0,0,0
TXN-00007525,23.31,19,online_shopping,42,401,3,17.65,21.97,90.6,0,0,0,0,0
TXN-00007526,193.29,15,grocery,22,570,3,62.24,11.4,84.41,0,0,1,1,1
TXN-00007527,24.96,21,online_shopping,40,3114,6,26.27,9.82,62.95,0,0,1,0,0
TXN-00007528,62.92,11,electronics,37,341,2,16.94,16.99,34.62,0,0,0,0,0
TXN-00007529,75.52,5,jewelry,52,2426,3,47.88,5.01,89.29,0,0,1,1,0
TXN-00007530,245.84,7,online_shopping,32,2244,1,82.52,15.85,90.69,0,0,0,0,0
TXN-00007531,28.99,3,online_shopping,35,397,2,26.56,2.93,88.7,0,0,1,0,0
TXN-00007532,20.37,21,cash_withdrawal,61,1554,2,45.73,11.94,83.33,1,0,0,1,0
TXN-00007533,8.39,14,cash_withdrawal,28,1195,1,78.27,19.4,79.28,1,0,0,0,0
TXN-00007534,206.43,18,electronics,72,1698,2,116.23,12.96,87.37,1,0,1,0,0
TXN-00007535,62.96,6,restaurant,35,584,1,43.37,0.59,82.11,1,0,1,0,0
TXN-00007536,65.09,17,fuel,65,1197,2,29.09,7.87,86.73,0,0,1,0,0
TXN-00007537,1066.93,7,electronics,22,660,0,28.86,28.76,51.5,0,0,0,0,0
TXN-00007538,56.9,10,restaurant,36,505,4,10.0,2.56,86.39,1,0,0,1,1
TXN-00007539,10.3,15,online_shopping,39,1010,2,13.11,0.66,79.94,0,0,0,0,0
TXN-00007540,32.93,23,fuel,44,1397,2,41.69,22.41,88.69,0,0,1,0,0
TXN-00007541,14.53,13,jewelry,23,1331,4,165.31,0.62,83.14,0,0,1,1,0
TXN-00007542,26.69,17,electronics,32,1612,2,20.82,4.07,67.8,1,1,1,0,0
TXN-00007543,26.5,14,cash_withdrawal,68,611,0,26.04,14.8,71.97,0,0,1,0,0
TXN-00007544,21.84,10,electronics,71,2236,6,39.49,0.4,78.39,1,0,0,0,0
TXN-00007545,9.37,22,pharmacy,43,994,2,83.52,0.7,48.27,0,0,1,0,0
TXN-00007546,215.32,23,gaming,24,489,1,17.56,10.01,88.81,1,0,0,0,0
TXN-00007547,55.36,7,electronics,33,1550,6,22.55,2.79,81.01,0,0,0,0,0
TXN-00007548,31.92,21,fuel,73,923,2,30.63,4.26,91.89,0,0,0,0,0
TXN-00007549,89.61,10,restaurant,71,599,3,33.33,1.42,87.54,1,0,1,0,0
TXN-00007550,66.33,17,grocery,65,707,3,34.64,18.33,40.79,1,0,0,0,0
TXN-00007551,54.03,12,restaurant,68,926,0,39.14,10.35,88.21,1,0,1,0,0
TXN-00007552,83.03,18,travel,59,305,3,44.63,3.64,83.68,1,0,0,0,0
TXN-00007553,46.55,20,grocery,54,2007,2,38.15,2.94,76.77,0,0,1,0,0
TXN-00007554,81.76,10,fuel,62,1270,1,30.7,3.32,88.8,1,0,1,0,0
TXN-00007555,89.19,16,electronics,55,995,5,12.56,19.74,71.03,0,0,1,0,0
TXN-00007556,47.98,12,grocery,37,815,2,13.2,2.47,80.63,1,0,1,0,0
TXN-00007557,32.09,19,restaurant,55,1652,8,18.97,75.16,92.0,0,0,1,0,0
TXN-00007558,201.73,4,restaurant,35,2067,5,64.38,5.02,81.19,2,0,0,0,1
TXN-00007559,24.49,17,electronics,54,456,1,77.66,11.86,68.75,1,0,0,0,0
TXN-00007560,61.0,14,jewelry,40,994,1,12.91,4.8,91.59,0,0,0,0,0
TXN-00007561,62.46,10,fuel,46,1157,1,57.15,2.44,85.03,0,0,0,0,0
TXN-00007562,21.33,8,online_shopping,28,1645,5,11.12,11.76,89.31,0,0,1,0,0
TXN-00007563,17.32,16,electronics,73,1369,4,46.19,4.43,42.62,1,0,0,0,0
TXN-00007564,27.9,8,electronics,61,1196,1,23.2,0.95,78.23,0,0,0,0,0
TXN-00007565,24.12,0,restaurant,24,945,1,10.0,3.93,81.24,0,0,1,0,0
TXN-00007566,8.75,22,restaurant,45,423,3,16.07,23.41,63.41,0,0,0,0,0
TXN-00007567,20.41,10,pharmacy,44,1032,2,21.13,15.24,57.24,0,0,1,1,0
TXN-00007568,53.49,3,travel,69,834,4,41.35,2.17,95.87,0,0,1,0,0
TXN-00007569,152.82,5,grocery,61,454,5,30.15,3.07,77.26,1,0,0,0,0
TXN-00007570,72.39,19,fuel,68,2069,2,28.7,9.67,68.0,2,0,0,0,0
TXN-00007571,5.0,7,online_shopping,45,986,2,25.81,11.61,76.46,0,0,1,0,0
TXN-00007572,79.31,6,electronics,27,1349,4,59.08,19.52,75.0,1,1,0,0,0
TXN-00007573,22.51,11,grocery,59,855,2,16.16,35.89,55.43,0,0,0,0,0
TXN-00007574,65.09,0,fuel,30,537,6,43.65,66.01,93.77,1,0,0,0,0
TXN-00007575,39.85,13,grocery,54,1400,3,146.9,4.46,57.35,3,0,0,0,0
TXN-00007576,33.04,0,grocery,41,2141,2,43.99,3.52,66.76,1,0,0,0,0
TXN-00007577,36.33,20,fuel,38,1633,1,42.98,6.83,95.54,0,0,0,0,0
TXN-00007578,39.51,10,electronics,24,1223,2,20.13,48.85,74.12,0,0,1,1,0
TXN-00007579,165.94,5,cash_withdrawal,64,840,4,116.33,66.02,85.89,0,0,0,0,0
TXN-00007580,39.62,10,online_shopping,57,1104,4,18.4,27.7,93.94,1,0,1,0,0
TXN-00007581,126.45,4,fuel,37,1377,2,29.21,9.71,87.4,0,0,1,0,0
TXN-00007582,108.52,7,fuel,60,801,2,10.0,3.42,74.65,1,0,0,0,0
TXN-00007583,81.48,3,travel,75,1368,0,20.11,19.77,71.19,2,0,0,0,1
TXN-00007584,6.2,16,online_shopping,59,876,1,50.25,50.7,92.0,0,0,1,0,0
TXN-00007585,130.64,23,restaurant,73,254,4,28.12,27.24,91.42,1,1,1,0,1
TXN-00007586,25.01,11,restaurant,45,555,6,60.7,2.61,95.83,0,0,0,0,0
TXN-00007587,85.76,2,electronics,39,901,3,35.04,9.67,76.55,1,0,1,0,0
TXN-00007588,14.57,1,travel,66,1031,3,42.18,3.46,59.31,3,0,0,0,0
TXN-00007589,11.65,19,travel,56,165,5,58.58,16.62,78.66,1,0,0,0,1
TXN-00007590,322.21,8,jewelry,53,1550,6,10.94,15.73,80.4,0,0,0,0,1
TXN-00007591,14.81,7,grocery,55,1139,4,52.87,21.79,92.77,2,1,0,0,0
TXN-00007592,134.75,2,fuel,75,356,0,24.0,6.41,57.91,1,0,0,0,0
TXN-00007593,45.8,15,pharmacy,57,1377,7,22.32,14.67,92.67,0,0,1,0,0
TXN-00007594,26.02,1,fuel,65,818,2,15.15,10.1,79.89,1,0,0,0,0
TXN-00007595,38.59,21,restaurant,20,420,4,40.91,2.53,51.95,0,0,1,1,0
TXN-00007596,10.32,4,gaming,59,1371,3,33.24,56.44,65.45,1,0,0,0,0
TXN-00007597,39.87,1,electronics,36,1482,2,52.75,1.0,78.35,1,0,1,0,0
TXN-00007598,12.98,16,cash_withdrawal,25,1061,1,11.17,8.84,85.46,0,0,0,0,0
TXN-00007599,26.7,8,travel,34,1169,1,60.36,2.82,81.23,0,0,1,0,0
TXN-00007600,106.86,16,travel,66,1043,4,42.38,49.5,85.14,0,0,1,1,0
TXN-00007601,52.82,0,online_shopping,65,1348,4,17.11,5.71,80.31,0,1,0,0,0
TXN-00007602,8.53,20,online_shopping,35,888,2,58.37,2.48,93.22,1,0,1,0,0
TXN-00007603,98.9,7,cash_withdrawal,29,238,3,39.12,3.19,52.34,1,0,1,0,1
TXN-00007604,40.15,18,restaurant,42,560,3,13.21,2.99,68.35,0,1,0,0,0
TXN-00007605,22.89,22,grocery,37,623,3,33.81,3.36,82.67,0,0,0,1,0
TXN-00007606,88.59,12,restaurant,44,821,3,10.0,54.57,81.57,0,0,0,0,0
TXN-00007607,33.93,8,electronics,63,869,1,46.99,3.51,73.83,2,1,1,0,0
TXN-00007608,11.89,7,online_shopping,37,1965,4,19.55,5.41,61.62,1,0,1,0,1
TXN-00007609,281.52,16,electronics,28,978,1,10.21,48.41,65.46,0,0,1,0,0
TXN-00007610,39.72,0,restaurant,24,1168,1,10.0,4.6,59.95,0,0,0,0,0
TXN-00007611,37.13,3,online_shopping,57,907,1,36.58,10.28,90.35,1,0,1,0,0
TXN-00007612,26.43,15,grocery,29,1044,2,27.53,18.73,70.79,1,0,1,0,0
TXN-00007613,139.63,0,cash_withdrawal,30,1162,2,24.18,1.95,70.88,0,0,1,0,0
TXN-00007614,23.31,6,cash_withdrawal,64,1636,5,35.25,101.92,73.22,2,0,1,0,0
TXN-00007615,7.99,15,restaurant,23,1617,2,30.19,1.13,80.94,0,0,0,0,0
TXN-00007616,19.83,6,grocery,55,412,6,48.43,50.66,87.2,0,0,1,0,0
TXN-00007617,162.9,22,restaurant,18,636,1,29.72,7.05,91.93,2,0,1,0,0
TXN-00007618,96.91,23,online_shopping,72,818,2,22.02,1.42,74.87,2,0,1,0,1
TXN-00007619,30.95,0,grocery,59,1552,2,22.27,19.49,77.89,2,0,0,0,0
TXN-00007620,171.04,4,electronics,65,1106,2,34.46,2.28,82.71,2,0,1,0,0
TXN-00007621,88.71,21,grocery,56,867,1,40.46,3.98,50.99,0,0,1,0,0
TXN-00007622,30.57,0,pharmacy,41,478,0,20.37,4.36,85.16,0,0,0,0,0
TXN-00007623,33.98,11,fuel,75,1406,4,21.92,29.71,78.36,1,0,0,0,0
TXN-00007624,57.16,22,cash_withdrawal,63,1674,5,35.6,21.56,78.61,0,0,1,0,0
TXN-00007625,16.89,14,restaurant,23,575,3,37.01,6.65,70.06,0,0,1,1,0
TXN-00007626,40.64,7,grocery,51,349,2,16.31,33.19,86.98,2,0,0,0,0
TXN-00007627,55.92,0,travel,49,936,3,13.09,7.71,83.51,0,0,1,0,0
TXN-00007628,6.88,9,travel,34,949,1,31.01,15.04,88.03,0,0,0,1,0
TXN-00007629,33.16,13,cash_withdrawal,44,1913,5,40.85,17.2,73.06,0,0,1,0,0
TXN-00007630,29.42,1,fuel,74,698,4,35.79,2.47,68.48,0,0,1,0,0
TXN-00007631,119.04,12,grocery,23,633,3,12.09,4.61,77.83,1,0,1,0,0
TXN-00007632,5.83,9,online_shopping,71,620,4,37.22,14.29,84.35,1,0,1,0,0
TXN-00007633,27.1,7,travel,58,499,1,52.51,20.94,83.0,0,1,1,1,0
TXN-00007634,24.39,23,online_shopping,24,879,0,22.65,10.6,83.34,0,0,1,0,0
TXN-00007635,110.84,21,cash_withdrawal,35,1449,3,19.55,4.38,90.11,1,0,0,0,0
TXN-00007636,38.64,16,gaming,66,1481,3,64.4,1.57,81.42,1,1,0,0,1
TXN-00007637,266.64,14,online_shopping,58,512,0,59.95,0.55,67.54,0,0,1,0,0
TXN-00007638,81.07,11,cash_withdrawal,22,1586,3,16.29,30.56,75.22,0,0,1,0,0
TXN-00007639,26.29,1,online_shopping,26,986,2,34.09,19.01,84.28,0,0,1,0,0
TXN-00007640,52.02,7,fuel,71,292,0,14.75,5.29,90.42,0,0,1,0,0
TXN-00007641,27.89,0,grocery,27,1366,2,39.71,3.78,96.63,0,0,0,0,0
TXN-00007642,99.72,8,online_shopping,54,1629,4,21.9,1.56,73.68,0,0,1,1,0
TXN-00007643,9.99,11,travel,75,723,4,15.75,20.74,84.28,0,0,0,1,0
TXN-00007644,17.03,14,electronics,27,974,1,11.86,0.81,84.55,1,0,0,0,0
TXN-00007645,65.27,8,restaurant,20,863,2,67.32,21.91,65.04,1,0,0,1,0
TXN-00007646,146.5,6,online_shopping,65,1021,2,22.12,52.44,97.49,1,0,1,0,0
TXN-00007647,5.0,17,electronics,73,849,2,235.2,13.44,81.56,0,0,0,0,0
TXN-00007648,171.26,3,fuel,47,1074,2,75.56,3.09,88.32,0,0,1,1,1
TXN-00007649,34.91,3,electronics,31,229,7,69.77,47.46,86.86,1,0,1,0,1
TXN-00007650,5.6,16,grocery,21,707,1,10.0,4.16,77.82,0,0,1,0,0
TXN-00007651,5.0,14,jewelry,70,902,0,27.62,7.64,96.38,0,0,1,0,0
TXN-00007652,8.12,20,online_shopping,64,1285,1,10.0,0.38,52.31,1,0,1,0,0
TXN-00007653,39.62,17,restaurant,69,231,0,40.78,10.61,55.68,1,0,1,0,0
TXN-00007654,37.74,21,grocery,63,1633,5,28.9,11.51,88.7,1,0,1,0,0
TXN-00007655,78.64,15,restaurant,43,978,2,78.8,14.4,85.72,0,1,0,0,0
TXN-00007656,22.72,20,online_shopping,45,1565,5,15.15,20.71,77.97,1,0,1,0,0
TXN-00007657,12.64,4,electronics,40,1152,2,40.66,4.13,66.63,0,0,1,0,0
TXN-00007658,26.21,12,online_shopping,60,1840,1,30.72,8.57,95.74,1,0,1,0,0
TXN-00007659,41.9,22,fuel,23,1189,5,29.45,5.1,70.46,2,0,1,0,0
TXN-00007660,51.54,18,online_shopping,20,363,4,49.99,5.83,68.79,0,0,0,0,0
TXN-00007661,17.66,9,jewelry,73,1316,2,41.16,34.95,48.03,0,1,1,0,0
TXN-00007662,104.22,22,online_shopping,36,1028,2,52.81,37.6,55.5,0,0,1,0,0
TXN-00007663,21.06,7,travel,20,682,2,42.64,48.51,80.61,0,0,0,0,0
TXN-00007664,16.23,0,cash_withdrawal,57,1052,2,38.12,22.19,47.08,1,0,1,0,0
TXN-00007665,22.89,19,jewelry,41,1204,3,18.48,6.15,91.83,0,0,0,0,0
TXN-00007666,125.03,9,online_shopping,31,1081,5,24.51,23.89,67.67,0,0,1,0,0
TXN-00007667,35.18,0,restaurant,43,417,2,15.24,2.05,69.87,1,0,0,0,0
TXN-00007668,19.51,4,grocery,44,1930,2,24.68,15.36,90.22,0,0,1,0,0
TXN-00007669,106.96,1,travel,53,1414,0,40.05,4.74,74.6,0,0,0,0,1
TXN-00007670,383.71,23,fuel,72,945,2,11.83,12.89,87.59,0,0,0,0,0
TXN-00007671,50.41,20,pharmacy,69,817,4,50.18,0.61,92.76,0,0,0,0,0
TXN-00007672,147.75,22,fuel,65,1868,4,25.26,0.46,58.14,0,0,1,1,0
TXN-00007673,120.05,4,travel,46,1076,6,27.34,0.79,85.12,1,0,1,0,0
TXN-00007674,21.41,19,online_shopping,50,432,2,29.6,14.2,98.73,0,0,0,0,0
TXN-00007675,41.59,13,grocery,25,1872,3,33.59,20.88,94.96,0,1,0,0,1
TXN-00007676,10.52,7,cash_withdrawal,51,750,0,10.0,12.75,85.22,1,0,0,0,0
TXN-00007677,32.62,16,restaurant,56,430,4,28.08,24.76,68.15,3,0,1,1,0
TXN-00007678,20.96,22,gaming,69,1088,4,19.03,3.84,66.85,0,0,1,1,0
TXN-00007679,26.5,11,electronics,20,659,1,25.27,16.98,82.74,0,0,1,0,0
TXN-00007680,18.4,0,online_shopping,68,895,0,49.22,1.74,88.29,1,0,1,0,0
TXN-00007681,29.92,20,electronics,48,1176,2,21.69,5.83,86.75,0,0,1,0,0
TXN-00007682,70.73,4,restaurant,23,138,2,18.14,1.7,84.63,0,0,0,0,0
TXN-00007683,35.68,4,grocery,75,1018,2,36.71,17.52,85.09,0,0,1,0,0
TXN-00007684,5.71,14,cash_withdrawal,45,1669,2,13.91,33.59,91.15,0,0,0,0,1
TXN-00007685,18.48,19,restaurant,41,454,2,65.1,5.47,73.18,0,0,0,0,0
TXN-00007686,8.2,19,grocery,29,201,3,106.0,24.43,85.12,0,1,1,1,0
TXN-00007687,52.26,20,electronics,22,1439,3,12.2,6.42,86.95,0,0,0,0,0
TXN-00007688,68.61,21,electronics,22,993,4,44.95,48.62,84.5,1,0,1,0,0
TXN-00007689,52.95,3,fuel,33,1249,1,79.25,34.77,80.64,0,0,0,0,0
TXN-00007690,17.69,7,electronics,34,755,1,22.04,9.1,76.81,2,0,1,0,0
TXN-00007691,52.42,17,cash_withdrawal,44,1071,3,20.45,16.98,95.16,1,0,1,0,1
TXN-00007692,24.69,9,grocery,53,1883,0,20.25,14.4,83.72,2,0,0,0,0
TXN-00007693,12.24,17,restaurant,75,1258,2,66.92,3.37,77.89,0,0,1,0,0
TXN-00007694,88.15,10,restaurant,64,486,5,71.08,0.57,61.71,0,0,1,0,0
TXN-00007695,95.48,10,grocery,46,1599,2,25.31,6.75,88.67,2,0,1,0,0
TXN-00007696,109.55,0,restaurant,70,917,1,80.47,22.96,86.15,0,0,1,0,0
TXN-00007697,21.35,14,grocery,50,249,0,13.69,3.52,74.24,1,0,0,1,0
TXN-00007698,139.54,20,grocery,42,595,1,41.75,1.44,73.1,3,0,1,0,0
TXN-00007699,24.09,19,grocery,30,522,3,17.07,2.95,55.6,1,0,1,0,0
TXN-00007700,80.33,8,online_shopping,42,893,2,33.36,4.98,74.33,1,0,1,0,0
TXN-00007701,23.65,16,grocery,20,1622,2,23.84,4.9,97.11,0,0,0,0,0
TXN-00007702,31.97,4,fuel,26,1405,1,15.16,5.39,81.84,0,0,1,0,0
TXN-00007703,5.0,15,cash_withdrawal,72,673,3,37.22,2.44,67.81,2,0,1,1,0
TXN-00007704,29.46,9,grocery,29,1197,5,13.62,4.89,65.6,0,0,0,0,0
TXN-00007705,44.51,22,online_shopping,50,724,3,47.83,4.15,81.92,0,0,1,0,1
TXN-00007706,26.3,17,fuel,23,812,3,48.29,19.31,92.14,0,1,0,0,0
TXN-00007707,255.7,1,electronics,52,1117,4,32.26,12.55,88.98,0,1,1,0,0
TXN-00007708,11.93,20,restaurant,74,453,3,24.6,5.74,69.32,0,0,0,0,0
TXN-00007709,22.38,17,grocery,44,851,8,48.02,8.64,78.56,0,0,1,0,0
TXN-00007710,15.64,5,travel,25,857,2,50.89,19.56,92.49,0,0,1,0,0
TXN-00007711,22.38,6,grocery,19,628,1,21.84,13.83,85.2,0,0,1,1,0
TXN-00007712,119.46,4,travel,61,1187,2,33.6,8.86,85.31,0,0,0,0,0
TXN-00007713,190.94,7,restaurant,23,1193,1,23.04,7.89,95.89,1,0,0,0,1
TXN-00007714,19.38,22,fuel,36,549,2,40.41,10.14,69.39,1,1,0,0,0
TXN-00007715,18.93,21,grocery,66,444,3,18.55,48.69,82.82,0,0,1,0,0
TXN-00007716,12.0,13,electronics,49,922,1,34.27,7.42,72.12,1,0,1,0,0
TXN-00007717,159.43,8,fuel,68,583,4,28.0,1.23,74.14,0,1,0,0,0
TXN-00007718,131.24,8,cash_withdrawal,68,762,3,53.46,18.55,89.83,1,0,1,0,0
TXN-00007719,36.19,22,online_shopping,56,128,0,21.04,9.64,89.46,0,0,0,0,0
TXN-00007720,9.34,4,online_shopping,72,853,5,35.74,10.86,64.32,0,0,1,0,1
TXN-00007721,10.26,18,online_shopping,20,781,2,22.76,10.89,82.92,1,0,1,1,0
TXN-00007722,48.38,23,restaurant,31,464,1,11.09,8.92,92.62,2,0,1,0,0
TXN-00007723,72.01,20,pharmacy,34,1365,2,25.39,1.92,81.16,1,0,1,0,1
TXN-00007724,5.0,17,grocery,70,771,1,45.12,1.5,94.66,0,0,1,0,0
TXN-00007725,28.86,21,restaurant,54,981,2,46.07,16.64,96.71,1,0,0,0,0
TXN-00007726,221.23,5,electronics,32,1329,1,20.03,27.74,85.54,0,0,1,0,0
TXN-00007727,32.19,23,fuel,30,1226,3,56.75,5.95,69.63,0,0,1,0,0
TXN-00007728,193.28,2,grocery,64,392,0,68.51,5.2,77.02,1,0,0,0,0
TXN-00007729,79.96,0,fuel,67,1005,0,16.41,41.13,55.09,1,0,0,0,0
TXN-00007730,12.96,4,online_shopping,18,623,4,32.7,34.9,60.74,1,0,1,0,0
TXN-00007731,29.75,14,electronics,39,1557,3,59.85,4.89,70.69,2,0,1,0,0
TXN-00007732,35.33,5,fuel,49,2086,3,69.87,22.69,56.22,1,0,1,0,0
TXN-00007733,14.88,15,restaurant,31,1660,2,34.39,5.59,95.14,2,0,1,0,0
TXN-00007734,14.61,2,fuel,60,1350,3,61.73,30.12,77.12,1,0,0,0,0
TXN-00007735,196.78,16,electronics,61,898,0,69.95,17.99,75.38,1,0,1,0,0
TXN-00007736,14.49,5,restaurant,66,1408,4,43.46,36.81,83.57,1,0,0,0,0
TXN-00007737,125.51,12,cash_withdrawal,63,316,2,25.06,30.31,65.16,0,0,0,0,0
TXN-00007738,25.58,2,jewelry,66,662,2,38.16,7.11,79.85,1,0,0,0,0
TXN-00007739,39.37,23,fuel,39,1199,0,19.37,15.7,68.04,1,0,0,0,0
TXN-00007740,72.96,9,pharmacy,35,842,2,20.07,13.27,82.16,0,0,1,0,0
TXN-00007741,21.57,14,fuel,36,504,2,11.02,2.02,82.04,0,0,0,0,0
TXN-00007742,73.43,11,pharmacy,67,1184,5,53.03,20.34,61.52,1,0,0,0,0
TXN-00007743,5.0,14,pharmacy,55,1821,2,59.65,8.71,84.23,1,0,0,0,0
TXN-00007744,64.18,10,grocery,36,1741,0,10.0,9.77,87.0,0,0,0,0,0
TXN-00007745,5.0,1,travel,59,668,1,22.02,43.78,83.03,0,0,0,0,0
TXN-00007746,31.87,19,electronics,31,1980,3,20.19,0.08,91.3,0,0,1,0,0
TXN-00007747,99.18,15,electronics,33,734,3,41.85,18.39,46.07,0,0,1,0,0
TXN-00007748,77.74,6,restaurant,18,1017,6,29.77,4.11,66.99,1,0,1,0,1
TXN-00007749,10.35,2,restaurant,74,1518,4,45.63,0.37,95.19,0,1,0,0,0
TXN-00007750,11.84,21,travel,31,225,1,30.47,25.7,90.85,2,0,0,1,0
TXN-00007751,19.63,7,travel,61,986,0,35.65,11.36,68.8,1,0,1,0,0
TXN-00007752,49.18,21,grocery,24,574,2,30.84,13.16,48.27,0,0,1,0,0
TXN-00007753,5.0,18,electronics,20,783,2,64.15,7.46,72.75,0,0,0,0,0
TXN-00007754,39.89,23,travel,57,1518,2,15.79,0.01,86.63,0,0,0,1,1
TXN-00007755,56.09,15,pharmacy,23,731,0,18.37,5.33,90.6,0,0,0,0,0
TXN-00007756,30.05,4,restaurant,26,900,5,17.02,9.45,92.37,1,0,1,1,1
TXN-00007757,70.22,0,electronics,37,926,3,39.92,5.57,80.09,0,0,1,0,0
TXN-00007758,51.16,5,restaurant,51,1311,4,10.38,2.95,99.76,0,0,1,0,0
TXN-00007759,22.9,10,travel,19,1471,0,10.0,21.33,69.13,2,0,1,1,0
TXN-00007760,5.3,14,cash_withdrawal,25,1088,1,46.74,3.13,86.04,0,0,0,0,0
TXN-00007761,46.53,21,grocery,37,770,2,12.2,37.79,86.82,1,0,1,1,1
TXN-00007762,14.87,3,grocery,58,1046,1,16.71,43.59,96.35,0,0,1,0,0
TXN-00007763,22.04,15,electronics,23,752,4,12.34,26.51,93.37,0,0,0,0,0
TXN-00007764,66.89,2,fuel,34,2064,3,18.78,58.42,89.18,1,1,1,0,0
TXN-00007765,179.15,11,grocery,29,901,2,200.98,63.43,90.02,0,1,0,0,1
TXN-00007766,38.86,1,restaurant,35,1639,4,24.06,3.58,73.39,0,0,0,0,1
TXN-00007767,72.37,8,pharmacy,32,1644,4,29.51,1.67,85.62,0,0,0,0,0
TXN-00007768,8.88,14,restaurant,55,1091,1,15.47,6.19,91.37,1,0,1,0,0
TXN-00007769,52.34,17,electronics,21,1161,1,27.75,8.74,63.09,1,0,0,0,0
TXN-00007770,37.98,19,travel,72,1163,3,56.43,1.62,92.22,0,0,0,0,0
TXN-00007771,147.04,12,jewelry,32,1278,2,32.03,40.41,96.58,0,1,1,1,0
TXN-00007772,22.93,6,electronics,75,489,1,110.28,53.5,82.49,0,0,1,0,0
TXN-00007773,31.38,21,fuel,60,2527,6,18.14,33.6,91.18,0,0,1,1,0
TXN-00007774,122.95,22,grocery,38,1038,4,10.0,20.07,91.83,1,0,1,0,0
TXN-00007775,36.72,23,cash_withdrawal,35,1816,1,38.92,21.82,96.5,0,0,1,0,0
TXN-00007776,12.63,19,grocery,72,1048,4,39.35,0.72,76.18,1,0,1,0,0
TXN-00007777,589.46,18,fuel,75,1080,2,31.3,18.77,79.06,1,0,1,0,0
TXN-00007778,13.03,1,electronics,53,685,3,12.33,0.36,89.3,1,1,1,0,0
TXN-00007779,37.79,13,online_shopping,20,740,3,20.98,11.48,95.19,1,0,0,0,0
TXN-00007780,58.21,9,travel,70,287,4,34.09,3.7,84.45,0,1,0,0,0
TXN-00007781,53.57,6,electronics,45,2288,1,35.23,19.46,59.57,0,0,1,0,0
TXN-00007782,33.14,1,grocery,19,1666,0,46.35,39.4,96.81,1,0,1,0,0
TXN-00007783,33.31,5,online_shopping,64,683,8,15.73,38.36,74.78,0,0,0,0,0
TXN-00007784,31.61,21,restaurant,19,996,2,10.0,2.57,85.69,1,0,1,0,0
TXN-00007785,12.53,21,pharmacy,39,1288,1,26.65,19.53,91.86,1,1,0,0,0
TXN-00007786,386.73,17,restaurant,22,512,2,44.93,20.61,73.66,0,0,1,0,0
TXN-00007787,32.1,2,cash_withdrawal,43,647,2,12.69,14.85,65.26,0,0,1,1,0
TXN-00007788,75.7,16,grocery,64,926,1,84.07,7.85,72.69,0,0,1,1,0
TXN-00007789,28.46,3,online_shopping,25,1879,2,23.98,5.38,73.39,1,0,0,0,0
TXN-00007790,27.87,16,fuel,26,672,2,62.62,4.08,78.49,1,0,0,0,0
TXN-00007791,25.07,0,travel,73,1306,2,94.83,11.82,75.6,0,1,1,1,1
TXN-00007792,7.95,6,online_shopping,28,2228,1,10.37,11.2,90.18,0,0,0,0,0
TXN-00007793,34.17,2,restaurant,24,1676,2,41.18,52.48,59.21,1,0,0,0,0
TXN-00007794,26.38,22,restaurant,51,478,4,97.24,1.33,82.47,0,0,0,0,0
TXN-00007795,138.39,13,cash_withdrawal,34,754,1,22.34,65.73,77.47,0,0,0,0,0
TXN-00007796,11.51,22,restaurant,73,929,2,106.58,6.27,77.54,0,0,1,0,1
TXN-00007797,22.07,0,grocery,27,621,2,57.19,1.85,87.01,2,0,1,0,0
TXN-00007798,15.75,17,electronics,50,296,1,24.18,3.94,75.98,0,1,0,0,0
TXN-00007799,183.95,11,pharmacy,71,1540,0,29.26,0.83,70.24,0,0,1,0,0
TXN-00007800,16.23,11,fuel,60,449,0,10.75,16.29,87.29,0,0,0,0,0
TXN-00007801,73.0,20,restaurant,19,680,1,19.24,1.02,82.98,1,0,1,0,0
TXN-00007802,112.02,1,electronics,28,1155,2,46.2,15.54,94.48,0,0,1,0,0
TXN-00007803,34.69,22,cash_withdrawal,25,967,4,25.07,37.82,70.29,0,0,0,0,1
TXN-00007804,9.53,0,electronics,71,616,0,37.53,22.03,79.41,0,0,1,0,0
TXN-00007805,9.66,8,cash_withdrawal,29,1983,3,63.49,12.3,72.6,0,0,0,0,1
TXN-00007806,99.76,3,cash_withdrawal,21,531,3,61.95,33.86,79.08,0,0,0,0,1
TXN-00007807,10.77,12,restaurant,40,1430,3,38.7,17.49,90.86,0,1,1,0,0
TXN-00007808,61.05,14,fuel,34,1257,1,20.88,3.27,83.48,0,0,1,0,0
TXN-00007809,45.61,15,online_shopping,27,1295,5,33.68,0.8,91.39,0,0,1,0,0
TXN-00007810,60.1,19,grocery,44,372,5,34.95,13.14,84.44,3,0,0,0,0
TXN-00007811,66.36,18,online_shopping,70,935,2,19.78,1.22,86.72,0,0,1,0,0
TXN-00007812,15.17,22,travel,31,1100,3,38.28,28.55,78.52,1,0,0,0,0
TXN-00007813,14.52,10,gaming,74,1184,2,17.72,0.76,89.45,0,0,1,0,0
TXN-00007814,85.68,4,restaurant,56,877,5,29.64,0.21,92.51,0,1,1,0,0
TXN-00007815,20.89,3,grocery,40,1310,2,20.37,8.56,74.28,1,0,0,0,0
TXN-00007816,5.0,6,fuel,57,903,3,22.06,20.36,84.87,1,1,1,0,0
TXN-00007817,79.93,14,grocery,38,599,3,54.41,4.45,73.8,1,0,1,0,0
TXN-00007818,13.63,1,restaurant,30,621,1,54.17,8.07,42.02,0,0,0,0,0
TXN-00007819,66.06,22,grocery,31,1212,3,26.85,0.24,77.27,0,0,0,0,0
TXN-00007820,174.59,23,pharmacy,18,637,1,68.11,27.03,80.92,0,0,1,0,0
TXN-00007821,41.17,3,fuel,55,1361,3,48.59,5.91,85.0,2,0,1,0,0
TXN-00007822,115.07,18,travel,22,635,1,44.12,67.54,84.45,1,1,1,0,0
TXN-00007823,47.54,14,electronics,29,498,2,28.62,19.65,45.26,1,0,0,0,0
TXN-00007824,214.18,11,travel,18,2305,3,46.26,28.7,83.24,0,1,0,0,0
TXN-00007825,13.26,17,electronics,21,1798,1,22.67,4.57,82.11,0,1,0,0,0
TXN-00007826,40.1,13,grocery,70,1023,4,34.78,21.14,68.75,0,0,0,0,0
TXN-00007827,82.01,7,fuel,19,739,4,67.23,12.14,90.21,0,1,0,0,0
TXN-00007828,33.12,13,pharmacy,54,1374,0,54.68,1.42,88.66,0,0,1,0,0
TXN-00007829,135.62,3,restaurant,37,2560,3,20.55,3.25,88.26,1,0,1,0,0
TXN-00007830,25.7,6,jewelry,26,786,4,61.53,2.55,75.18,0,1,1,0,0
TXN-00007831,355.26,23,restaurant,35,2256,3,13.64,2.39,84.67,0,0,1,0,1
TXN-00007832,375.52,4,grocery,23,737,2,29.48,0.53,77.42,0,0,0,0,0
TXN-00007833,54.39,14,online_shopping,36,412,2,63.33,40.63,84.0,0,0,0,0,0
TXN-00007834,72.26,7,restaurant,65,995,2,17.88,3.83,68.57,0,0,1,0,0
TXN-00007835,141.35,11,online_shopping,53,367,2,37.11,11.51,68.73,3,0,1,0,0
TXN-00007836,11.63,5,grocery,65,1338,1,40.65,16.58,76.12,0,0,1,0,0
TXN-00007837,10.2,13,travel,58,478,1,69.49,3.41,86.96,0,1,0,0,0
TXN-00007838,151.3,13,grocery,71,1241,1,21.86,23.02,87.76,1,0,0,0,1
TXN-00007839,53.93,14,restaurant,24,1489,2,51.97,19.41,89.89,0,1,0,0,0
TXN-00007840,31.89,7,pharmacy,27,2150,3,19.1,15.78,47.56,0,1,0,0,0
TXN-00007841,40.92,13,online_shopping,41,415,0,23.84,9.17,92.09,0,0,0,0,0
TXN-00007842,5.0,17,online_shopping,48,680,1,30.17,1.89,75.71,1,0,1,0,0
TXN-00007843,33.11,17,fuel,63,810,1,27.77,3.33,88.82,0,0,1,0,0
TXN-00007844,18.34,13,jewelry,25,1277,3,56.54,3.67,93.65,2,0,0,0,0
TXN-00007845,106.06,7,grocery,24,903,2,145.79,1.96,81.71,1,0,0,1,0
TXN-00007846,114.98,12,grocery,64,548,6,30.1,4.16,67.19,0,0,1,0,0
TXN-00007847,74.11,12,fuel,49,733,4,30.71,3.07,95.6,0,0,1,0,0
TXN-00007848,61.27,22,gaming,41,1086,4,91.26,2.53,81.39,0,0,1,0,0
TXN-00007849,8.4,9,pharmacy,30,781,4,144.19,42.11,87.24,1,0,0,0,0
TXN-00007850,75.2,7,jewelry,58,1997,0,27.3,9.71,93.38,1,0,1,0,0
TXN-00007851,78.33,17,online_shopping,64,1179,2,37.08,1.73,69.38,0,0,1,1,0
TXN-00007852,149.52,15,electronics,19,548,2,12.62,11.88,55.21,1,0,1,1,0
TXN-00007853,373.95,10,pharmacy,21,949,2,18.35,7.84,75.63,0,0,1,0,0
TXN-00007854,6.84,0,pharmacy,63,1316,0,10.46,23.65,62.53,0,0,1,0,0
TXN-00007855,26.9,16,electronics,69,1126,3,24.68,29.19,63.73,0,0,0,0,0
TXN-00007856,18.55,17,online_shopping,31,756,4,89.42,8.78,88.33,2,0,1,0,0
TXN-00007857,48.48,22,pharmacy,58,873,3,17.14,2.06,87.29,1,0,0,0,0
TXN-00007858,41.02,12,travel,66,935,3,19.92,2.29,97.0,0,0,1,0,0
TXN-00007859,31.63,12,grocery,24,1573,3,40.89,37.47,92.62,0,0,0,0,1
TXN-00007860,118.98,5,grocery,28,1335,0,10.8,33.45,70.2,1,0,0,0,0
TXN-00007861,12.72,11,online_shopping,25,408,0,37.26,2.62,73.31,1,0,0,0,0
TXN-00007862,13.56,0,electronics,63,1947,0,10.0,22.9,75.54,0,0,1,0,0
TXN-00007863,13.8,12,online_shopping,62,2250,1,25.32,14.58,73.48,2,0,0,0,0
TXN-00007864,27.71,16,fuel,25,795,2,10.89,9.3,52.37,0,1,0,1,1
TXN-00007865,11.13,18,restaurant,28,1242,4,18.67,0.97,77.97,0,0,1,0,0
TXN-00007866,38.44,15,grocery,56,3040,1,27.83,7.67,77.91,0,1,1,0,0
TXN-00007867,34.0,19,restaurant,70,976,1,27.95,11.24,60.58,0,0,0,0,0
TXN-00007868,17.71,15,pharmacy,63,1084,3,26.48,67.02,75.22,0,0,1,0,0
TXN-00007869,101.24,18,pharmacy,27,1383,0,129.52,35.86,80.36,1,0,1,0,0
TXN-00007870,38.0,10,restaurant,40,1821,1,48.21,14.37,73.98,0,0,0,0,0
TXN-00007871,123.44,14,electronics,21,334,2,10.11,4.91,90.75,0,0,1,0,0
TXN-00007872,32.96,15,grocery,32,961,0,12.2,20.17,90.44,0,0,0,0,0
TXN-00007873,39.43,13,restaurant,50,1818,5,71.96,14.04,84.73,0,0,0,0,0
TXN-00007874,22.4,13,online_shopping,37,1407,2,30.21,43.64,63.36,0,0,1,0,0
TXN-00007875,40.15,18,online_shopping,53,1182,4,68.64,8.73,97.85,2,0,0,0,0
TXN-00007876,85.44,5,grocery,35,1087,4,58.99,10.97,80.16,1,0,1,0,0
TXN-00007877,26.26,7,fuel,50,1772,1,25.15,1.44,93.08,0,0,1,0,0
TXN-00007878,69.71,12,pharmacy,54,1322,2,33.42,19.6,84.78,1,0,1,0,0
TXN-00007879,17.23,15,fuel,29,2165,5,20.58,0.12,94.32,1,0,0,0,1
TXN-00007880,89.75,12,restaurant,20,897,4,55.98,9.42,72.45,1,0,0,0,0
TXN-00007881,22.0,4,grocery,37,253,8,32.84,2.55,75.67,0,0,0,0,0
TXN-00007882,98.92,19,cash_withdrawal,20,1663,3,66.81,23.19,81.23,0,0,1,0,0
TXN-00007883,43.12,13,restaurant,27,848,1,19.4,27.69,66.78,0,0,0,1,0
TXN-00007884,199.74,10,travel,34,1011,3,25.28,16.59,65.45,0,0,0,0,0
TXN-00007885,12.04,21,grocery,37,1123,1,21.12,38.3,85.97,0,0,0,0,0
TXN-00007886,8.58,10,online_shopping,34,746,3,80.2,8.77,74.9,1,1,1,0,1
TXN-00007887,21.18,3,fuel,21,468,2,29.36,42.26,97.61,0,0,1,0,0
TXN-00007888,9.45,23,electronics,28,1610,4,28.02,109.17,70.6,1,0,1,1,1
TXN-00007889,9.47,9,restaurant,69,141,5,26.52,0.25,61.02,0,0,0,0,0
TXN-00007890,77.68,21,gaming,59,2606,1,64.4,5.64,90.14,1,0,1,1,0
TXN-00007891,40.27,12,online_shopping,43,1025,0,208.4,1.86,52.24,0,1,1,0,0
TXN-00007892,24.44,5,restaurant,19,256,2,153.34,17.16,85.2,0,0,1,0,0
TXN-00007893,26.94,9,travel,38,1732,1,47.67,51.26,52.38,1,0,0,0,0
TXN-00007894,21.6,21,restaurant,71,330,1,16.16,2.35,96.34,1,0,0,0,0
TXN-00007895,228.81,22,jewelry,64,730,2,20.49,7.11,67.43,2,0,1,0,0
TXN-00007896,18.68,3,restaurant,61,2285,4,36.42,15.35,81.79,0,1,1,1,1
TXN-00007897,10.09,23,restaurant,32,1269,3,10.0,45.45,87.63,0,1,1,0,0
TXN-00007898,93.3,20,restaurant,41,1174,1,19.66,22.84,76.68,0,0,0,0,0
TXN-00007899,32.25,15,cash_withdrawal,19,1257,1,52.87,9.28,45.58,1,0,0,0,0
TXN-00007900,344.02,4,travel,67,599,1,10.58,65.31,82.15,0,0,0,0,0
TXN-00007901,23.28,14,cash_withdrawal,24,218,3,42.31,30.75,79.74,1,1,0,0,0
TXN-00007902,98.33,10,restaurant,53,1292,4,20.93,11.65,87.78,0,0,0,0,0
TXN-00007903,126.0,2,grocery,34,1207,2,19.75,54.19,67.72,1,1,1,0,0
TXN-00007904,23.4,23,gaming,51,928,3,43.79,12.07,91.24,0,0,1,0,0
TXN-00007905,18.54,14,pharmacy,65,1960,1,83.57,6.32,61.08,0,0,1,0,0
TXN-00007906,88.1,2,cash_withdrawal,36,1493,3,28.61,13.89,86.66,1,0,0,0,1
TXN-00007907,73.97,8,restaurant,18,513,0,73.13,14.01,79.43,1,0,1,0,0
TXN-00007908,9.2,20,restaurant,56,811,2,37.19,17.51,77.8,0,0,1,0,0
TXN-00007909,12.37,10,restaurant,48,724,0,14.34,9.56,86.67,0,0,1,0,0
TXN-00007910,5.0,11,travel,26,609,2,61.3,25.55,97.72,0,0,1,0,0
TXN-00007911,75.58,3,pharmacy,20,1840,2,70.22,37.83,75.59,0,0,0,0,0
TXN-00007912,30.73,2,online_shopping,48,808,5,38.77,14.49,44.32,1,0,0,0,0
TXN-00007913,34.12,23,restaurant,53,1508,2,13.06,9.78,72.86,2,0,1,0,0
TXN-00007914,6.85,22,electronics,24,1308,1,11.46,12.57,80.74,1,0,0,1,0
TXN-00007915,12.77,2,gaming,52,505,1,40.72,16.93,53.83,0,0,0,0,1
TXN-00007916,24.49,13,restaurant,43,1839,3,40.67,3.71,73.64,0,0,0,0,0
TXN-00007917,19.97,16,online_shopping,25,977,5,47.45,1.05,81.26,0,0,0,0,0
TXN-00007918,45.77,21,fuel,53,809,0,10.0,0.88,66.74,2,0,1,0,0
TXN-00007919,74.64,13,online_shopping,55,426,3,17.07,6.46,47.79,0,1,0,0,1
TXN-00007920,438.38,20,pharmacy,27,630,2,20.64,30.75,81.2,0,0,0,0,0
TXN-00007921,39.61,2,grocery,57,553,1,60.22,21.21,96.07,1,0,1,0,0
TXN-00007922,130.47,0,electronics,30,363,1,30.4,73.82,81.06,0,1,1,0,0
TXN-00007923,16.92,11,travel,52,1259,2,62.74,14.84,60.54,0,0,1,1,0
TXN-00007924,6.97,6,fuel,65,566,1,15.79,11.37,68.05,0,1,1,0,0
TXN-00007925,27.94,18,pharmacy,72,1057,4,10.0,21.72,90.14,2,0,1,0,0
TXN-00007926,7.56,8,jewelry,32,1744,2,51.88,0.17,68.78,0,0,1,0,0
TXN-00007927,41.08,9,travel,37,1420,2,25.98,25.55,63.82,0,0,1,0,0
TXN-00007928,17.82,12,grocery,23,1142,2,31.01,0.72,89.77,0,0,1,0,0
TXN-00007929,5.2,23,jewelry,74,274,2,13.37,28.1,76.19,0,0,1,0,0
TXN-00007930,250.34,1,restaurant,37,364,1,32.81,13.88,68.74,1,0,0,0,0
TXN-00007931,23.0,13,cash_withdrawal,64,704,7,34.39,13.79,95.02,0,0,0,0,1
TXN-00007932,7.25,9,grocery,72,1190,0,30.4,4.44,62.79,0,1,0,0,0
TXN-00007933,103.86,0,grocery,45,561,0,46.32,5.0,93.62,0,0,1,0,0
TXN-00007934,18.82,19,restaurant,58,552,3,50.04,37.69,40.58,1,0,1,0,0
TXN-00007935,127.06,21,pharmacy,45,1700,1,68.12,4.54,85.17,1,1,1,0,0
TXN-00007936,18.73,4,cash_withdrawal,51,867,4,31.44,10.22,74.39,0,0,0,0,1
TXN-00007937,22.92,18,cash_withdrawal,32,375,4,90.12,32.08,91.7,1,0,1,0,0
TXN-00007938,58.09,16,online_shopping,66,1205,3,13.05,5.28,76.44,0,0,1,0,0
TXN-00007939,75.41,16,travel,25,462,1,55.18,24.68,85.36,0,0,0,0,0
TXN-00007940,90.64,11,online_shopping,56,1188,2,30.91,4.89,70.74,0,1,0,0,0
TXN-00007941,36.81,7,pharmacy,71,794,5,28.02,11.74,85.19,0,0,1,0,0
TXN-00007942,70.46,1,grocery,65,1008,1,22.49,2.66,54.04,0,0,0,0,1
TXN-00007943,88.49,0,restaurant,62,543,4,42.9,34.13,72.6,1,0,1,0,0
TXN-00007944,49.93,4,electronics,56,768,1,100.42,13.48,90.14,0,0,1,0,0
TXN-00007945,34.82,12,restaurant,72,708,2,70.86,20.56,95.77,0,1,1,0,0
TXN-00007946,8.87,3,pharmacy,68,583,2,54.1,4.34,89.39,1,1,1,0,0
TXN-00007947,75.88,16,restaurant,33,782,4,27.5,37.41,79.88,0,0,0,0,0
TXN-00007948,42.28,14,cash_withdrawal,54,275,8,87.19,11.54,91.17,0,0,0,0,0
TXN-00007949,26.2,8,grocery,42,1375,2,39.57,13.53,75.35,0,0,1,0,1
TXN-00007950,154.73,2,restaurant,33,1334,3,15.21,45.8,78.17,0,0,1,0,0
TXN-00007951,9.03,12,fuel,65,808,1,17.71,39.97,72.06,0,0,0,0,0
TXN-00007952,227.29,19,fuel,20,821,3,86.09,9.63,91.27,0,0,0,0,1
TXN-00007953,39.51,9,gaming,25,766,2,62.54,49.33,75.2,2,1,1,0,0
TXN-00007954,56.45,19,online_shopping,24,1373,3,68.41,23.45,86.11,1,0,0,1,0
TXN-00007955,26.71,6,online_shopping,29,688,1,33.3,59.33,90.04,0,0,1,0,0
TXN-00007956,7.03,1,pharmacy,47,1537,2,17.25,12.98,92.23,1,0,1,1,0
TXN-00007957,34.93,15,cash_withdrawal,72,434,0,10.0,12.02,70.28,1,0,1,1,0
TXN-00007958,57.48,21,travel,74,1542,3,17.45,6.38,74.29,0,0,1,0,0
TXN-00007959,82.27,21,fuel,70,223,3,11.54,2.07,79.81,0,0,1,0,0
TXN-00007960,32.85,23,online_shopping,62,751,2,136.22,31.03,83.54,0,0,0,0,0
TXN-00007961,5.0,2,fuel,44,1387,1,20.89,6.51,70.69,0,0,1,1,0
TXN-00007962,8.01,1,grocery,62,1499,2,20.9,0.62,84.52,0,0,1,0,0
TXN-00007963,348.84,13,travel,33,445,3,20.8,4.17,69.22,0,0,1,0,0
TXN-00007964,12.84,22,online_shopping,56,1221,3,10.0,0.3,91.91,0,0,1,0,0
TXN-00007965,180.98,23,fuel,18,1154,0,10.0,1.46,80.11,1,0,1,0,0
TXN-00007966,15.17,6,online_shopping,70,1257,2,85.83,10.44,80.73,0,1,1,0,0
TXN-00007967,33.4,9,travel,74,2865,2,95.99,54.91,60.45,0,0,1,0,0
TXN-00007968,77.98,15,online_shopping,60,3026,1,65.11,0.39,76.54,0,1,0,0,0
TXN-00007969,17.1,21,electronics,28,1736,1,41.97,2.01,71.14,1,0,0,0,0
TXN-00007970,215.26,4,fuel,32,568,2,13.66,26.92,92.13,0,0,0,0,0
TXN-00007971,43.79,23,online_shopping,60,727,4,69.47,32.96,85.74,1,0,1,0,0
TXN-00007972,65.62,19,grocery,46,1028,3,30.22,7.69,93.22,1,0,1,0,0
TXN-00007973,30.54,1,cash_withdrawal,49,753,2,42.67,43.78,72.46,0,0,0,0,0
TXN-00007974,80.77,20,grocery,41,570,1,36.48,9.24,94.95,0,0,0,0,0
TXN-00007975,212.24,15,electronics,66,1512,4,49.91,4.25,79.46,0,0,0,0,0
TXN-00007976,35.24,23,pharmacy,27,439,6,56.71,0.87,93.66,0,0,0,0,1
TXN-00007977,248.69,5,travel,43,236,3,27.42,1.71,70.12,0,0,0,0,0
TXN-00007978,21.28,23,cash_withdrawal,30,1338,2,59.36,34.86,64.76,0,0,1,1,1
TXN-00007979,90.22,1,cash_withdrawal,58,1314,3,24.88,10.36,73.16,0,0,1,0,0
TXN-00007980,67.6,1,grocery,34,373,2,58.18,8.02,81.44,0,0,0,0,0
TXN-00007981,13.17,10,grocery,35,368,5,59.16,14.95,87.35,2,0,1,0,0
TXN-00007982,50.63,15,electronics,28,906,0,10.03,2.76,41.09,0,0,0,0,0
TXN-00007983,40.76,4,restaurant,68,1071,7,30.85,4.82,94.32,0,0,1,0,0
TXN-00007984,16.51,6,restaurant,30,767,5,10.0,1.03,82.78,0,0,0,0,0
TXN-00007985,58.9,9,online_shopping,68,680,1,11.09,23.65,91.81,2,0,0,0,1
TXN-00007986,47.16,3,gaming,71,877,3,31.38,18.35,95.53,0,0,1,0,0
TXN-00007987,37.48,4,electronics,73,1285,1,27.53,3.63,93.33,0,1,0,0,1
TXN-00007988,37.64,3,restaurant,37,384,3,25.42,0.42,64.4,1,0,0,0,0
TXN-00007989,36.8,22,restaurant,55,983,0,46.2,0.29,81.57,2,0,0,0,0
TXN-00007990,27.49,22,travel,65,570,3,23.57,4.84,92.54,0,0,1,0,0
TXN-00007991,46.84,15,restaurant,22,2676,5,14.11,12.81,87.64,3,0,1,0,0
TXN-00007992,20.57,16,cash_withdrawal,21,1015,2,11.09,1.72,78.58,0,0,0,1,0
TXN-00007993,658.29,3,gaming,30,1905,2,10.23,9.2,67.17,0,0,0,0,0
TXN-00007994,9.21,1,pharmacy,74,1249,6,17.01,3.33,69.62,0,0,1,0,0
TXN-00007995,21.89,9,fuel,23,2263,3,18.54,25.79,68.32,0,0,0,0,0
TXN-00007996,23.78,23,electronics,62,886,1,75.63,55.21,83.59,1,0,1,0,1
TXN-00007997,344.65,11,electronics,66,951,4,33.65,17.74,77.03,1,0,0,0,0
TXN-00007998,10.11,19,cash_withdrawal,70,818,1,15.52,17.14,31.53,0,1,1,0,0
TXN-00007999,63.26,8,grocery,48,613,1,51.97,1.77,85.73,1,0,1,0,0
TXN-00008000,52.5,7,travel,48,400,3,50.72,12.74,91.39,0,0,1,0,0
TXN-00008001,57.41,19,online_shopping,61,1074,4,22.7,11.64,70.09,1,0,0,0,0
TXN-00008002,148.14,11,electronics,54,1484,1,69.21,21.13,86.52,0,1,1,1,0
TXN-00008003,144.98,17,restaurant,63,858,3,59.14,10.77,75.71,0,0,1,0,0
TXN-00008004,25.19,17,grocery,38,702,3,24.63,8.63,67.25,0,0,0,0,0
TXN-00008005,49.59,17,online_shopping,72,1871,2,29.24,32.48,48.19,1,1,1,0,0
TXN-00008006,5.71,16,fuel,43,494,1,24.02,4.98,94.79,0,1,0,0,0
TXN-00008007,44.88,19,restaurant,32,928,2,42.96,11.33,84.78,0,0,1,0,0
TXN-00008008,17.57,11,restaurant,61,1346,2,10.0,1.84,75.63,1,0,1,0,0
TXN-00008009,33.26,7,fuel,54,562,2,55.83,5.13,75.87,0,0,0,0,0
TXN-00008010,6.89,12,travel,20,935,6,11.89,27.22,65.59,0,0,1,0,0
TXN-00008011,61.87,7,restaurant,27,1512,2,19.79,24.53,79.56,0,1,1,1,1
TXN-00008012,6.81,1,restaurant,20,558,1,118.14,39.87,73.2,0,0,0,0,0
TXN-00008013,47.26,8,online_shopping,51,1265,1,24.5,4.39,89.09,1,0,1,0,0
TXN-00008014,11.16,12,grocery,68,330,4,38.36,8.14,91.4,0,0,0,0,0
TXN-00008015,16.57,12,restaurant,36,849,2,40.25,25.19,76.98,1,0,1,0,0
TXN-00008016,135.97,8,electronics,24,1641,0,38.77,1.64,83.82,0,0,0,0,0
TXN-00008017,74.99,17,electronics,67,1293,0,23.29,2.34,94.74,0,1,1,0,0
TXN-00008018,135.19,6,travel,59,1694,3,41.1,5.13,96.47,0,0,0,0,0
TXN-00008019,208.04,15,restaurant,49,192,4,29.4,4.55,70.91,0,0,1,0,0
TXN-00008020,17.97,6,cash_withdrawal,29,867,2,10.0,3.57,83.95,0,0,1,0,0
TXN-00008021,195.18,23,gaming,56,588,0,14.45,10.07,70.9,2,0,0,0,0
TXN-00008022,8.68,15,grocery,39,891,4,27.64,55.64,47.09,1,0,0,0,0
TXN-00008023,88.54,13,online_shopping,32,1549,3,43.15,9.9,59.46,0,0,1,0,1
TXN-00008024,24.09,10,jewelry,35,1996,6,43.58,4.21,60.54,2,0,0,0,0
TXN-00008025,15.23,18,grocery,21,2469,2,34.65,15.51,96.75,0,0,0,0,0
TXN-00008026,77.11,10,cash_withdrawal,46,713,2,30.74,7.43,78.73,1,0,1,0,0
TXN-00008027,109.09,19,pharmacy,61,302,6,28.19,1.43,92.28,0,0,1,0,0
TXN-00008028,105.75,3,gaming,65,250,2,37.92,19.54,61.22,0,0,1,0,0
TXN-00008029,50.68,19,cash_withdrawal,59,432,3,16.3,4.19,83.37,0,0,1,0,0
TXN-00008030,46.46,23,grocery,68,1469,4,31.39,1.82,81.59,1,0,1,0,0
TXN-00008031,70.33,5,travel,73,1174,1,54.58,0.46,80.5,1,0,0,0,0
TXN-00008032,55.64,5,online_shopping,30,2000,4,32.69,10.91,52.68,0,0,1,0,0
TXN-00008033,71.41,22,online_shopping,43,1214,0,16.04,5.37,93.76,0,0,1,0,0
TXN-00008034,50.11,9,electronics,37,882,2,15.88,3.77,77.56,0,1,0,0,0
TXN-00008035,98.0,16,electronics,57,712,2,70.09,4.37,90.56,0,0,0,0,0
TXN-00008036,7.33,4,travel,66,1857,2,27.72,31.3,66.57,1,1,1,1,0
TXN-00008037,35.24,10,online_shopping,69,190,4,11.84,6.6,87.9,0,0,1,0,0
TXN-00008038,9.46,16,fuel,23,454,2,15.68,4.02,64.21,1,0,1,0,0
TXN-00008039,54.08,21,grocery,47,1321,3,10.14,34.52,86.59,1,0,0,0,0
TXN-00008040,226.79,10,pharmacy,24,754,4,10.35,1.27,92.87,0,0,0,0,1
TXN-00008041,24.59,1,travel,37,1440,3,36.33,10.19,90.1,3,0,1,0,0
TXN-00008042,46.23,9,restaurant,45,1363,2,20.53,15.52,61.25,0,0,1,1,0
TXN-00008043,89.51,15,online_shopping,53,1285,1,13.5,1.89,91.15,2,0,1,0,0
TXN-00008044,5.0,21,pharmacy,63,1249,1,67.01,3.02,96.91,1,0,1,0,0
TXN-00008045,23.38,20,gaming,75,1514,2,24.85,16.04,72.86,0,0,0,0,0
TXN-00008046,59.31,18,gaming,37,1514,2,30.47,14.57,89.16,0,0,0,0,0
TXN-00008047,5.0,3,electronics,50,940,0,48.45,3.75,96.41,0,0,0,0,1
TXN-00008048,14.5,12,fuel,22,812,1,11.29,8.62,49.14,0,0,0,0,0
TXN-00008049,128.5,13,online_shopping,24,1127,1,12.96,59.18,79.0,1,0,1,0,0
TXN-00008050,115.95,11,travel,74,1728,5,30.38,46.18,88.97,0,0,1,0,0
TXN-00008051,59.92,22,travel,72,592,2,10.0,2.47,62.61,1,0,1,1,0
TXN-00008052,102.14,23,online_shopping,72,848,1,112.29,43.79,68.04,1,0,1,0,0
TXN-00008053,50.7,5,restaurant,33,693,5,38.35,16.73,76.52,0,0,1,0,0
TXN-00008054,72.47,22,online_shopping,55,529,5,27.73,55.84,80.31,1,1,0,0,1
TXN-00008055,29.04,20,restaurant,31,730,1,40.73,9.41,61.05,1,0,1,0,0
TXN-00008056,45.68,16,pharmacy,57,418,5,45.8,1.12,83.81,1,0,1,0,0
TXN-00008057,20.82,9,fuel,46,383,4,37.07,60.09,96.35,0,0,0,0,0
TXN-00008058,152.42,18,electronics,72,2111,2,50.97,0.25,55.28,0,0,1,0,0
TXN-00008059,199.86,14,pharmacy,39,496,3,63.84,25.44,86.16,2,0,0,0,1
TXN-00008060,172.24,21,online_shopping,55,1279,4,92.73,28.24,94.71,2,0,0,0,1
TXN-00008061,26.35,17,restaurant,56,2465,6,17.36,14.19,94.5,0,1,1,0,0
TXN-00008062,14.86,23,electronics,63,1654,3,13.29,13.94,68.6,0,0,1,0,0
TXN-00008063,154.6,10,restaurant,21,1253,1,13.27,14.69,63.17,0,0,1,0,0
TXN-00008064,71.6,1,gaming,44,1368,1,34.25,35.61,51.97,0,1,1,0,0
TXN-00008065,57.11,11,pharmacy,44,700,3,10.0,41.03,66.22,0,1,0,0,1
TXN-00008066,20.79,23,fuel,31,1674,1,12.02,1.28,31.53,0,0,1,0,0
TXN-00008067,63.24,15,online_shopping,64,2212,1,42.14,17.74,72.26,1,0,0,0,1
TXN-00008068,12.94,16,cash_withdrawal,66,776,4,21.8,19.32,76.94,0,0,0,0,1
TXN-00008069,78.71,15,fuel,22,373,2,27.21,0.59,64.73,1,0,0,0,0
TXN-00008070,172.06,14,fuel,57,1483,3,84.51,11.23,64.87,0,0,1,0,0
TXN-00008071,224.21,1,restaurant,67,2838,3,57.61,44.19,49.95,1,0,1,1,1
TXN-00008072,85.11,9,grocery,34,527,1,34.86,5.42,54.9,0,0,0,0,0
TXN-00008073,9.48,2,restaurant,54,177,2,15.06,5.19,63.48,1,0,0,1,0
TXN-00008074,49.76,8,gaming,54,854,3,26.27,37.68,75.77,1,1,0,0,1
TXN-00008075,382.48,17,online_shopping,19,672,1,16.84,7.03,89.26,0,0,1,0,0
TXN-00008076,16.25,19,pharmacy,65,1047,4,24.91,38.98,60.11,1,0,1,0,0
TXN-00008077,38.01,5,pharmacy,61,612,3,16.21,15.87,91.78,0,0,1,0,0
TXN-00008078,178.43,15,restaurant,33,838,3,31.11,17.61,41.71,0,0,1,0,0
TXN-00008079,77.32,5,travel,36,504,4,24.0,31.86,96.09,0,0,1,0,0
TXN-00008080,546.84,4,travel,62,255,4,16.08,14.62,98.34,2,1,0,1,1
TXN-00008081,18.74,23,travel,64,889,3,12.96,9.85,82.82,0,0,0,0,0
TXN-00008082,14.31,14,fuel,22,1327,1,84.04,15.64,88.85,1,0,1,0,0
TXN-00008083,146.25,4,grocery,38,428,4,18.38,0.55,83.01,0,0,1,0,0
TXN-00008084,11.52,3,online_shopping,54,2599,2,57.96,9.37,88.83,0,0,0,0,0
TXN-00008085,32.9,1,online_shopping,25,1207,2,26.94,27.07,72.42,2,0,1,0,0
TXN-00008086,37.75,11,restaurant,75,701,1,31.01,18.56,86.13,0,0,1,0,0
TXN-00008087,120.04,2,gaming,30,1813,2,31.31,31.72,58.53,2,0,1,0,0
TXN-00008088,77.09,14,fuel,68,1514,3,24.03,3.35,91.11,0,0,0,0,0
TXN-00008089,65.36,10,grocery,21,1294,3,28.93,1.56,70.78,3,0,0,0,0
TXN-00008090,26.51,15,travel,68,1024,0,41.6,8.98,81.95,1,0,0,0,0
TXN-00008091,144.86,4,fuel,20,712,2,12.68,15.44,76.85,0,0,1,0,0
TXN-00008092,2771.42,3,jewelry,57,1145,1,25.72,19.16,59.09,1,1,1,0,1
TXN-00008093,83.58,2,cash_withdrawal,38,1022,3,29.61,7.26,64.59,0,1,1,0,1
TXN-00008094,44.91,2,restaurant,44,1763,2,44.54,1.2,81.99,1,1,1,0,0
TXN-00008095,10.35,1,pharmacy,24,1243,2,22.18,19.37,59.39,2,0,1,0,0
TXN-00008096,20.71,6,restaurant,57,790,4,25.42,1.71,71.12,1,0,1,0,0
TXN-00008097,32.32,19,electronics,54,783,5,48.25,17.98,83.03,1,0,1,1,0
TXN-00008098,23.07,14,online_shopping,36,602,1,10.14,19.65,87.34,0,0,0,0,0
TXN-00008099,39.77,6,travel,45,1053,2,60.24,10.44,77.54,1,0,1,0,0
TXN-00008100,261.63,22,online_shopping,50,732,4,16.7,61.99,88.33,0,0,1,0,0
TXN-00008101,149.83,18,restaurant,57,455,2,57.69,6.94,78.61,0,0,1,0,0
TXN-00008102,34.23,18,restaurant,49,1444,3,65.72,28.08,89.11,0,0,1,0,0
TXN-00008103,11.37,21,fuel,21,694,2,23.13,20.94,76.59,1,0,1,0,1
TXN-00008104,164.72,17,gaming,49,815,3,55.7,73.84,84.13,1,0,0,0,0
TXN-00008105,38.42,22,electronics,38,1954,4,22.96,28.14,92.48,0,0,1,0,0
TXN-00008106,6.6,7,electronics,41,1558,2,18.19,8.96,85.92,0,1,1,0,0
TXN-00008107,85.46,20,restaurant,39,1233,3,37.47,13.77,87.85,0,1,1,0,0
TXN-00008108,118.74,2,restaurant,38,1046,4,51.51,22.59,79.93,1,0,1,0,0
TXN-00008109,5.0,7,cash_withdrawal,31,2178,3,15.58,50.62,84.73,1,0,0,0,0
TXN-00008110,17.02,21,online_shopping,37,830,1,10.0,0.98,73.0,2,0,0,1,0
TXN-00008111,36.02,3,restaurant,59,611,2,33.33,5.75,87.92,0,0,0,0,0
TXN-00008112,87.46,12,electronics,31,1759,3,85.09,4.87,87.56,0,0,1,1,0
TXN-00008113,23.53,8,pharmacy,62,1235,1,28.83,10.31,89.1,0,0,0,0,0
TXN-00008114,16.88,2,grocery,43,539,3,67.88,6.75,89.02,1,0,1,1,0
TXN-00008115,86.79,5,electronics,53,1236,3,59.91,27.28,84.8,0,0,0,0,0
TXN-00008116,24.74,12,electronics,24,377,2,52.42,6.08,60.48,0,0,0,0,0
TXN-00008117,71.46,15,cash_withdrawal,30,1580,1,26.45,16.99,79.28,0,0,0,0,1
TXN-00008118,12.59,16,grocery,70,1070,2,19.24,13.13,90.92,0,0,0,0,0
TXN-00008119,9.78,3,gaming,66,1154,2,32.24,2.37,88.66,1,0,1,0,0
TXN-00008120,89.39,7,restaurant,22,1193,1,13.9,35.41,59.56,0,0,1,0,0
TXN-00008121,52.73,2,fuel,70,1227,4,50.81,4.92,70.22,0,0,1,0,0
TXN-00008122,106.55,0,grocery,66,913,0,22.78,7.21,61.85,2,0,1,0,1
TXN-00008123,23.12,9,gaming,25,966,0,26.69,3.01,94.03,1,0,0,0,0
TXN-00008124,17.55,14,electronics,31,727,2,26.07,2.39,67.78,1,0,0,0,0
TXN-00008125,168.81,8,grocery,28,1049,4,17.8,8.71,61.81,0,0,1,0,0
TXN-00008126,8.17,0,electronics,67,915,2,20.75,17.27,89.31,0,0,1,0,0
TXN-00008127,150.51,5,fuel,67,997,1,37.76,13.85,99.11,0,0,0,0,0
TXN-00008128,161.83,10,gaming,59,431,2,14.08,0.71,71.2,0,0,0,0,0
TXN-00008129,99.79,8,cash_withdrawal,32,660,2,14.45,22.42,93.94,0,0,1,0,0
TXN-00008130,19.64,19,grocery,71,224,3,16.82,35.38,64.5,2,0,1,0,0
TXN-00008131,17.16,14,grocery,67,865,0,30.77,30.59,62.86,0,0,0,0,0
TXN-00008132,32.44,23,cash_withdrawal,68,499,2,10.34,1.13,58.7,1,0,0,0,0
TXN-00008133,10.38,4,restaurant,38,315,1,18.49,8.19,85.86,1,0,1,0,0
TXN-00008134,14.73,8,electronics,58,1049,1,10.0,20.3,77.31,0,0,1,0,0
TXN-00008135,79.6,2,restaurant,57,527,5,10.36,2.0,86.95,0,0,1,0,0
TXN-00008136,79.98,0,pharmacy,26,660,4,22.46,5.66,83.95,0,0,1,0,0
TXN-00008137,13.44,22,grocery,51,1140,1,36.14,0.83,86.32,0,0,1,0,0
TXN-00008138,82.26,11,restaurant,49,1415,4,31.37,1.34,69.54,0,0,1,0,0
TXN-00008139,65.17,15,grocery,51,740,3,29.18,29.89,75.92,0,1,1,0,0
TXN-00008140,197.43,6,pharmacy,37,1580,1,20.43,5.29,68.91,0,1,1,0,0
TXN-00008141,73.52,1,online_shopping,56,1785,1,63.92,22.13,71.7,0,0,0,0,0
TXN-00008142,122.92,21,online_shopping,69,891,0,21.75,2.91,70.14,0,0,1,0,0
TXN-00008143,66.75,15,gaming,53,890,7,11.45,16.85,85.07,0,0,0,1,1
TXN-00008144,113.17,17,fuel,68,639,5,72.77,22.08,92.54,0,0,1,0,0
TXN-00008145,10.47,12,fuel,62,1009,2,16.63,9.41,60.76,0,0,1,0,0
TXN-00008146,35.59,9,cash_withdrawal,36,1418,6,24.6,0.97,75.63,0,0,0,0,0
TXN-00008147,38.83,10,fuel,60,1720,3,55.92,11.63,79.97,2,0,0,0,0
TXN-00008148,31.31,18,online_shopping,56,540,3,19.36,33.41,96.4,0,0,0,1,0
TXN-00008149,64.46,5,gaming,72,923,2,61.19,39.46,86.12,0,0,1,1,0
TXN-00008150,78.74,8,pharmacy,37,1290,2,32.12,49.27,76.06,0,0,1,0,0
TXN-00008151,61.06,7,pharmacy,27,324,5,41.39,10.73,62.1,0,1,0,0,0
TXN-00008152,33.59,12,restaurant,57,115,6,34.65,3.6,89.89,0,0,0,0,0
TXN-00008153,18.68,23,online_shopping,54,903,3,25.21,12.89,61.16,1,0,0,0,0
TXN-00008154,128.0,22,electronics,53,550,2,82.04,35.15,76.2,0,0,0,0,0
TXN-00008155,58.39,13,jewelry,60,505,3,48.74,22.7,78.93,0,0,1,0,0
TXN-00008156,13.88,4,fuel,47,568,2,10.0,3.89,88.23,0,0,1,0,0
TXN-00008157,33.0,22,grocery,19,571,2,22.12,21.11,94.17,1,0,1,0,0
TXN-00008158,6.49,7,jewelry,68,1128,1,49.51,5.18,79.75,0,0,1,0,0
TXN-00008159,41.98,8,online_shopping,34,219,1,10.0,36.15,89.15,0,0,1,0,0
TXN-00008160,32.84,21,online_shopping,32,1086,2,17.39,6.86,76.81,0,0,0,0,0
TXN-00008161,22.13,6,electronics,65,767,0,59.66,6.79,83.78,0,0,0,0,0
TXN-00008162,213.54,11,electronics,64,400,3,36.62,24.79,77.15,0,0,1,0,0
TXN-00008163,12.01,22,travel,47,1235,2,21.15,7.8,73.08,2,0,0,0,0
TXN-00008164,84.92,7,online_shopping,57,1117,4,47.42,20.62,63.65,0,0,0,0,0
TXN-00008165,401.84,14,online_shopping,22,599,1,122.69,20.18,94.95,0,0,0,0,0
TXN-00008166,125.35,0,online_shopping,34,252,1,16.25,5.97,58.13,0,0,1,0,0
TXN-00008167,39.13,23,travel,32,1195,3,13.45,12.65,92.15,0,0,0,0,1
TXN-00008168,12.3,10,electronics,42,1655,2,91.61,0.77,96.6,3,0,0,0,0
TXN-00008169,9.68,16,online_shopping,38,239,3,57.7,3.17,70.93,0,0,0,0,0
TXN-00008170,26.26,12,online_shopping,22,510,0,24.83,46.44,76.64,0,0,1,1,0
TXN-00008171,19.66,10,pharmacy,57,208,3,31.09,4.5,60.77,2,1,0,0,0
TXN-00008172,19.0,9,grocery,52,1347,3,51.91,1.95,50.3,0,0,1,0,0
TXN-00008173,28.71,0,pharmacy,40,833,2,51.97,4.09,74.76,1,0,1,0,0
TXN-00008174,36.33,6,restaurant,69,726,5,54.29,1.27,41.04,0,0,1,0,0
TXN-00008175,67.32,9,pharmacy,38,1300,6,17.6,17.52,81.09,0,1,1,0,0
TXN-00008176,11.03,8,online_shopping,24,664,2,25.21,17.78,97.15,1,0,0,0,0
TXN-00008177,19.76,6,cash_withdrawal,67,1312,3,106.19,16.48,90.8,1,0,0,0,0
TXN-00008178,34.2,15,travel,25,452,3,45.8,22.46,84.35,0,1,1,0,1
TXN-00008179,32.94,19,jewelry,22,903,1,88.75,11.25,70.88,1,0,0,0,0
TXN-00008180,278.17,21,gaming,45,1434,2,34.06,4.35,98.03,1,0,1,1,0
TXN-00008181,51.62,23,online_shopping,51,351,1,21.53,3.55,73.99,2,0,0,0,1
TXN-00008182,7.43,15,restaurant,34,573,0,16.17,16.47,82.67,0,0,1,0,0
TXN-00008183,62.75,9,restaurant,66,725,6,22.89,0.24,78.31,0,1,0,0,1
TXN-00008184,71.73,15,online_shopping,34,2074,0,66.37,7.5,74.82,0,0,0,0,0
TXN-00008185,35.47,3,online_shopping,73,1057,1,32.13,36.45,49.23,1,0,1,0,0
TXN-00008186,11.31,19,gaming,55,408,3,11.65,7.85,63.49,0,0,1,0,0
TXN-00008187,256.2,12,travel,28,2246,0,15.85,0.12,88.67,0,0,0,0,0
TXN-00008188,13.15,3,online_shopping,41,1979,3,137.08,16.86,87.67,0,0,0,0,0
TXN-00008189,80.95,10,restaurant,22,1014,1,17.34,1.12,84.28,1,0,1,0,0
TXN-00008190,49.9,7,jewelry,66,2574,3,35.59,18.15,68.24,0,0,1,0,0
TXN-00008191,76.01,8,online_shopping,55,638,5,53.55,27.54,77.85,0,0,1,0,0
TXN-00008192,242.79,1,cash_withdrawal,42,780,0,24.5,2.05,76.51,0,0,0,1,1
TXN-00008193,72.95,0,grocery,57,515,4,10.0,4.93,80.35,0,0,1,0,1
TXN-00008194,22.5,8,cash_withdrawal,53,1305,3,13.48,37.63,67.84,0,0,0,0,0
TXN-00008195,129.19,7,pharmacy,52,2363,2,16.16,41.31,73.24,0,0,1,0,0
TXN-00008196,20.85,23,gaming,41,1535,2,11.85,16.64,85.93,2,0,0,0,0
TXN-00008197,48.03,6,online_shopping,38,541,2,75.74,26.12,61.4,1,0,0,1,0
TXN-00008198,10.4,7,online_shopping,32,662,3,50.39,2.95,71.37,0,0,1,0,0
TXN-00008199,13.67,21,online_shopping,63,1440,2,67.1,4.56,69.18,0,0,0,0,0
TXN-00008200,42.69,20,jewelry,45,530,0,16.73,29.06,94.67,2,0,0,0,0
TXN-00008201,59.53,1,pharmacy,45,897,6,25.68,8.0,85.53,1,0,0,0,0
TXN-00008202,6.77,2,fuel,59,333,5,58.29,2.39,76.96,1,0,0,0,0
TXN-00008203,68.18,2,fuel,48,774,0,10.0,15.56,93.49,0,0,0,0,0
TXN-00008204,17.11,11,grocery,73,1013,3,99.22,9.87,82.43,2,1,1,0,1
TXN-00008205,155.04,13,grocery,31,1038,5,63.42,0.19,49.94,0,0,1,0,0
TXN-00008206,27.95,8,electronics,20,1226,3,39.3,2.37,66.73,0,0,0,0,0
TXN-00008207,12.43,0,fuel,42,1908,3,19.99,15.24,93.21,0,0,0,0,0
TXN-00008208,43.8,4,online_shopping,48,1585,4,12.65,9.08,84.62,0,0,1,0,0
TXN-00008209,15.46,14,cash_withdrawal,65,1518,3,46.36,31.47,54.33,2,0,1,0,0
TXN-00008210,153.3,8,travel,54,1404,2,80.6,27.08,72.07,1,0,1,0,1
TXN-00008211,40.47,2,cash_withdrawal,72,1045,4,38.12,23.04,63.11,0,0,1,0,0
TXN-00008212,34.49,15,grocery,22,905,1,45.5,31.82,82.58,1,0,0,0,0
TXN-00008213,75.29,14,pharmacy,49,1629,0,46.31,14.11,63.83,0,0,1,0,0
TXN-00008214,14.08,11,grocery,66,1430,2,33.64,32.52,88.75,1,0,0,0,0
TXN-00008215,10.45,22,cash_withdrawal,47,612,5,41.55,10.24,72.09,1,0,1,0,0
TXN-00008216,62.1,20,fuel,34,1279,3,81.17,36.04,88.73,0,0,0,0,0
TXN-00008217,12.75,0,grocery,62,1055,2,43.5,0.15,54.64,0,0,0,0,0
TXN-00008218,12.74,21,restaurant,68,1180,3,32.81,22.97,98.89,0,1,1,0,0
TXN-00008219,97.38,1,gaming,33,1748,2,17.84,31.19,84.71,1,0,0,0,1
TXN-00008220,70.2,11,electronics,50,636,3,51.38,3.44,91.63,1,0,0,0,0
TXN-00008221,10.84,21,gaming,64,600,2,31.71,25.21,89.3,0,0,0,0,1
TXN-00008222,21.11,23,online_shopping,26,1107,0,32.05,15.64,70.54,0,1,1,0,0
TXN-00008223,15.66,0,travel,18,673,1,43.13,1.4,84.31,0,1,1,0,0
TXN-00008224,261.16,1,online_shopping,60,379,2,30.51,28.12,80.27,0,0,1,1,1
TXN-00008225,104.72,5,electronics,61,486,1,38.54,1.37,64.13,1,0,1,0,0
TXN-00008226,26.0,6,grocery,27,2581,0,34.03,6.05,83.28,0,0,1,1,0
TXN-00008227,74.07,6,fuel,52,1007,0,23.88,0.74,71.74,2,0,0,0,0
TXN-00008228,9.74,10,grocery,59,1298,2,53.37,18.05,96.64,0,0,1,0,0
TXN-00008229,19.96,7,pharmacy,73,857,4,10.0,10.48,57.27,1,0,0,0,0
TXN-00008230,45.16,13,cash_withdrawal,64,1662,1,43.94,46.73,84.81,0,0,0,0,0
TXN-00008231,65.03,20,grocery,30,230,2,15.45,1.41,78.53,0,0,0,0,0
TXN-00008232,36.51,13,cash_withdrawal,51,2063,3,63.3,6.48,53.95,1,0,0,0,0
TXN-00008233,52.48,7,restaurant,60,997,7,10.0,24.71,73.39,0,0,0,0,0
TXN-00008234,43.91,13,fuel,33,669,3,21.21,20.27,85.78,0,0,0,0,0
TXN-00008235,34.06,14,electronics,27,1910,4,38.9,10.48,80.42,3,1,0,0,0
TXN-00008236,29.64,21,electronics,43,1255,3,27.39,22.33,82.95,0,0,1,0,0
TXN-00008237,25.85,22,grocery,59,918,4,18.87,1.63,47.16,0,0,0,0,0
TXN-00008238,51.6,6,online_shopping,48,406,3,61.16,0.51,66.69,1,0,0,0,0
TXN-00008239,62.26,22,travel,53,937,4,12.73,4.23,61.4,0,0,1,1,0
TXN-00008240,49.81,19,grocery,56,1062,5,31.97,12.51,45.65,0,0,1,0,0
TXN-00008241,11.73,3,grocery,73,1135,3,19.92,0.78,79.66,0,1,1,1,0
TXN-00008242,14.17,13,online_shopping,54,619,0,49.31,20.96,64.05,1,0,0,0,0
TXN-00008243,61.49,3,fuel,25,631,3,20.58,23.03,97.95,0,0,0,0,0
TXN-00008244,189.66,11,restaurant,41,477,1,30.08,28.56,92.32,1,1,1,0,1
TXN-00008245,47.47,1,restaurant,27,661,2,24.6,15.79,85.87,1,0,0,0,0
TXN-00008246,26.25,7,travel,61,1368,2,28.75,1.87,80.64,1,1,0,0,0
TXN-00008247,51.19,14,cash_withdrawal,75,2300,1,33.03,31.47,95.98,1,0,0,0,0
TXN-00008248,12.26,7,restaurant,62,844,0,30.78,3.31,66.21,1,0,0,0,0
TXN-00008249,159.87,0,grocery,32,1154,2,28.83,56.71,76.38,0,0,1,0,1
TXN-00008250,49.2,9,travel,58,461,4,19.03,21.24,63.43,0,0,0,0,0
TXN-00008251,20.03,12,grocery,19,469,2,34.89,18.85,91.27,0,0,1,1,0
TXN-00008252,33.95,18,travel,33,1612,1,13.93,25.07,96.34,0,0,0,0,0
TXN-00008253,23.26,3,restaurant,35,200,3,38.22,0.87,88.29,0,0,1,1,0
TXN-00008254,160.33,11,restaurant,45,1261,2,29.66,28.72,97.67,0,0,0,0,0
TXN-00008255,32.71,4,restaurant,36,1290,5,10.0,3.52,65.41,0,0,0,0,0
TXN-00008256,47.61,3,grocery,43,1637,2,33.97,6.28,75.96,1,1,0,0,0
TXN-00008257,73.88,2,gaming,18,1188,1,90.37,50.69,85.15,0,0,0,1,0
TXN-00008258,18.58,18,fuel,65,391,3,28.11,20.59,83.11,0,0,1,0,0
TXN-00008259,49.57,22,grocery,40,1826,1,33.68,6.51,62.71,0,0,0,0,0
TXN-00008260,53.96,15,fuel,64,724,2,18.83,2.2,84.77,2,0,0,0,0
TXN-00008261,7.91,9,online_shopping,21,1756,3,140.15,15.66,66.31,0,0,0,0,0
TXN-00008262,52.74,22,travel,68,1561,4,128.86,7.57,80.56,2,0,0,0,0
TXN-00008263,38.55,11,online_shopping,54,1165,3,92.51,7.53,62.38,1,0,0,0,1
TXN-00008264,46.36,12,online_shopping,31,1569,3,117.27,11.87,59.52,0,0,0,0,1
TXN-00008265,41.99,15,jewelry,61,1953,3,16.9,5.52,66.64,4,0,0,0,0
TXN-00008266,53.1,15,online_shopping,61,1259,3,13.13,1.83,71.78,0,0,0,0,0
TXN-00008267,164.71,11,grocery,60,1477,5,189.44,15.01,82.92,0,0,1,0,0
TXN-00008268,11.72,11,pharmacy,68,575,1,26.99,10.46,49.89,1,0,1,0,0
TXN-00008269,28.24,7,electronics,73,1419,2,17.49,10.36,60.61,0,0,0,0,0
TXN-00008270,81.45,16,pharmacy,27,568,2,40.5,3.38,93.71,0,0,1,0,0
TXN-00008271,67.02,16,grocery,34,1102,4,14.49,15.3,74.73,0,1,1,0,0
TXN-00008272,65.52,10,restaurant,20,674,1,35.58,15.04,82.33,1,0,0,0,0
TXN-00008273,728.7,17,travel,21,765,2,17.51,0.86,77.3,1,0,1,0,0
TXN-00008274,77.08,3,pharmacy,24,2083,1,53.98,36.93,88.96,1,0,0,0,0
TXN-00008275,132.62,9,electronics,58,983,2,16.99,35.44,94.26,0,1,1,0,0
TXN-00008276,29.3,23,restaurant,53,1097,1,13.87,0.23,90.04,0,0,0,0,0
TXN-00008277,14.26,17,cash_withdrawal,20,1451,2,16.27,0.82,79.34,2,0,0,0,0
TXN-00008278,29.08,17,restaurant,42,1056,1,37.28,2.17,72.33,0,1,1,0,0
TXN-00008279,85.42,20,pharmacy,24,1406,1,20.06,12.1,77.72,2,0,1,0,1
TXN-00008280,62.0,14,restaurant,29,1475,0,53.07,14.49,93.79,0,0,1,1,1
TXN-00008281,61.77,15,fuel,21,733,2,29.35,83.84,86.25,0,0,0,0,0
TXN-00008282,32.3,11,online_shopping,48,512,2,44.66,42.76,88.55,1,0,1,0,0
TXN-00008283,27.32,19,travel,22,1048,2,16.22,10.92,65.04,2,0,1,0,0
TXN-00008284,33.49,17,online_shopping,63,768,1,26.93,3.61,66.43,0,0,0,0,0
TXN-00008285,86.55,12,restaurant,72,1540,1,29.4,1.23,80.82,0,0,1,0,0
TXN-00008286,97.78,3,grocery,67,781,3,17.71,8.29,76.19,1,0,0,0,0
TXN-00008287,14.06,19,electronics,65,1945,3,21.68,16.32,79.48,0,0,0,0,0
TXN-00008288,90.06,7,grocery,61,1984,0,38.86,2.78,79.72,0,0,0,0,0
TXN-00008289,20.42,8,restaurant,70,1859,4,10.0,4.76,82.02,2,1,1,0,1
TXN-00008290,66.18,2,grocery,69,1344,3,22.39,5.13,82.41,2,0,0,0,1
TXN-00008291,33.06,5,pharmacy,30,686,2,27.62,28.44,54.39,1,0,1,0,0
TXN-00008292,209.36,3,restaurant,53,836,1,12.9,19.95,87.1,1,0,1,0,0
TXN-00008293,26.08,2,online_shopping,35,1331,3,10.0,5.67,81.29,1,0,0,0,1
TXN-00008294,48.79,0,grocery,66,928,0,28.45,5.24,49.89,1,0,0,0,0
TXN-00008295,76.47,7,pharmacy,18,897,1,15.64,7.67,70.99,0,0,0,0,0
TXN-00008296,16.16,18,fuel,42,1906,1,10.0,16.54,63.73,0,0,1,0,0
TXN-00008297,37.47,20,fuel,39,450,1,17.37,0.35,89.33,0,0,1,0,0
TXN-00008298,30.57,5,electronics,67,1373,5,35.22,0.26,71.27,0,0,1,0,0
TXN-00008299,23.58,10,cash_withdrawal,35,1287,6,38.66,11.64,82.71,0,0,1,0,0
TXN-00008300,25.49,19,online_shopping,69,1086,3,25.58,23.41,65.29,0,1,0,0,0
TXN-00008301,130.01,16,cash_withdrawal,46,555,3,62.45,15.19,79.18,1,0,1,0,0
TXN-00008302,21.57,21,electronics,57,844,2,46.27,11.82,60.47,0,0,0,0,0
TXN-00008303,73.31,10,restaurant,48,1076,2,13.56,13.84,65.15,1,0,1,0,0
TXN-00008304,56.28,4,grocery,43,518,5,20.28,17.34,61.84,0,0,0,0,0
TXN-00008305,9.33,3,grocery,35,1717,2,10.0,4.75,90.17,0,0,1,0,0
TXN-00008306,69.76,17,online_shopping,34,1014,3,71.98,55.06,62.72,1,0,0,0,0
TXN-00008307,9.17,0,electronics,55,974,4,21.84,27.67,74.8,1,0,0,0,0
TXN-00008308,78.22,11,gaming,36,1415,3,123.11,30.71,80.62,0,0,0,0,0
TXN-00008309,23.75,8,electronics,68,2110,0,22.25,17.65,63.36,2,0,1,1,0
TXN-00008310,40.8,22,travel,25,832,2,26.21,4.31,72.47,0,0,0,0,0
TXN-00008311,10.39,23,online_shopping,30,487,2,43.3,2.3,88.68,0,1,0,0,0
TXN-00008312,45.99,11,travel,20,2240,4,94.8,12.4,78.46,0,0,0,0,0
TXN-00008313,107.05,13,jewelry,68,1136,0,105.12,6.02,86.19,0,0,0,0,0
TXN-00008314,17.33,9,electronics,42,2681,6,29.94,18.01,89.49,0,0,0,0,0
TXN-00008315,21.38,18,electronics,20,1964,3,28.28,4.74,87.5,1,0,1,0,0
TXN-00008316,65.19,7,fuel,20,644,1,20.28,39.85,93.35,0,0,1,1,0
TXN-00008317,66.93,17,gaming,71,911,2,100.34,31.66,69.63,2,0,1,0,0
TXN-00008318,5.0,21,online_shopping,69,201,3,46.26,31.83,88.88,0,0,0,0,0
TXN-00008319,335.69,4,jewelry,34,685,4,19.97,4.24,94.82,1,0,1,0,1
TXN-00008320,70.46,5,gaming,55,442,1,55.14,0.93,82.15,0,0,0,0,0
TXN-00008321,84.08,9,online_shopping,32,718,6,46.18,21.38,91.81,0,0,1,0,0
TXN-00008322,34.79,19,online_shopping,66,348,2,19.11,2.42,78.89,1,0,0,0,1
TXN-00008323,5.77,15,cash_withdrawal,59,611,3,21.26,3.45,69.92,0,0,0,1,0
TXN-00008324,82.14,4,electronics,43,705,4,13.95,8.67,88.93,0,0,0,1,1
TXN-00008325,22.34,8,online_shopping,71,973,4,63.06,21.42,74.11,0,0,1,0,0
TXN-00008326,71.6,15,electronics,30,398,2,20.98,9.54,76.86,0,0,1,0,0
TXN-00008327,32.15,23,pharmacy,75,326,4,13.57,4.62,91.5,0,0,0,1,0
TXN-00008328,51.93,10,jewelry,34,1756,2,77.78,0.49,89.83,1,0,1,0,0
TXN-00008329,17.93,1,fuel,69,688,1,36.77,6.29,76.38,1,1,1,0,1
TXN-00008330,100.24,2,restaurant,67,1170,2,10.0,2.79,69.92,0,0,0,0,0
TXN-00008331,11.61,0,grocery,50,673,1,47.29,12.78,93.02,0,0,1,0,0
TXN-00008332,427.45,3,fuel,25,1005,1,10.0,8.93,91.26,0,0,1,0,1
TXN-00008333,424.05,9,travel,61,952,4,17.5,5.51,67.77,0,0,1,0,0
TXN-00008334,224.6,6,online_shopping,58,1797,2,39.79,5.73,81.97,1,0,0,0,1
TXN-00008335,154.35,7,restaurant,68,870,3,39.03,14.81,41.91,0,0,1,1,1
TXN-00008336,37.01,18,fuel,31,898,1,18.05,56.74,84.07,1,1,1,0,0
TXN-00008337,137.67,11,electronics,31,536,5,12.52,14.6,55.54,0,0,1,0,0
TXN-00008338,36.56,17,grocery,38,345,2,95.67,27.84,74.81,1,0,1,0,0
TXN-00008339,7.92,13,grocery,39,1134,2,78.47,29.96,65.46,2,0,1,0,0
TXN-00008340,196.05,4,restaurant,18,1147,0,24.58,15.6,76.59,0,0,0,0,0
TXN-00008341,132.33,22,fuel,26,1077,1,28.62,7.55,84.36,2,0,0,0,0
TXN-00008342,39.14,11,electronics,45,1570,3,18.4,48.96,76.02,0,0,0,0,0
TXN-00008343,11.17,20,electronics,74,965,2,24.41,23.99,67.81,0,0,1,0,0
TXN-00008344,21.86,2,online_shopping,25,781,2,29.56,1.57,72.57,0,0,0,0,0
TXN-00008345,5.98,20,online_shopping,31,1064,3,48.39,22.59,59.4,1,0,0,0,0
TXN-00008346,109.11,17,pharmacy,67,883,5,10.0,0.69,93.74,0,0,1,0,0
TXN-00008347,7.51,5,grocery,20,426,2,38.33,15.21,71.51,0,0,0,0,0
TXN-00008348,54.66,19,online_shopping,23,1652,1,80.62,36.76,74.7,1,0,0,0,0
TXN-00008349,16.68,17,pharmacy,69,676,3,23.35,60.93,73.36,0,0,0,0,0
TXN-00008350,9.04,21,online_shopping,32,914,2,15.32,21.11,90.05,0,0,1,0,0
TXN-00008351,51.95,5,pharmacy,35,711,4,59.76,0.35,64.35,1,0,1,0,0
TXN-00008352,28.49,21,electronics,18,1788,4,14.29,3.94,84.75,0,0,0,0,0
TXN-00008353,97.52,18,online_shopping,41,726,2,12.4,38.6,84.95,0,0,1,0,0
TXN-00008354,10.69,8,fuel,75,1930,4,10.0,18.24,35.94,0,0,1,0,0
TXN-00008355,18.26,8,gaming,75,641,3,40.4,2.14,63.58,0,0,0,0,0
TXN-00008356,5.0,6,fuel,55,1375,1,12.78,26.88,81.21,0,0,1,0,0
TXN-00008357,5.0,11,cash_withdrawal,57,896,3,10.0,4.16,87.05,1,0,1,0,0
TXN-00008358,267.23,21,fuel,55,382,1,31.9,19.17,63.45,0,0,1,0,1
TXN-00008359,360.6,20,grocery,58,1897,3,14.42,9.82,66.78,0,0,0,0,0
TXN-00008360,44.58,3,fuel,48,613,3,43.02,5.4,78.96,0,0,1,1,0
TXN-00008361,17.03,3,restaurant,29,796,3,40.6,2.86,86.78,0,0,0,0,0
TXN-00008362,29.57,1,grocery,68,1120,1,30.58,2.39,59.43,1,0,1,0,0
TXN-00008363,101.22,14,online_shopping,69,493,3,17.48,9.15,82.47,0,1,1,0,0
TXN-00008364,23.57,7,grocery,26,666,1,49.18,45.89,61.28,1,0,1,0,0
TXN-00008365,51.91,18,online_shopping,23,858,2,11.49,17.77,77.92,1,0,0,1,0
TXN-00008366,39.91,18,pharmacy,63,366,1,61.27,3.17,92.43,0,0,1,0,0
TXN-00008367,22.26,4,electronics,20,1065,3,24.92,5.92,89.31,1,0,0,0,0
TXN-00008368,23.28,16,online_shopping,64,461,1,27.28,5.76,67.43,0,1,0,0,0
TXN-00008369,55.04,18,pharmacy,74,1361,3,36.95,11.85,86.63,1,0,1,0,0
TXN-00008370,14.5,23,restaurant,20,1666,1,67.43,1.97,62.25,1,0,1,0,0
TXN-00008371,65.0,17,travel,64,1405,2,35.48,5.59,83.93,0,0,1,1,0
TXN-00008372,24.65,8,online_shopping,25,1501,0,21.65,6.42,64.51,0,0,0,0,0
TXN-00008373,46.23,23,online_shopping,34,837,3,42.64,1.64,84.54,0,0,1,0,0
TXN-00008374,172.98,6,cash_withdrawal,49,433,4,60.98,0.41,60.47,0,0,1,0,1
TXN-00008375,33.9,19,online_shopping,57,1626,2,56.84,0.34,57.74,0,0,0,0,0
TXN-00008376,106.25,9,grocery,23,674,2,33.57,40.78,60.79,0,0,0,0,0
TXN-00008377,6.16,22,electronics,24,937,3,34.16,15.52,82.17,1,0,0,0,0
TXN-00008378,24.68,18,online_shopping,34,568,2,37.92,13.02,70.52,0,0,1,0,0
TXN-00008379,41.64,14,grocery,57,524,2,51.04,8.83,94.81,1,0,1,0,0
TXN-00008380,304.75,5,grocery,41,1105,2,26.98,17.09,78.54,0,0,1,0,0
TXN-00008381,5.17,4,fuel,33,998,4,32.99,16.72,78.21,0,0,1,1,0
TXN-00008382,36.56,22,restaurant,27,371,2,32.38,6.65,73.48,1,0,0,0,0
TXN-00008383,186.7,19,jewelry,74,691,3,11.85,0.88,91.01,1,0,1,0,0
TXN-00008384,17.74,12,electronics,58,2266,1,19.76,0.05,84.32,1,0,1,0,0
TXN-00008385,32.35,21,electronics,75,1278,3,56.86,4.7,93.46,0,0,0,0,0
TXN-00008386,57.3,18,grocery,46,651,1,106.62,27.94,95.33,0,0,1,0,0
TXN-00008387,49.09,9,restaurant,65,781,2,31.19,13.23,56.22,1,0,1,0,0
TXN-00008388,209.36,19,gaming,55,986,2,27.54,1.28,78.48,1,0,0,0,0
TXN-00008389,64.77,19,electronics,48,783,2,20.82,14.42,84.67,0,0,0,0,0
TXN-00008390,163.07,11,pharmacy,45,1834,6,10.0,23.47,77.3,2,0,0,0,0
TXN-00008391,27.72,0,fuel,47,1239,4,82.05,20.82,92.65,0,0,0,0,0
TXN-00008392,18.59,17,restaurant,41,1407,1,17.88,3.03,54.69,1,1,0,0,0
TXN-00008393,31.91,8,online_shopping,55,1481,3,10.13,24.46,89.77,0,0,1,0,0
TXN-00008394,11.98,8,electronics,46,1235,2,36.3,42.86,93.44,0,0,0,0,0
TXN-00008395,67.2,17,fuel,74,1324,0,29.81,1.18,92.71,0,0,1,0,0
TXN-00008396,26.97,19,grocery,70,1795,3,119.81,1.9,81.72,0,1,1,0,0
TXN-00008397,19.98,2,fuel,44,1358,2,41.06,5.59,79.97,0,0,1,0,0
TXN-00008398,68.28,19,online_shopping,40,501,1,83.99,41.77,89.17,0,0,1,1,0
TXN-00008399,12.17,7,grocery,62,2120,2,47.75,18.0,84.19,0,0,1,0,0
TXN-00008400,90.83,13,travel,55,318,6,20.33,9.01,84.73,1,1,1,0,1
TXN-00008401,24.48,20,restaurant,31,1211,3,153.76,5.05,54.76,0,0,1,0,0
TXN-00008402,136.6,5,online_shopping,66,1038,2,86.51,11.3,90.32,1,0,1,0,0
TXN-00008403,26.78,5,grocery,57,748,2,43.64,1.44,73.98,0,0,0,0,0
TXN-00008404,78.53,23,fuel,54,1485,1,62.04,4.37,82.6,0,0,1,0,0
TXN-00008405,48.84,8,online_shopping,63,894,2,37.77,17.46,92.87,0,0,0,0,0
TXN-00008406,88.33,22,restaurant,31,1247,1,34.97,0.38,75.43,0,0,0,0,0
TXN-00008407,45.4,8,cash_withdrawal,64,467,0,41.38,4.11,72.29,1,0,1,0,0
TXN-00008408,7.05,14,pharmacy,25,1619,1,118.32,17.02,58.41,0,0,1,0,0
TXN-00008409,116.66,12,online_shopping,64,1547,2,67.18,6.51,77.03,0,0,1,0,0
TXN-00008410,36.89,23,fuel,52,974,1,29.99,18.22,54.15,1,0,0,1,0
TXN-00008411,92.67,13,travel,51,582,0,34.87,25.97,79.87,0,0,0,0,0
TXN-00008412,83.49,12,fuel,60,1676,2,10.86,2.78,75.1,0,0,0,0,0
TXN-00008413,17.96,11,restaurant,36,331,0,32.99,20.13,81.64,0,0,1,0,0
TXN-00008414,15.48,9,travel,62,1001,3,45.13,5.82,87.03,0,0,0,0,0
TXN-00008415,80.49,10,gaming,19,828,1,39.39,7.0,85.3,0,1,0,0,0
TXN-00008416,29.42,11,restaurant,58,1192,1,34.37,19.87,48.09,0,0,0,0,0
TXN-00008417,108.12,18,online_shopping,64,820,2,19.53,16.06,79.71,0,0,0,0,0
TXN-00008418,33.55,1,online_shopping,18,1505,2,54.23,8.78,32.34,0,0,0,1,1
TXN-00008419,118.46,12,grocery,58,500,1,58.42,12.29,84.7,1,0,0,0,0
TXN-00008420,63.08,13,grocery,62,1683,2,31.76,14.86,92.9,1,0,0,0,0
TXN-00008421,54.73,18,restaurant,48,908,4,31.81,12.62,65.43,0,1,0,0,0
TXN-00008422,27.31,15,gaming,53,729,3,29.57,10.07,60.1,0,0,1,0,0
TXN-00008423,51.63,10,pharmacy,21,1178,2,36.87,12.16,88.27,0,0,1,0,0
TXN-00008424,141.53,2,online_shopping,75,1462,1,42.37,3.99,79.85,0,0,1,0,0
TXN-00008425,38.21,8,travel,74,866,3,10.24,20.1,95.89,0,0,1,0,0
TXN-00008426,70.65,6,online_shopping,62,908,5,22.1,43.76,78.86,0,0,1,0,0
TXN-00008427,42.46,4,gaming,18,623,1,13.1,0.4,75.51,1,0,0,0,0
TXN-00008428,46.1,17,gaming,42,319,1,21.03,23.65,68.75,1,0,1,0,0
TXN-00008429,247.05,11,grocery,65,707,2,66.38,7.7,94.47,0,0,0,0,0
TXN-00008430,142.85,19,online_shopping,57,981,5,15.72,0.53,97.37,1,0,1,0,0
TXN-00008431,43.96,3,travel,70,797,5,10.62,9.52,92.92,0,0,0,1,0
TXN-00008432,50.66,23,grocery,53,798,1,12.6,21.11,88.8,0,0,1,0,0
TXN-00008433,19.36,11,electronics,59,497,3,35.66,2.8,83.37,0,0,1,0,0
TXN-00008434,33.73,6,grocery,37,544,3,47.68,5.89,74.98,0,0,1,0,0
TXN-00008435,55.97,8,cash_withdrawal,65,490,2,30.4,18.49,91.38,1,1,1,0,0
TXN-00008436,98.8,20,online_shopping,48,994,5,10.0,4.5,88.91,0,0,1,0,0
TXN-00008437,88.83,17,online_shopping,64,1202,2,18.86,13.75,74.2,1,0,1,0,0
TXN-00008438,12.62,4,travel,29,1015,4,86.81,8.59,67.94,0,0,0,0,0
TXN-00008439,112.82,23,online_shopping,33,1235,4,31.89,0.46,69.16,0,0,0,0,1
TXN-00008440,36.85,3,electronics,23,539,3,10.0,11.86,78.38,0,1,0,0,1
TXN-00008441,14.35,6,electronics,57,952,3,17.5,13.01,83.78,0,1,1,0,0
TXN-00008442,164.55,17,gaming,60,735,3,10.0,45.91,75.98,0,1,1,0,1
TXN-00008443,188.0,12,online_shopping,34,875,5,21.82,6.38,69.49,0,0,1,0,0
TXN-00008444,53.35,10,jewelry,40,385,1,32.24,13.35,89.04,1,0,0,0,0
TXN-00008445,85.13,22,fuel,51,483,3,26.95,4.21,87.1,1,0,1,0,0
TXN-00008446,90.54,19,fuel,61,978,3,23.2,5.57,85.82,1,0,1,0,0
TXN-00008447,175.14,23,electronics,35,621,3,116.1,6.25,74.98,1,1,0,0,0
TXN-00008448,86.88,6,fuel,46,643,1,34.58,1.43,77.64,0,0,1,0,0
TXN-00008449,10.03,20,cash_withdrawal,28,837,2,23.8,2.55,49.83,0,0,1,0,0
TXN-00008450,333.72,5,restaurant,64,1214,2,49.58,10.14,57.76,0,1,1,0,0
TXN-00008451,123.83,19,online_shopping,68,1445,1,49.82,8.98,92.13,0,0,0,0,0
TXN-00008452,23.69,13,grocery,60,334,1,39.16,10.54,92.16,0,0,1,0,0
TXN-00008453,13.72,14,online_shopping,65,716,8,178.09,13.62,94.62,1,0,0,1,0
TXN-00008454,68.72,2,cash_withdrawal,62,1043,1,18.42,19.88,69.77,0,0,0,0,1
TXN-00008455,30.2,21,grocery,66,1186,1,68.19,3.96,86.37,1,0,0,1,0
TXN-00008456,57.2,6,electronics,42,1382,3,63.99,18.53,88.1,2,0,0,0,0
TXN-00008457,88.29,14,grocery,29,1126,4,11.65,0.38,95.09,0,0,0,0,1
TXN-00008458,22.31,3,travel,73,656,2,42.79,1.5,59.04,0,0,0,0,0
TXN-00008459,12.53,22,grocery,18,1031,1,16.05,0.9,77.83,0,0,1,0,0
TXN-00008460,60.65,7,electronics,41,966,2,31.55,3.76,84.2,0,0,1,0,1
TXN-00008461,23.1,18,grocery,60,469,3,67.23,12.21,68.49,0,0,1,0,0
TXN-00008462,47.15,18,online_shopping,64,616,3,32.87,2.56,85.01,1,0,1,1,0
TXN-00008463,9.87,13,grocery,57,1090,3,10.0,29.86,62.5,0,0,1,0,0
TXN-00008464,31.04,2,restaurant,46,1384,1,50.16,4.21,93.04,0,0,0,0,0
TXN-00008465,85.69,6,travel,71,695,4,10.8,50.19,91.66,0,0,1,0,0
TXN-00008466,76.42,14,pharmacy,31,2266,1,22.03,7.91,82.5,1,0,0,0,0
TXN-00008467,17.68,12,online_shopping,26,181,0,66.9,1.5,97.99,0,0,1,0,0
TXN-00008468,11.86,14,restaurant,54,923,2,14.02,26.28,62.77,1,0,1,0,0
TXN-00008469,41.12,5,online_shopping,36,977,2,41.4,21.82,88.71,0,0,1,0,0
TXN-00008470,72.9,12,restaurant,45,1517,0,18.69,26.18,70.92,0,0,0,0,0
TXN-00008471,61.89,2,cash_withdrawal,44,645,1,10.0,28.38,80.78,0,0,1,0,0
TXN-00008472,23.62,11,jewelry,33,706,4,18.63,2.7,58.62,1,0,1,0,0
TXN-00008473,55.3,2,restaurant,75,713,3,19.41,21.78,66.51,0,0,1,0,0
TXN-00008474,195.87,15,online_shopping,40,1479,2,12.94,0.78,85.82,0,0,0,1,0
TXN-00008475,50.17,13,restaurant,56,1615,0,30.38,19.76,52.69,1,1,1,0,1
TXN-00008476,7.28,20,fuel,27,772,1,31.46,15.35,49.07,0,1,1,0,0
TXN-00008477,50.07,11,travel,75,568,0,22.63,10.16,83.33,3,0,1,0,0
TXN-00008478,345.9,3,online_shopping,75,578,2,23.05,12.84,89.56,1,0,1,0,0
TXN-00008479,10.47,5,online_shopping,22,426,4,46.56,8.33,72.07,0,0,0,0,0
TXN-00008480,41.73,19,grocery,55,1701,1,12.21,4.05,86.59,2,0,0,0,0
TXN-00008481,31.89,22,fuel,52,932,0,65.99,9.84,81.79,0,0,1,0,0
TXN-00008482,44.73,1,electronics,28,1442,2,19.81,66.57,94.73,1,0,1,0,0
TXN-00008483,49.6,16,restaurant,62,815,3,23.71,20.41,84.12,1,0,1,0,0
TXN-00008484,133.88,11,cash_withdrawal,62,2438,3,16.27,8.82,83.41,0,0,0,0,0
TXN-00008485,44.21,6,restaurant,66,1326,3,13.83,0.06,81.99,2,0,1,0,0
TXN-00008486,154.64,12,online_shopping,52,1098,2,58.19,30.04,53.19,0,0,1,1,1
TXN-00008487,35.75,22,fuel,59,1211,0,17.37,33.2,82.63,1,0,1,0,0
TXN-00008488,28.0,4,electronics,59,549,0,42.04,28.06,54.67,2,0,0,0,0
TXN-00008489,20.03,20,grocery,62,720,2,39.13,5.88,79.2,0,0,1,1,0
TXN-00008490,6.0,2,restaurant,51,1432,3,25.43,0.1,65.05,0,0,1,0,0
TXN-00008491,54.03,17,electronics,61,947,4,62.35,81.25,78.69,0,0,0,0,0
TXN-00008492,349.57,1,restaurant,21,1249,4,31.99,26.78,72.16,1,0,1,0,0
TXN-00008493,65.44,1,cash_withdrawal,53,802,0,10.0,28.52,91.08,2,0,0,0,0
TXN-00008494,83.19,0,restaurant,29,879,2,19.68,9.75,65.94,4,0,1,0,0
TXN-00008495,26.21,19,grocery,41,1636,3,184.16,17.77,56.46,0,0,1,0,0
TXN-00008496,31.29,13,fuel,62,1027,8,30.9,0.31,79.15,0,0,1,0,0
TXN-00008497,113.74,16,online_shopping,24,1051,1,28.4,32.38,80.01,0,0,0,0,0
TXN-00008498,333.33,3,pharmacy,61,904,2,58.35,1.28,87.92,1,0,1,0,0
TXN-00008499,192.93,22,fuel,33,756,5,77.5,0.79,79.68,0,0,0,0,0
TXN-00008500,94.21,19,gaming,61,827,1,16.16,4.38,81.71,1,0,0,0,0
TXN-00008501,41.97,11,electronics,62,951,2,30.33,5.33,80.16,0,0,0,0,0
TXN-00008502,50.41,21,grocery,18,1679,3,29.94,0.35,85.66,0,0,1,0,0
TXN-00008503,18.34,3,grocery,31,956,0,11.56,13.5,83.62,0,0,0,0,0
TXN-00008504,8.84,7,grocery,64,1523,0,26.11,30.02,98.02,0,0,1,0,0
TXN-00008505,12.39,1,online_shopping,37,579,4,34.59,6.96,68.08,0,0,1,0,0
TXN-00008506,42.62,3,fuel,43,1173,1,26.28,12.22,90.53,1,0,1,1,0
TXN-00008507,29.77,20,gaming,18,310,3,112.86,5.29,80.82,2,0,0,0,0
TXN-00008508,8.65,9,fuel,58,631,2,50.01,10.94,67.31,0,0,1,0,0
TXN-00008509,38.89,15,grocery,23,646,4,37.53,4.57,75.81,0,0,0,0,0
TXN-00008510,28.95,21,electronics,33,727,3,30.58,11.26,68.76,0,0,1,0,0
TXN-00008511,11.8,18,grocery,45,1521,3,49.38,4.72,53.27,0,0,1,0,1
TXN-00008512,27.42,9,pharmacy,62,329,1,25.71,13.0,78.91,1,0,1,0,0
TXN-00008513,28.88,8,restaurant,46,1617,4,10.76,53.01,59.57,2,0,0,0,0
TXN-00008514,21.17,2,online_shopping,74,306,6,13.32,31.78,64.68,1,0,1,0,0
TXN-00008515,107.02,19,electronics,48,780,0,35.38,20.4,90.3,0,0,1,0,0
TXN-00008516,5.48,23,fuel,32,802,0,69.62,2.63,96.26,1,1,1,0,0
TXN-00008517,5.03,12,grocery,29,1876,3,22.5,10.66,89.56,0,0,1,0,0
TXN-00008518,40.59,11,restaurant,63,1295,3,54.56,10.68,92.89,1,0,1,0,0
TXN-00008519,44.74,20,pharmacy,44,2186,3,40.45,14.35,74.81,1,0,1,0,1
TXN-00008520,61.83,8,restaurant,53,2352,0,64.87,46.41,85.87,1,0,1,0,0
TXN-00008521,22.97,9,restaurant,39,1516,3,14.34,3.69,94.3,2,0,1,0,0
TXN-00008522,15.43,21,restaurant,33,620,3,14.02,47.37,92.04,2,0,0,0,0
TXN-00008523,40.14,9,jewelry,52,1144,2,96.69,2.37,58.22,0,0,0,0,0
TXN-00008524,25.44,22,grocery,35,986,6,10.0,19.07,89.69,0,0,1,0,0
TXN-00008525,206.15,3,restaurant,75,693,0,38.55,16.3,78.52,1,1,1,0,0
TXN-00008526,28.78,11,online_shopping,60,1473,4,85.2,21.52,94.85,0,0,0,0,1
TXN-00008527,38.25,11,fuel,65,424,0,39.61,18.04,49.76,0,0,1,0,0
TXN-00008528,544.13,7,restaurant,34,575,2,76.86,24.73,79.08,0,0,1,0,0
TXN-00008529,32.97,23,online_shopping,19,325,2,72.62,10.77,89.62,0,0,1,0,0
TXN-00008530,72.53,11,cash_withdrawal,20,537,2,51.75,9.57,88.98,1,0,1,0,0
TXN-00008531,79.73,21,pharmacy,67,603,8,38.27,2.98,58.52,2,0,1,0,0
TXN-00008532,87.18,5,restaurant,68,863,6,14.27,47.7,66.86,1,0,0,0,0
TXN-00008533,54.81,8,online_shopping,57,1531,4,11.62,1.45,63.96,0,0,1,0,1
TXN-00008534,49.58,11,jewelry,52,714,4,25.98,12.75,84.12,0,1,1,1,0
TXN-00008535,44.94,13,restaurant,30,1548,0,10.0,37.48,51.55,1,0,1,0,0
TXN-00008536,22.09,5,grocery,61,2329,0,44.43,2.92,71.67,0,0,1,0,0
TXN-00008537,56.93,7,fuel,47,1654,3,146.84,15.55,48.91,1,0,1,1,0
TXN-00008538,340.39,14,electronics,52,556,4,30.85,4.97,64.26,1,0,0,0,0
TXN-00008539,144.2,6,restaurant,19,653,2,38.24,21.06,95.53,0,0,0,0,0
TXN-00008540,55.65,18,restaurant,47,1552,3,13.56,29.17,98.4,0,0,0,1,1
TXN-00008541,99.35,11,restaurant,58,645,2,27.47,53.04,66.83,0,0,1,1,0
TXN-00008542,16.24,23,electronics,62,976,2,31.3,11.07,98.02,0,0,1,0,0
TXN-00008543,30.77,5,online_shopping,26,1185,4,25.51,14.85,53.76,2,0,1,0,0
TXN-00008544,109.43,20,fuel,19,1341,1,39.12,8.35,74.58,2,0,1,0,0
TXN-00008545,192.78,11,online_shopping,67,1047,3,19.35,11.07,85.12,0,1,1,0,1
TXN-00008546,18.0,2,electronics,36,481,3,32.48,3.29,94.82,0,0,1,1,1
TXN-00008547,24.34,16,electronics,45,759,1,40.99,35.04,95.51,0,0,0,0,0
TXN-00008548,399.59,5,online_shopping,54,1652,4,74.78,1.2,85.01,0,0,0,0,0
TXN-00008549,44.75,3,grocery,46,938,4,31.76,46.27,67.33,1,0,0,0,0
TXN-00008550,274.38,12,online_shopping,72,2075,3,20.19,6.6,78.2,0,0,0,0,0
TXN-00008551,50.26,18,pharmacy,66,1077,4,27.19,16.75,86.68,1,0,1,0,0
TXN-00008552,52.38,6,online_shopping,40,592,2,40.58,2.03,68.48,3,0,1,0,0
TXN-00008553,29.35,14,grocery,29,1255,4,16.37,1.59,67.62,0,0,1,0,0
TXN-00008554,108.82,0,grocery,74,1695,0,18.57,4.07,59.9,2,0,1,1,1
TXN-00008555,168.29,4,online_shopping,59,1007,0,32.51,0.32,95.2,0,0,1,0,0
TXN-00008556,13.64,18,online_shopping,61,1015,0,10.0,0.1,49.32,2,0,0,0,0
TXN-00008557,27.94,0,travel,44,1140,2,27.37,8.79,76.21,1,0,1,1,0
TXN-00008558,105.72,8,grocery,46,1206,6,22.26,0.0,65.15,0,0,1,0,0
TXN-00008559,35.3,12,restaurant,28,663,5,43.75,4.15,62.19,0,0,1,0,0
TXN-00008560,24.09,1,grocery,42,333,0,16.75,0.48,83.39,0,0,0,0,0
TXN-00008561,116.75,23,grocery,49,1288,5,22.36,3.69,47.54,2,0,0,0,1
TXN-00008562,128.85,12,fuel,25,943,2,29.05,16.21,70.65,0,0,0,0,0
TXN-00008563,25.23,8,restaurant,54,1149,2,18.74,0.43,79.57,0,0,1,0,0
TXN-00008564,50.55,23,pharmacy,53,856,2,15.54,3.42,73.06,0,0,1,0,0
TXN-00008565,11.37,13,grocery,66,1159,2,19.31,2.84,54.63,0,0,1,0,0
TXN-00008566,15.8,16,electronics,21,563,1,10.0,1.64,69.05,0,0,0,0,0
TXN-00008567,46.08,2,pharmacy,31,773,0,15.46,10.9,53.37,1,0,1,0,0
TXN-00008568,41.8,3,online_shopping,42,550,2,43.82,3.54,86.87,0,0,1,0,0
TXN-00008569,14.65,1,gaming,69,783,4,10.85,9.17,91.17,0,0,1,0,0
TXN-00008570,19.07,12,electronics,31,438,4,14.57,5.12,94.46,1,1,0,0,1
TXN-00008571,13.22,20,cash_withdrawal,74,1351,3,24.54,11.39,85.59,1,0,1,0,0
TXN-00008572,65.22,21,travel,73,1840,4,46.63,3.99,55.87,1,0,0,0,1
TXN-00008573,5.12,13,restaurant,23,454,2,12.9,31.75,73.38,0,0,1,0,0
TXN-00008574,13.98,1,grocery,39,948,4,19.16,11.76,90.94,0,1,1,0,0
TXN-00008575,5.72,15,electronics,33,856,0,71.22,27.68,95.66,0,0,1,0,0
TXN-00008576,62.8,15,electronics,46,1878,2,32.73,16.87,55.31,1,0,0,0,0
TXN-00008577,6.09,14,travel,71,981,2,45.56,2.23,94.95,1,0,1,0,0
TXN-00008578,41.82,17,online_shopping,39,1613,3,14.74,4.64,88.08,1,0,1,0,0
TXN-00008579,226.22,13,restaurant,56,1307,1,19.37,23.46,80.03,3,0,1,0,0
TXN-00008580,234.42,16,fuel,25,1088,3,57.17,6.83,90.28,1,0,0,1,0
TXN-00008581,6.07,11,fuel,51,702,4,37.07,6.1,77.25,0,0,0,0,0
TXN-00008582,55.33,3,grocery,38,1090,0,43.25,8.61,64.6,1,1,1,0,0
TXN-00008583,14.32,1,restaurant,71,545,0,46.42,2.55,85.21,1,1,0,0,0
TXN-00008584,11.56,21,fuel,63,770,6,51.45,6.2,66.89,1,0,0,0,1
TXN-00008585,35.9,10,electronics,30,308,2,22.98,32.07,76.27,1,0,1,0,0
TXN-00008586,146.89,7,travel,54,1745,2,14.56,33.43,81.15,0,0,0,0,0
TXN-00008587,75.92,7,cash_withdrawal,37,1023,2,18.78,7.21,77.39,1,0,1,0,0
TXN-00008588,19.09,1,electronics,43,1721,2,22.52,1.38,64.37,0,0,0,0,0
TXN-00008589,84.8,22,travel,44,1001,3,10.0,1.13,66.89,0,1,1,0,0
TXN-00008590,5.0,1,fuel,65,1041,1,40.36,18.9,66.8,1,0,0,0,0
TXN-00008591,18.35,5,restaurant,34,1269,0,52.34,3.29,79.96,0,0,1,1,0
TXN-00008592,17.03,10,grocery,18,910,1,31.74,19.1,93.91,0,0,0,0,0
TXN-00008593,43.91,8,gaming,29,852,1,19.17,34.0,92.78,0,0,1,0,0
TXN-00008594,32.69,0,jewelry,65,793,7,31.5,7.14,55.17,0,0,1,0,0
TXN-00008595,34.86,7,travel,35,566,1,10.0,4.81,90.47,0,0,1,0,0
TXN-00008596,33.67,18,restaurant,21,795,2,10.0,7.08,78.88,0,0,1,0,0
TXN-00008597,41.41,6,restaurant,41,1537,2,89.02,6.66,88.57,0,0,1,0,0
TXN-00008598,71.32,20,grocery,68,757,3,10.0,6.67,85.18,2,0,1,0,0
TXN-00008599,47.31,8,gaming,68,2284,2,50.33,21.86,96.37,0,0,1,0,0
TXN-00008600,30.01,0,cash_withdrawal,72,327,4,72.55,7.14,68.72,1,1,1,0,0
TXN-00008601,61.67,2,restaurant,57,1570,0,28.95,0.36,93.53,0,0,0,0,0
TXN-00008602,96.3,19,online_shopping,65,834,1,28.03,28.96,84.71,0,0,0,0,0
TXN-00008603,22.56,9,grocery,62,1195,5,32.8,35.33,89.05,0,0,1,0,0
TXN-00008604,38.0,23,electronics,19,588,1,10.0,7.9,54.13,0,0,0,0,1
TXN-00008605,137.0,18,pharmacy,42,372,5,19.45,9.14,74.24,2,0,0,0,0
TXN-00008606,12.71,0,restaurant,48,1419,2,73.88,17.62,79.06,1,0,1,0,0
TXN-00008607,269.06,7,grocery,44,1720,1,31.65,11.54,90.16,2,0,1,0,0
TXN-00008608,9.91,17,electronics,66,958,6,26.45,6.22,88.77,0,0,1,0,0
TXN-00008609,28.14,1,grocery,74,757,2,30.7,9.95,80.97,1,0,1,0,0
TXN-00008610,14.91,23,online_shopping,49,921,3,18.57,44.73,80.39,0,0,1,0,0
TXN-00008611,402.35,3,jewelry,23,920,1,13.13,0.54,81.42,1,0,1,0,0
TXN-00008612,23.84,19,online_shopping,38,826,3,53.81,30.59,57.78,0,1,1,0,0
TXN-00008613,23.91,20,electronics,29,1011,1,15.93,14.84,91.65,1,0,1,0,0
TXN-00008614,27.4,12,pharmacy,45,1227,0,124.71,40.88,77.17,0,0,1,0,0
TXN-00008615,44.72,19,grocery,31,1175,4,24.08,1.02,93.45,0,0,0,0,0
TXN-00008616,28.65,21,grocery,22,682,1,37.12,38.39,70.95,2,0,1,0,0
TXN-00008617,35.18,17,electronics,27,835,1,86.89,14.24,79.31,1,0,1,0,0
TXN-00008618,5.0,16,cash_withdrawal,46,527,4,39.82,18.31,89.43,0,0,1,0,0
TXN-00008619,42.95,9,electronics,26,1158,1,11.92,18.03,81.17,0,1,0,1,1
TXN-00008620,41.21,7,fuel,19,613,0,19.95,6.5,97.8,1,0,1,0,0
TXN-00008621,120.36,20,fuel,34,230,5,10.0,30.52,87.06,0,0,0,0,1
TXN-00008622,159.89,5,fuel,55,719,4,25.58,1.43,70.22,0,0,0,0,0
TXN-00008623,33.21,9,grocery,54,1187,2,14.89,12.85,71.46,1,1,1,1,0
TXN-00008624,95.3,12,fuel,40,1220,3,25.18,5.57,66.4,1,0,1,0,0
TXN-00008625,12.72,9,online_shopping,56,1556,4,71.57,1.39,78.6,0,0,1,0,0
TXN-00008626,90.53,8,restaurant,29,2475,1,88.24,32.43,82.06,0,0,1,0,0
TXN-00008627,22.17,14,online_shopping,59,939,2,10.0,9.33,68.01,0,0,0,0,0
TXN-00008628,11.66,7,online_shopping,19,853,5,10.0,25.54,91.91,1,0,1,0,0
TXN-00008629,33.29,23,electronics,25,1001,1,30.54,10.2,92.78,0,0,0,0,0
TXN-00008630,176.0,4,gaming,71,772,0,25.45,38.24,64.29,2,1,1,0,0
TXN-00008631,48.91,9,online_shopping,45,495,4,12.03,7.17,87.53,0,0,1,0,0
TXN-00008632,194.67,20,travel,50,473,4,24.86,8.83,95.11,0,0,0,0,0
TXN-00008633,18.43,11,electronics,41,887,0,28.35,51.75,83.13,0,0,0,0,0
TXN-00008634,121.54,16,restaurant,55,1797,2,23.14,3.79,76.53,0,0,0,0,0
TXN-00008635,20.39,15,grocery,61,744,1,64.34,12.06,92.45,1,0,1,0,0
TXN-00008636,51.24,7,restaurant,63,1323,4,57.63,16.68,60.41,0,0,1,0,0
TXN-00008637,50.78,17,cash_withdrawal,32,1637,2,26.25,1.95,74.25,1,0,0,0,0
TXN-00008638,81.01,5,online_shopping,54,1314,0,65.12,3.55,83.17,0,0,0,0,0
TXN-00008639,52.63,17,grocery,63,1387,1,51.53,11.67,77.47,0,1,1,0,0
TXN-00008640,18.61,3,restaurant,41,495,3,30.78,28.69,92.24,1,0,0,0,0
TXN-00008641,101.93,16,cash_withdrawal,40,822,1,10.0,38.31,88.78,1,0,0,0,0
TXN-00008642,249.2,2,fuel,54,397,7,11.26,17.94,86.35,0,1,0,0,1
TXN-00008643,21.91,20,grocery,51,675,3,21.77,47.54,55.78,2,0,0,0,0
TXN-00008644,5.89,15,online_shopping,32,469,2,38.99,63.09,97.94,0,0,1,0,0
TXN-00008645,68.33,0,online_shopping,73,1192,5,11.91,42.58,84.4,1,0,1,0,0
TXN-00008646,28.57,2,online_shopping,50,469,2,58.34,7.09,81.66,1,0,1,0,0
TXN-00008647,35.25,4,restaurant,50,474,5,73.98,41.12,62.55,2,0,1,0,1
TXN-00008648,72.53,23,grocery,29,908,1,38.67,15.67,71.61,1,0,1,1,1
TXN-00008649,25.05,14,grocery,57,315,1,39.81,0.27,92.99,0,0,0,1,0
TXN-00008650,30.5,6,pharmacy,71,2362,0,46.25,10.85,81.39,0,0,1,0,0
TXN-00008651,36.41,6,pharmacy,60,813,4,37.17,2.64,73.63,2,0,0,0,0
TXN-00008652,189.28,0,pharmacy,47,1618,4,30.04,2.6,95.56,0,0,0,0,1
TXN-00008653,41.74,4,pharmacy,54,488,1,26.14,4.04,80.26,0,0,0,0,0
TXN-00008654,11.05,20,online_shopping,31,1098,6,52.36,9.34,62.59,0,1,1,0,0
TXN-00008655,11.52,14,restaurant,21,1214,2,51.11,11.39,85.9,0,0,1,0,0
TXN-00008656,46.81,8,restaurant,55,546,2,11.56,38.89,73.05,2,0,0,0,1
TXN-00008657,12.36,0,restaurant,28,1359,1,28.03,45.76,84.69,0,0,1,0,0
TXN-00008658,7.84,8,gaming,23,665,2,39.6,1.48,94.28,1,0,1,0,0
TXN-00008659,78.83,9,electronics,62,742,1,10.89,13.58,74.52,0,0,1,0,0
TXN-00008660,82.99,2,cash_withdrawal,43,544,5,43.4,12.28,51.22,1,0,1,0,0
TXN-00008661,27.48,14,electronics,67,1393,3,25.53,13.74,67.65,1,0,1,0,0
TXN-00008662,55.06,15,travel,68,1087,0,103.34,25.51,72.65,0,0,1,0,0
TXN-00008663,49.28,23,fuel,25,1052,0,46.54,13.02,80.32,2,0,1,0,0
TXN-00008664,76.14,8,online_shopping,62,1037,4,30.87,23.81,89.24,0,0,1,0,0
TXN-00008665,76.32,6,fuel,37,1071,3,38.78,48.26,63.07,1,0,1,1,1
TXN-00008666,5.0,19,grocery,58,648,2,31.31,2.38,76.62,2,0,1,0,0
TXN-00008667,31.42,8,cash_withdrawal,20,1307,1,10.52,29.2,80.67,0,0,0,0,1
TXN-00008668,69.67,15,online_shopping,45,595,3,27.88,22.82,55.66,1,0,1,0,0
TXN-00008669,26.29,17,restaurant,54,1045,2,10.0,3.24,65.1,0,0,0,0,0
TXN-00008670,42.01,21,electronics,43,869,1,23.59,24.78,90.26,1,0,0,0,0
TXN-00008671,88.96,7,online_shopping,49,720,3,31.86,42.24,63.57,1,0,0,0,0
TXN-00008672,44.03,14,electronics,18,881,3,12.98,16.05,75.58,0,0,1,0,0
TXN-00008673,197.02,3,grocery,18,1051,4,27.53,4.47,76.34,1,0,0,0,1
TXN-00008674,132.07,18,pharmacy,52,1304,2,76.15,15.94,65.22,1,0,1,0,0
TXN-00008675,35.71,1,electronics,42,965,2,20.33,17.32,91.13,1,0,0,0,0
TXN-00008676,32.85,16,electronics,51,1472,3,15.61,30.03,86.81,0,0,0,0,0
TXN-00008677,5.0,5,fuel,38,668,1,59.41,9.25,76.53,0,1,0,1,0
TXN-00008678,28.71,11,jewelry,18,811,1,33.5,1.61,48.91,0,0,1,0,0
TXN-00008679,9.77,1,online_shopping,58,1205,5,28.45,1.36,57.33,1,0,1,0,1
TXN-00008680,51.02,16,grocery,25,489,4,41.15,6.8,76.02,1,0,0,0,0
TXN-00008681,47.49,11,jewelry,63,2655,1,32.34,52.44,83.48,2,0,1,0,0
TXN-00008682,83.99,15,travel,18,1382,3,17.62,6.2,84.52,0,0,1,0,0
TXN-00008683,175.3,8,online_shopping,71,509,3,13.76,10.44,87.73,0,1,1,0,0
TXN-00008684,39.35,0,electronics,32,2075,2,93.36,3.28,66.99,0,0,0,0,0
TXN-00008685,443.38,13,restaurant,69,672,3,39.52,1.65,89.94,1,0,1,0,0
TXN-00008686,51.63,16,cash_withdrawal,18,1986,2,80.51,25.35,82.64,1,0,0,0,0
TXN-00008687,10.22,15,restaurant,44,1330,5,24.87,22.14,59.13,0,1,0,0,0
TXN-00008688,22.42,6,electronics,42,434,5,65.19,19.38,85.99,1,0,0,0,0
TXN-00008689,27.35,17,online_shopping,27,581,4,17.47,4.03,87.34,0,0,1,0,0
TXN-00008690,75.32,13,travel,45,465,2,10.44,15.81,66.55,0,0,1,0,0
TXN-00008691,14.96,5,pharmacy,30,804,6,39.57,0.45,70.55,0,0,0,0,0
TXN-00008692,29.58,2,online_shopping,43,1465,3,53.57,0.03,93.29,0,0,1,0,0
TXN-00008693,34.15,7,cash_withdrawal,39,1861,1,57.73,3.17,84.05,1,0,1,0,0
TXN-00008694,25.27,0,gaming,29,540,4,38.42,14.17,82.42,1,0,0,0,1
TXN-00008695,94.82,17,gaming,63,501,0,18.73,1.6,95.57,1,0,0,0,0
TXN-00008696,79.31,0,cash_withdrawal,48,1128,5,37.47,4.15,95.22,1,0,0,1,0
TXN-00008697,137.67,1,electronics,66,442,3,37.09,6.11,81.04,1,0,0,0,0
TXN-00008698,28.57,3,fuel,65,1453,3,27.81,25.87,70.22,1,0,1,0,0
TXN-00008699,142.97,7,pharmacy,33,1272,2,21.72,54.76,75.5,2,0,1,0,0
TXN-00008700,9.66,0,grocery,34,973,0,13.99,12.37,93.37,0,0,1,0,0
TXN-00008701,9.41,15,travel,73,1425,1,33.3,51.16,74.98,1,0,0,1,0
TXN-00008702,11.31,3,fuel,36,1402,0,34.06,71.57,57.77,0,0,0,0,0
TXN-00008703,40.84,19,cash_withdrawal,23,577,3,11.23,3.27,91.88,1,1,1,0,0
TXN-00008704,142.95,13,grocery,49,493,1,103.25,0.46,86.2,2,0,1,0,0
TXN-00008705,21.49,2,online_shopping,74,914,3,11.48,8.36,56.24,1,0,0,0,0
TXN-00008706,24.52,9,restaurant,31,1441,2,18.8,5.43,68.58,0,0,1,0,0
TXN-00008707,32.24,3,restaurant,54,560,2,34.26,3.51,74.83,0,0,1,0,0
TXN-00008708,73.81,23,electronics,37,509,4,37.36,10.2,62.61,0,0,0,0,0
TXN-00008709,24.5,14,online_shopping,40,524,2,17.06,43.55,77.96,2,1,1,0,0
TXN-00008710,23.1,19,online_shopping,44,751,4,15.77,5.13,59.97,1,0,1,0,0
TXN-00008711,9.85,8,online_shopping,26,182,0,27.18,10.81,64.15,0,0,1,0,0
TXN-00008712,22.19,3,travel,40,605,3,28.52,11.12,64.18,0,0,0,0,0
TXN-00008713,139.26,5,grocery,33,1174,3,73.66,1.48,80.62,1,0,1,0,0
TXN-00008714,44.5,10,travel,65,1438,5,14.43,6.66,51.54,0,1,1,0,1
TXN-00008715,18.6,18,travel,31,2369,7,30.4,15.01,77.74,0,0,0,0,0
TXN-00008716,148.11,10,travel,67,896,1,26.21,13.8,91.25,1,0,0,0,0
TXN-00008717,21.88,22,electronics,18,693,4,37.18,1.81,81.91,0,0,1,0,0
TXN-00008718,179.64,8,gaming,41,2121,4,24.3,16.44,71.57,1,0,1,0,0
TXN-00008719,176.58,5,restaurant,33,86,0,57.76,37.99,88.06,1,0,1,0,0
TXN-00008720,42.9,11,online_shopping,43,949,1,45.07,2.21,98.33,0,0,0,0,0
TXN-00008721,8.39,2,fuel,62,963,1,68.07,14.35,52.63,0,1,0,0,0
TXN-00008722,447.63,16,gaming,73,1685,3,31.51,6.9,59.39,0,0,0,0,0
TXN-00008723,60.74,2,jewelry,60,378,6,28.82,52.09,87.19,0,0,1,0,0
TXN-00008724,28.79,15,electronics,47,987,0,22.44,6.2,86.77,3,0,1,0,0
TXN-00008725,110.38,9,travel,47,466,2,11.05,11.32,67.63,0,0,1,0,0
TXN-00008726,84.56,8,online_shopping,75,319,1,37.12,3.84,55.53,0,0,1,0,0
TXN-00008727,160.21,14,pharmacy,75,580,3,38.84,13.77,56.31,1,0,0,0,1
TXN-00008728,20.18,16,grocery,62,1929,1,41.74,10.04,82.37,1,0,1,0,1
TXN-00008729,56.51,22,travel,27,379,3,22.48,5.48,83.83,3,0,1,0,0
TXN-00008730,11.64,6,restaurant,33,750,2,13.64,13.8,77.63,1,0,1,0,0
TXN-00008731,81.42,19,jewelry,33,1374,3,17.13,22.97,95.65,1,0,0,0,1
TXN-00008732,39.48,20,gaming,31,599,3,33.62,7.59,74.85,1,0,0,0,0
TXN-00008733,54.33,23,online_shopping,74,2350,2,59.65,39.82,86.63,2,0,1,0,0
TXN-00008734,34.69,23,online_shopping,27,931,1,10.4,9.04,62.1,0,0,0,0,0
TXN-00008735,31.08,18,gaming,67,357,2,83.11,1.35,66.99,1,0,0,0,1
TXN-00008736,16.25,7,pharmacy,64,574,3,10.0,17.16,72.84,0,0,1,0,0
TXN-00008737,92.75,16,grocery,48,372,6,95.99,0.47,77.05,2,0,1,0,0
TXN-00008738,193.29,18,online_shopping,35,614,2,14.8,5.65,70.01,2,1,1,0,0
TXN-00008739,22.54,6,gaming,33,804,3,75.2,35.5,78.42,2,0,0,0,0
TXN-00008740,72.33,19,online_shopping,57,1388,2,21.76,13.16,93.07,1,0,0,0,0
TXN-00008741,63.68,16,grocery,56,2592,3,72.96,8.59,85.62,1,0,1,0,0
TXN-00008742,40.79,11,travel,49,819,3,10.0,23.28,92.42,1,0,1,0,0
TXN-00008743,8.14,20,grocery,50,1279,1,42.63,2.28,59.55,1,0,0,0,0
TXN-00008744,10.31,2,online_shopping,65,879,2,56.73,112.81,71.7,1,1,0,0,1
TXN-00008745,17.81,16,online_shopping,61,557,3,35.63,19.71,83.55,0,0,1,0,0
TXN-00008746,5.0,18,restaurant,61,657,2,42.91,1.28,97.69,1,0,1,0,1
TXN-00008747,177.4,0,grocery,34,1842,5,57.74,12.43,93.78,0,1,1,0,0
TXN-00008748,59.51,9,pharmacy,21,728,2,33.22,22.86,58.25,1,0,0,1,0
TXN-00008749,39.19,12,fuel,44,2012,1,21.88,0.5,53.73,2,0,1,0,0
TXN-00008750,5.0,4,travel,37,973,3,12.56,25.91,63.76,1,0,1,0,0
TXN-00008751,5.96,21,grocery,37,1016,2,54.06,65.21,88.49,0,0,0,0,0
TXN-00008752,40.35,15,cash_withdrawal,48,1655,1,60.16,1.05,84.04,1,0,1,0,0
TXN-00008753,320.22,6,cash_withdrawal,71,1054,2,46.39,30.1,71.06,0,0,1,0,0
TXN-00008754,19.42,10,cash_withdrawal,64,164,3,48.75,8.88,85.76,0,0,1,0,0
TXN-00008755,100.18,2,grocery,57,620,2,34.93,4.25,94.71,1,0,1,0,0
TXN-00008756,24.44,2,restaurant,59,1010,3,22.15,17.04,82.86,1,0,1,0,0
TXN-00008757,42.86,17,jewelry,41,1071,2,62.29,0.08,96.44,0,0,1,0,0
TXN-00008758,144.81,23,grocery,49,1058,2,21.68,14.17,79.25,0,0,1,0,0
TXN-00008759,28.13,6,online_shopping,43,895,3,32.12,6.53,71.47,0,0,1,0,0
TXN-00008760,19.6,5,restaurant,64,993,1,42.53,3.39,91.67,0,0,1,0,0
TXN-00008761,179.28,16,fuel,75,1735,2,73.25,6.22,87.57,0,0,1,0,0
TXN-00008762,42.43,12,online_shopping,43,766,4,10.0,20.7,87.28,1,0,0,0,0
TXN-00008763,127.2,3,pharmacy,59,897,0,52.57,0.09,97.9,0,0,0,0,0
TXN-00008764,19.7,16,cash_withdrawal,21,1471,4,22.28,11.39,91.4,1,0,0,0,0
TXN-00008765,177.15,5,travel,41,1501,2,41.38,34.9,70.77,0,0,1,0,0
TXN-00008766,53.91,2,restaurant,68,486,0,10.0,16.34,67.57,1,0,0,0,0
TXN-00008767,63.85,11,restaurant,57,285,5,18.33,5.43,82.28,1,0,0,0,0
TXN-00008768,46.44,17,fuel,48,1344,2,63.91,10.39,79.15,1,0,0,0,0
TXN-00008769,23.79,12,restaurant,30,1153,1,63.95,4.18,76.44,2,0,1,0,0
TXN-00008770,40.38,15,fuel,64,941,3,26.32,12.01,66.98,0,0,1,0,0
TXN-00008771,25.41,5,pharmacy,74,1407,2,90.2,2.42,73.28,0,0,1,0,0
TXN-00008772,110.78,11,travel,40,839,3,29.74,29.03,79.81,1,0,1,1,1
TXN-00008773,32.68,17,pharmacy,64,1128,2,36.89,0.44,86.74,0,0,1,0,0
TXN-00008774,8.4,12,electronics,52,729,4,17.38,37.64,67.57,0,0,1,0,0
TXN-00008775,6.94,5,travel,41,612,2,22.11,2.22,97.03,0,0,1,0,0
TXN-00008776,6.6,22,restaurant,37,827,1,39.01,6.06,93.04,0,0,0,0,0
TXN-00008777,77.39,1,grocery,47,386,0,10.0,20.67,92.96,0,0,0,0,1
TXN-00008778,12.07,21,fuel,41,585,3,31.8,4.78,87.62,0,0,1,0,0
TXN-00008779,55.43,17,online_shopping,53,923,1,39.71,6.61,84.67,0,0,0,0,0
TXN-00008780,46.68,2,grocery,26,1146,3,29.91,2.92,92.74,0,0,1,0,1
TXN-00008781,37.79,6,fuel,45,1638,0,76.04,10.36,79.16,1,0,0,0,0
TXN-00008782,64.09,8,gaming,61,895,2,21.82,3.98,77.15,0,0,1,0,0
TXN-00008783,47.76,22,pharmacy,67,603,3,25.57,6.13,49.36,0,0,1,0,0
TXN-00008784,5.0,12,pharmacy,34,468,0,22.97,19.48,90.26,1,0,1,0,0
TXN-00008785,28.79,6,electronics,52,1576,3,24.52,7.34,81.17,0,0,1,0,0
TXN-00008786,63.2,22,online_shopping,35,1016,1,26.86,20.98,75.84,0,0,1,0,0
TXN-00008787,226.4,2,grocery,63,874,3,20.74,10.61,86.3,1,0,0,0,1
TXN-00008788,237.65,19,grocery,38,1032,2,61.92,10.64,92.87,0,1,0,0,1
TXN-00008789,9.67,19,travel,57,1415,4,73.87,28.25,90.09,0,0,1,0,0
TXN-00008790,28.02,9,electronics,43,1880,2,62.8,6.34,90.51,0,1,1,0,0
TXN-00008791,7.81,1,travel,33,427,3,47.41,0.6,77.53,0,0,1,0,0
TXN-00008792,199.51,21,online_shopping,51,836,2,15.83,29.72,61.31,0,0,1,0,0
TXN-00008793,117.16,23,gaming,54,1353,3,28.35,3.25,89.25,0,0,1,0,0
TXN-00008794,58.45,9,restaurant,57,447,5,115.67,17.52,76.1,0,1,0,0,0
TXN-00008795,48.15,4,gaming,63,2224,0,25.93,25.25,98.71,0,1,1,0,0
TXN-00008796,172.37,6,pharmacy,57,831,3,38.48,5.09,78.27,0,0,1,0,0
TXN-00008797,144.3,3,online_shopping,67,2382,0,11.27,20.85,81.61,0,0,1,0,1
TXN-00008798,136.45,14,grocery,42,410,1,42.37,14.14,66.52,0,0,0,0,0
TXN-00008799,65.33,12,grocery,47,1548,1,19.23,5.71,58.87,0,0,1,0,0
TXN-00008800,28.03,8,electronics,45,656,3,25.11,2.86,77.17,0,0,0,0,0
TXN-00008801,90.51,15,gaming,51,953,3,10.0,48.86,71.68,0,1,0,0,1
TXN-00008802,95.28,14,restaurant,26,1279,5,28.83,9.88,62.26,2,0,1,0,0
TXN-00008803,33.11,0,grocery,67,1485,3,53.47,53.65,75.52,0,0,1,0,0
TXN-00008804,27.97,9,pharmacy,48,1178,2,54.92,1.08,93.09,0,0,1,0,0
TXN-00008805,132.95,20,electronics,50,928,1,23.11,12.74,80.41,0,0,1,0,0
TXN-00008806,232.14,19,pharmacy,68,1021,0,49.22,42.59,76.69,0,0,1,0,0
TXN-00008807,18.41,20,pharmacy,44,3057,3,55.79,5.47,87.24,1,0,0,0,0
TXN-00008808,30.68,22,grocery,44,1607,3,18.11,6.12,47.56,1,0,0,1,0
TXN-00008809,58.47,1,fuel,50,551,3,56.03,17.11,82.86,1,0,1,0,0
TXN-00008810,67.42,6,grocery,72,1011,4,24.06,10.07,94.76,0,0,0,0,0
TXN-00008811,23.37,11,travel,32,1212,3,12.62,15.66,63.03,0,0,1,0,0
TXN-00008812,292.28,12,restaurant,27,217,3,18.98,24.59,70.61,0,0,1,0,0
TXN-00008813,63.0,18,restaurant,24,1704,2,34.43,21.06,77.82,1,0,1,0,0
TXN-00008814,70.67,17,travel,60,583,2,11.22,7.71,90.87,0,0,0,0,0
TXN-00008815,256.42,16,travel,18,687,1,10.0,7.75,69.25,0,0,1,0,0
TXN-00008816,25.24,3,fuel,59,491,5,38.5,23.76,65.61,1,0,0,0,0
TXN-00008817,36.86,16,pharmacy,69,1555,3,37.51,10.66,91.12,0,0,1,0,0
TXN-00008818,10.85,19,restaurant,57,1312,4,24.99,9.88,43.89,1,0,1,0,0
TXN-00008819,33.75,18,online_shopping,27,1597,1,31.64,12.34,54.96,0,0,1,0,0
TXN-00008820,8.47,13,travel,56,1955,2,45.65,4.96,94.15,1,0,1,0,0
TXN-00008821,88.7,2,grocery,43,1080,0,10.0,8.52,53.48,1,0,1,1,0
TXN-00008822,62.87,3,cash_withdrawal,19,740,5,10.0,18.7,52.06,2,0,1,0,1
TXN-00008823,30.24,17,grocery,29,1089,2,50.46,6.84,85.44,1,0,1,0,0
TXN-00008824,36.4,20,grocery,61,684,1,37.92,5.78,43.53,1,1,1,0,0
TXN-00008825,89.98,19,fuel,50,1267,2,41.9,17.35,93.02,0,0,1,0,0
TXN-00008826,12.27,10,online_shopping,46,1734,3,17.29,33.5,80.09,0,0,0,1,0
TXN-00008827,50.12,14,electronics,63,605,2,33.62,10.18,69.66,0,1,0,1,0
TXN-00008828,84.31,4,restaurant,48,1094,1,59.15,3.15,64.95,1,0,0,0,0
TXN-00008829,6.23,14,grocery,74,916,3,33.91,25.92,88.3,0,0,0,0,0
TXN-00008830,83.03,4,online_shopping,20,950,2,21.17,76.3,80.01,0,0,0,0,0
TXN-00008831,6.97,19,grocery,34,1540,1,34.26,0.35,78.18,0,1,0,0,0
TXN-00008832,35.75,18,online_shopping,28,1223,4,70.93,10.79,71.82,0,0,0,0,0
TXN-00008833,11.92,1,grocery,42,839,0,32.9,9.51,83.48,0,0,0,0,0
TXN-00008834,181.78,22,pharmacy,70,894,4,14.22,6.15,70.41,0,0,1,0,1
TXN-00008835,12.0,19,electronics,41,1018,5,90.59,20.17,79.75,0,1,1,0,0
TXN-00008836,7.15,9,travel,36,985,3,24.32,13.78,59.29,0,0,1,0,0
TXN-00008837,46.53,10,restaurant,22,1017,1,18.87,43.48,60.02,0,0,1,0,0
TXN-00008838,26.2,1,restaurant,40,1411,2,19.78,17.71,83.45,0,0,0,1,0
TXN-00008839,8.33,22,online_shopping,31,486,2,40.99,2.95,62.25,0,0,1,0,0
TXN-00008840,70.25,2,restaurant,28,1231,3,19.96,2.18,80.24,1,0,0,0,0
TXN-00008841,5.0,22,fuel,25,1298,6,10.2,47.11,65.74,1,0,0,1,1
TXN-00008842,13.63,15,travel,54,2313,1,39.65,5.66,66.03,0,0,0,0,0
TXN-00008843,22.11,22,electronics,59,926,2,34.02,18.63,62.09,0,0,1,0,0
TXN-00008844,93.91,8,jewelry,60,1220,1,31.52,19.96,78.33,0,0,0,0,0
TXN-00008845,157.63,21,travel,21,1534,5,15.17,22.97,85.86,1,0,0,0,0
TXN-00008846,128.76,10,grocery,71,1208,1,22.66,10.57,86.46,0,0,1,0,0
TXN-00008847,34.43,8,restaurant,47,298,1,39.53,7.74,93.74,2,0,1,0,0
TXN-00008848,5.0,8,electronics,50,321,4,31.65,20.67,79.51,2,0,0,0,0
TXN-00008849,60.97,22,grocery,68,883,3,36.4,5.94,93.98,1,0,1,0,0
TXN-00008850,189.45,11,grocery,33,977,3,79.91,5.22,95.95,0,0,0,0,0
TXN-00008851,147.74,11,grocery,47,1145,2,35.13,16.73,63.41,0,1,1,0,0
TXN-00008852,65.77,15,grocery,22,464,2,40.88,7.41,89.86,1,1,1,1,0
TXN-00008853,11.6,13,grocery,46,1320,1,16.18,27.8,91.32,1,0,0,0,0
TXN-00008854,23.3,12,restaurant,33,468,3,14.15,4.64,65.66,1,0,1,1,0
TXN-00008855,308.12,9,grocery,28,1199,1,46.03,0.67,94.06,1,1,1,0,1
TXN-00008856,9.14,3,grocery,53,556,2,21.82,7.29,55.54,0,0,1,1,0
TXN-00008857,12.12,23,online_shopping,25,1285,0,10.0,8.66,53.9,0,0,1,0,0
TXN-00008858,108.82,11,online_shopping,74,1538,1,40.79,4.45,85.49,0,1,1,0,0
TXN-00008859,25.72,23,electronics,31,632,2,58.24,79.46,68.1,0,0,0,0,0
TXN-00008860,11.69,11,pharmacy,22,1189,2,14.93,43.95,97.97,0,0,0,0,0
TXN-00008861,201.21,14,fuel,43,1060,3,10.0,37.05,87.51,0,0,1,0,0
TXN-00008862,65.63,13,travel,40,615,4,75.43,0.91,86.21,0,0,1,1,0
TXN-00008863,27.09,23,electronics,56,453,1,69.43,4.58,77.78,1,0,0,0,0
TXN-00008864,12.15,2,grocery,56,1333,1,57.87,36.87,85.55,2,0,1,0,0
TXN-00008865,347.16,12,jewelry,52,2152,1,17.41,51.14,83.13,0,0,1,0,0
TXN-00008866,39.42,3,gaming,51,838,5,24.67,9.48,76.15,0,0,0,0,1
TXN-00008867,175.42,20,gaming,63,302,3,38.79,36.03,64.77,0,0,1,0,0
TXN-00008868,103.37,12,electronics,55,216,1,53.36,37.93,73.93,0,0,0,0,0
TXN-00008869,23.41,22,restaurant,26,1013,1,27.46,3.76,68.79,1,0,1,0,0
TXN-00008870,23.6,6,fuel,44,388,3,167.53,1.38,72.81,0,0,0,0,0
TXN-00008871,184.68,3,fuel,57,342,4,44.29,16.66,87.2,0,0,1,0,1
TXN-00008872,187.85,15,fuel,33,607,2,32.58,58.77,63.8,0,0,1,1,0
TXN-00008873,5.64,3,online_shopping,68,1315,3,27.13,7.81,90.16,0,0,1,0,0
TXN-00008874,72.04,8,pharmacy,45,1260,3,34.84,9.4,84.22,0,0,1,0,0
TXN-00008875,35.61,7,fuel,36,1356,2,38.54,40.79,84.23,0,0,1,0,0
TXN-00008876,13.67,5,online_shopping,40,729,2,14.45,18.21,77.93,2,0,1,0,0
TXN-00008877,53.24,3,cash_withdrawal,53,757,0,13.75,57.67,67.28,0,0,1,0,1
TXN-00008878,9.81,15,online_shopping,59,1590,3,18.5,11.98,72.75,1,0,0,0,0
TXN-00008879,24.78,18,electronics,32,812,2,24.34,31.77,61.81,1,0,0,0,0
TXN-00008880,17.49,9,gaming,27,448,2,33.39,3.55,76.53,1,0,1,0,0
TXN-00008881,23.93,6,electronics,23,625,3,22.44,27.95,76.81,0,0,0,0,0
TXN-00008882,37.52,3,electronics,46,1367,1,29.49,33.67,96.1,0,0,1,0,0
TXN-00008883,13.92,16,fuel,71,1177,1,11.88,0.14,60.31,0,0,0,0,0
TXN-00008884,211.0,19,grocery,73,876,4,65.79,6.43,90.06,1,0,0,0,0
TXN-00008885,67.89,13,grocery,50,372,1,12.2,14.06,82.89,0,0,1,0,0
TXN-00008886,266.21,10,fuel,48,1173,4,36.58,29.82,96.73,0,0,1,0,0
TXN-00008887,34.19,15,online_shopping,47,791,4,15.43,0.16,98.43,0,1,1,0,0
TXN-00008888,22.73,21,pharmacy,31,444,0,38.85,13.85,93.81,0,0,1,1,0
TXN-00008889,256.3,23,online_shopping,42,1351,4,82.54,14.87,83.7,0,0,1,1,1
TXN-00008890,22.04,4,grocery,72,814,4,50.97,4.75,73.29,0,0,0,0,0
TXN-00008891,33.54,11,grocery,53,988,1,16.83,2.85,85.54,1,0,0,1,0
TXN-00008892,86.15,21,cash_withdrawal,32,1710,1,34.89,7.84,78.61,0,0,1,0,0
TXN-00008893,11.03,15,restaurant,23,1118,4,23.7,19.12,97.03,1,0,1,0,0
TXN-00008894,85.36,19,fuel,61,1301,2,12.73,4.31,88.32,1,1,0,0,0
TXN-00008895,74.63,23,grocery,70,954,0,57.12,7.35,91.88,2,0,1,0,0
TXN-00008896,153.36,2,electronics,24,1432,2,136.32,19.43,58.16,0,0,1,0,0
TXN-00008897,102.98,14,fuel,39,503,3,69.48,4.64,92.83,0,0,0,0,0
TXN-00008898,158.38,12,cash_withdrawal,67,371,2,13.58,19.44,94.5,0,0,1,0,0
TXN-00008899,36.02,6,restaurant,32,472,4,115.51,24.43,78.02,0,0,1,1,0
TXN-00008900,16.35,15,fuel,28,760,4,20.04,4.41,69.02,0,0,0,0,0
TXN-00008901,370.73,2,grocery,40,1300,4,22.95,1.88,90.87,1,0,0,0,0
TXN-00008902,8.14,11,pharmacy,40,710,4,18.47,1.52,64.19,0,1,1,0,0
TXN-00008903,9.04,9,restaurant,45,1281,1,33.24,6.08,61.6,0,0,1,1,0
TXN-00008904,73.21,9,online_shopping,74,1015,0,10.0,23.89,89.28,1,0,1,0,0
TXN-00008905,222.79,14,travel,74,2338,4,15.91,11.97,57.91,2,0,0,0,1
TXN-00008906,49.35,22,restaurant,51,1029,2,64.13,9.31,87.68,1,0,1,0,0
TXN-00008907,115.5,22,online_shopping,22,670,2,161.57,0.29,74.92,0,0,0,0,1
TXN-00008908,5.0,16,grocery,33,1216,0,10.0,9.6,81.27,1,0,0,0,0
TXN-00008909,23.94,7,jewelry,28,977,2,59.5,7.27,84.43,1,1,1,0,0
TXN-00008910,5.65,23,travel,18,503,3,13.67,8.76,68.82,1,0,1,0,0
TXN-00008911,91.78,23,fuel,40,869,4,22.2,26.4,46.03,0,0,1,0,1
TXN-00008912,7.97,20,grocery,18,860,2,13.16,4.69,81.86,1,0,0,1,0
TXN-00008913,10.57,20,online_shopping,51,886,3,57.46,15.43,86.82,0,0,1,1,0
TXN-00008914,69.39,19,online_shopping,33,523,0,43.49,20.71,82.73,1,0,1,0,0
TXN-00008915,123.34,18,electronics,60,2168,4,32.41,31.05,81.96,1,0,1,0,0
TXN-00008916,34.23,17,fuel,48,395,1,49.64,0.72,74.79,0,0,0,0,0
TXN-00008917,73.6,15,fuel,73,1726,0,45.01,20.73,76.18,0,0,0,0,0
TXN-00008918,71.14,15,fuel,46,932,3,14.35,4.18,95.41,0,0,1,0,0
TXN-00008919,32.26,9,fuel,27,574,3,37.17,8.71,85.71,2,0,0,0,0
TXN-00008920,12.81,21,fuel,71,1997,1,19.85,20.03,79.37,0,1,1,0,0
TXN-00008921,73.2,15,grocery,35,168,5,18.3,23.88,94.17,1,0,1,0,1
TXN-00008922,77.0,14,restaurant,62,570,3,41.73,2.19,85.77,0,0,0,0,0
TXN-00008923,103.41,17,cash_withdrawal,63,839,3,71.24,13.2,89.77,0,0,1,1,1
TXN-00008924,56.13,1,grocery,71,614,1,28.55,49.32,75.58,0,0,1,0,0
TXN-00008925,11.86,22,online_shopping,55,891,3,87.83,4.36,71.54,2,0,1,0,0
TXN-00008926,83.5,13,online_shopping,47,1251,2,24.25,0.69,90.27,0,0,0,0,0
TXN-00008927,40.39,22,pharmacy,40,452,2,10.0,4.56,81.97,0,0,1,0,0
TXN-00008928,24.36,2,electronics,43,1057,5,12.49,6.47,83.67,1,0,1,0,0
TXN-00008929,29.68,5,electronics,63,1311,2,10.75,35.91,92.72,1,0,0,0,0
TXN-00008930,19.59,22,travel,50,480,2,39.15,2.41,88.35,0,0,0,0,0
TXN-00008931,102.85,16,electronics,20,1014,4,105.1,0.1,71.21,0,0,0,0,1
TXN-00008932,9.12,15,cash_withdrawal,39,856,3,64.18,14.21,86.97,0,0,1,0,0
TXN-00008933,14.25,9,electronics,71,536,2,54.3,4.97,85.42,1,0,0,0,0
TXN-00008934,28.64,13,grocery,30,564,3,87.14,5.29,77.39,0,0,1,0,0
TXN-00008935,220.18,13,fuel,45,568,0,46.81,2.02,40.57,0,0,1,0,0
TXN-00008936,122.36,4,fuel,66,724,1,63.18,16.74,62.88,0,0,0,0,0
TXN-00008937,7.22,13,travel,34,729,3,32.15,39.07,83.51,0,0,1,0,0
TXN-00008938,167.15,12,gaming,57,1757,4,16.92,46.07,94.34,0,0,0,0,0
TXN-00008939,166.82,7,electronics,63,1096,1,13.4,3.05,75.72,0,0,1,0,0
TXN-00008940,11.79,8,travel,36,1113,2,23.27,1.79,71.35,1,0,0,0,0
TXN-00008941,5.0,18,grocery,69,988,2,10.0,23.9,81.67,0,0,1,0,0
TXN-00008942,37.49,16,travel,43,1030,6,23.91,24.18,71.51,1,0,1,0,0
TXN-00008943,131.44,11,fuel,35,1151,3,24.29,16.28,92.22,0,0,0,0,0
TXN-00008944,215.04,14,travel,31,496,2,53.31,14.05,78.3,4,0,0,0,0
TXN-00008945,16.21,5,cash_withdrawal,33,875,5,27.23,1.66,89.14,0,0,1,0,0
TXN-00008946,254.57,11,gaming,50,577,4,68.63,0.11,66.35,0,0,0,0,0
TXN-00008947,5.0,13,electronics,31,1473,1,22.32,9.12,70.81,0,1,1,1,1
TXN-00008948,27.48,6,online_shopping,38,690,1,15.6,16.22,88.44,0,0,1,0,0
TXN-00008949,26.1,4,cash_withdrawal,59,1158,7,96.92,35.62,67.29,0,0,1,0,1
TXN-00008950,135.63,12,electronics,68,1262,4,64.08,21.53,71.3,0,1,1,0,0
TXN-00008951,158.1,22,gaming,57,1063,1,32.91,47.68,74.24,0,0,0,0,1
TXN-00008952,110.16,11,fuel,48,1007,5,20.45,59.26,69.95,0,0,0,0,0
TXN-00008953,9.8,21,travel,58,929,4,132.98,0.28,80.36,0,0,1,0,0
TXN-00008954,100.06,20,fuel,41,1292,5,30.81,7.33,39.98,2,0,1,0,1
TXN-00008955,69.03,17,restaurant,33,601,2,53.36,2.1,83.69,1,0,0,0,0
TXN-00008956,7.0,21,jewelry,61,1105,1,80.3,0.1,76.33,1,0,1,0,0
TXN-00008957,5.0,9,fuel,25,329,4,40.38,9.83,66.65,0,0,0,0,0
TXN-00008958,120.29,18,electronics,70,672,5,14.23,4.12,89.14,0,0,1,0,0
TXN-00008959,33.48,3,online_shopping,42,718,2,26.82,0.32,66.18,1,0,1,0,0
TXN-00008960,10.49,7,electronics,65,417,2,21.7,53.54,81.15,0,0,0,0,0
TXN-00008961,32.51,13,fuel,23,1008,0,29.72,11.58,66.06,0,1,0,0,0
TXN-00008962,59.28,0,fuel,46,623,2,37.34,2.97,78.54,0,0,1,0,0
TXN-00008963,37.08,18,online_shopping,42,1619,5,23.41,4.4,63.91,0,0,0,0,0
TXN-00008964,7.93,22,grocery,38,818,5,23.81,14.74,61.65,1,1,0,0,0
TXN-00008965,292.9,2,online_shopping,47,1247,3,33.3,3.37,66.21,0,0,0,0,0
TXN-00008966,116.1,23,electronics,56,1488,6,11.3,10.39,32.28,1,0,1,0,0
TXN-00008967,28.44,2,pharmacy,72,1172,1,24.26,0.73,63.72,0,0,0,1,0
TXN-00008968,29.67,3,fuel,65,758,4,36.11,6.02,82.38,1,0,1,0,0
TXN-00008969,59.0,18,fuel,31,927,0,33.83,6.16,67.18,0,0,1,1,0
TXN-00008970,12.35,16,restaurant,74,418,3,18.4,24.23,84.69,0,0,0,0,0
TXN-00008971,56.76,22,jewelry,46,1257,5,21.63,16.42,78.19,0,0,1,1,0
TXN-00008972,10.0,10,grocery,44,2385,0,11.27,91.15,88.96,2,0,0,0,0
TXN-00008973,37.56,13,online_shopping,18,1429,4,18.09,2.39,68.23,1,0,0,0,1
TXN-00008974,11.86,3,pharmacy,56,741,1,10.0,11.71,91.84,1,0,1,0,0
TXN-00008975,12.5,16,electronics,69,778,2,25.6,30.73,82.21,1,0,0,0,0
TXN-00008976,227.7,23,fuel,34,1459,1,40.32,0.2,70.06,1,0,1,0,1
TXN-00008977,43.04,14,electronics,68,253,0,18.61,7.32,77.6,1,0,1,0,0
TXN-00008978,50.29,22,gaming,23,457,6,10.0,10.23,82.87,1,0,1,1,0
TXN-00008979,5.0,9,travel,74,640,2,52.43,6.07,57.13,1,0,1,0,0
TXN-00008980,21.61,23,online_shopping,32,669,3,34.34,20.7,57.56,0,1,0,0,0
TXN-00008981,65.65,12,travel,45,316,3,16.97,32.26,97.9,0,0,0,0,0
TXN-00008982,49.59,3,pharmacy,18,1134,2,16.48,2.47,44.71,1,0,0,0,0
TXN-00008983,5.0,8,grocery,70,747,3,53.65,22.06,81.93,0,1,0,0,0
TXN-00008984,50.27,11,cash_withdrawal,47,750,3,39.77,9.43,88.91,0,0,0,0,0
TXN-00008985,59.44,1,grocery,74,985,0,47.34,12.88,96.36,1,1,1,0,1
TXN-00008986,155.7,21,pharmacy,39,381,1,11.19,19.99,55.93,0,0,0,0,0
TXN-00008987,20.33,5,travel,21,883,8,42.65,5.18,62.74,1,0,1,0,0
TXN-00008988,5.0,16,electronics,57,377,4,15.12,63.02,69.92,0,1,0,1,0
TXN-00008989,14.2,22,online_shopping,27,1132,7,11.92,11.88,76.56,0,0,1,0,0
TXN-00008990,12.78,10,cash_withdrawal,53,1554,5,29.36,1.27,75.38,0,0,0,0,0
TXN-00008991,87.67,14,pharmacy,20,1254,1,41.0,22.27,82.53,0,0,1,0,0
TXN-00008992,5.0,12,fuel,27,675,5,30.62,28.91,86.99,0,0,0,0,1
TXN-00008993,25.26,18,online_shopping,54,1187,3,31.54,8.27,85.54,1,0,1,0,0
TXN-00008994,180.74,0,cash_withdrawal,57,804,2,14.03,5.18,78.28,0,0,1,1,1
TXN-00008995,40.75,8,travel,26,959,3,10.0,0.47,85.17,1,0,1,0,0
TXN-00008996,103.66,14,restaurant,28,1154,3,40.11,5.58,83.75,0,0,0,0,0
TXN-00008997,7.21,2,online_shopping,67,154,2,35.02,2.4,76.07,0,0,1,0,0
TXN-00008998,7.52,20,grocery,18,334,2,21.74,2.32,52.9,0,0,1,0,0
TXN-00008999,182.93,15,restaurant,31,834,0,22.32,17.9,66.51,2,0,1,0,0
TXN-00009000,44.98,0,fuel,74,595,5,31.84,6.06,82.29,3,0,1,0,0
TXN-00009001,45.08,0,cash_withdrawal,49,897,3,22.79,1.58,83.8,0,0,0,0,1
TXN-00009002,12.5,3,grocery,19,975,4,47.32,10.34,69.66,1,0,1,0,0
TXN-00009003,44.96,15,travel,69,678,3,48.66,16.88,92.88,1,0,1,1,0
TXN-00009004,12.14,12,grocery,37,766,2,28.26,6.07,90.56,0,0,1,0,0
TXN-00009005,140.64,11,pharmacy,59,523,2,25.83,48.02,77.97,0,0,0,0,0
TXN-00009006,709.26,13,pharmacy,54,1035,0,35.59,1.33,90.82,0,0,0,0,0
TXN-00009007,67.23,11,restaurant,39,1329,3,10.0,5.94,85.66,1,0,0,0,0
TXN-00009008,20.77,8,cash_withdrawal,39,388,1,28.7,0.33,75.54,3,0,0,1,0
TXN-00009009,5.0,0,online_shopping,49,1296,4,10.53,41.28,64.98,0,0,1,0,0
TXN-00009010,6.9,0,restaurant,40,1102,3,39.39,2.48,84.25,0,0,0,0,0
TXN-00009011,206.98,16,gaming,28,1249,4,53.89,44.38,87.18,0,0,0,0,0
TXN-00009012,13.73,17,pharmacy,59,1572,3,10.0,1.28,88.28,0,0,1,0,0
TXN-00009013,27.4,5,fuel,57,678,5,46.44,15.33,76.9,1,0,1,0,0
TXN-00009014,80.49,5,online_shopping,52,1458,2,27.98,1.79,67.63,0,0,1,0,0
TXN-00009015,191.79,9,electronics,61,1584,2,41.38,4.73,74.03,0,0,0,0,0
TXN-00009016,32.8,15,electronics,48,416,2,57.22,23.92,78.37,0,0,1,0,0
TXN-00009017,26.45,14,online_shopping,71,976,7,34.59,6.34,98.95,0,0,1,0,0
TXN-00009018,43.61,13,grocery,69,957,2,32.81,1.68,72.37,0,0,1,0,0
TXN-00009019,20.93,0,travel,74,1632,1,14.08,38.92,92.66,1,0,1,0,0
TXN-00009020,22.14,10,cash_withdrawal,24,2705,4,17.0,0.85,87.04,1,0,0,0,0
TXN-00009021,62.33,18,electronics,23,1256,2,110.18,39.32,66.85,0,0,1,0,0
TXN-00009022,49.13,14,restaurant,45,2193,1,57.21,4.75,68.06,0,0,1,0,0
TXN-00009023,379.25,19,electronics,58,613,3,40.49,22.86,74.97,0,0,1,0,0
TXN-00009024,64.12,16,fuel,31,1199,6,16.08,45.98,92.89,0,0,0,0,0
TXN-00009025,135.46,21,electronics,24,887,1,37.76,12.0,54.58,0,0,0,0,0
TXN-00009026,13.13,13,restaurant,20,1144,2,22.59,0.13,84.75,0,0,1,1,0
TXN-00009027,70.2,13,pharmacy,50,1266,3,127.45,10.05,61.1,0,0,1,0,0
TXN-00009028,18.93,13,pharmacy,74,1373,0,73.71,1.07,78.89,0,0,0,0,0
TXN-00009029,61.27,6,restaurant,44,773,1,17.43,1.08,73.79,1,0,1,0,0
TXN-00009030,83.34,10,restaurant,60,847,3,18.6,49.33,77.34,1,0,0,0,0
TXN-00009031,42.62,4,online_shopping,21,1320,1,25.88,8.66,86.62,0,0,0,1,0
TXN-00009032,506.58,10,restaurant,30,1065,1,69.31,3.8,95.4,0,1,1,0,0
TXN-00009033,181.16,3,cash_withdrawal,57,646,3,61.29,4.35,56.22,1,0,0,0,1
TXN-00009034,139.23,11,grocery,41,859,1,10.0,23.56,34.15,1,0,1,0,0
TXN-00009035,90.24,22,online_shopping,19,1509,0,39.37,69.7,78.69,0,0,1,0,0
TXN-00009036,257.63,10,restaurant,31,551,3,63.82,3.04,88.53,0,0,0,0,0
TXN-00009037,8.95,17,pharmacy,64,905,1,26.09,1.58,97.19,0,0,1,0,0
TXN-00009038,170.51,10,travel,57,448,2,42.91,53.23,64.26,0,0,0,0,0
TXN-00009039,14.28,21,restaurant,64,1575,0,102.88,38.0,79.45,0,0,0,0,0
TXN-00009040,22.36,5,grocery,38,2774,5,74.2,17.48,84.81,0,0,1,0,0
TXN-00009041,72.93,20,grocery,71,1780,5,41.2,23.98,90.55,0,1,0,0,0
TXN-00009042,147.66,17,fuel,71,702,3,37.38,1.06,98.7,1,0,1,0,0
TXN-00009043,12.05,21,jewelry,39,700,2,29.28,16.1,66.5,1,0,1,0,0
TXN-00009044,23.61,3,travel,30,1533,2,43.13,9.63,73.32,0,0,0,0,0
TXN-00009045,44.81,21,online_shopping,73,1441,3,26.39,7.01,64.36,3,0,0,0,0
TXN-00009046,33.26,21,online_shopping,38,1907,1,59.46,5.15,97.0,0,0,0,0,0
TXN-00009047,99.16,7,grocery,46,929,3,15.38,39.92,81.21,0,1,0,0,0
TXN-00009048,1491.78,14,pharmacy,72,508,7,20.11,23.11,81.48,1,0,1,0,1
TXN-00009049,62.82,14,pharmacy,33,940,6,23.1,2.07,89.89,0,0,0,0,0
TXN-00009050,18.69,1,online_shopping,69,870,6,66.73,0.06,76.34,0,0,0,0,0
TXN-00009051,10.37,12,restaurant,27,2483,4,50.45,6.04,89.15,0,1,0,0,0
TXN-00009052,28.75,15,jewelry,35,1275,6,36.56,3.14,89.58,0,0,1,0,0
TXN-00009053,15.07,4,online_shopping,40,335,1,37.73,1.08,81.58,0,0,1,1,0
TXN-00009054,66.08,8,fuel,46,1300,4,10.0,16.78,90.71,0,1,0,1,1
TXN-00009055,65.02,14,online_shopping,32,1582,3,45.82,14.13,68.75,0,0,1,0,0
TXN-00009056,24.87,22,pharmacy,69,1463,0,14.6,10.14,97.13,0,1,1,0,0
TXN-00009057,325.12,1,grocery,56,1421,2,19.24,22.43,77.03,1,0,0,0,0
TXN-00009058,18.69,22,jewelry,56,1056,6,225.45,4.62,86.82,4,0,0,0,0
TXN-00009059,35.68,19,grocery,60,848,2,40.89,5.14,62.19,0,0,1,0,0
TXN-00009060,79.13,20,fuel,54,491,1,32.44,7.56,90.93,0,0,0,1,1
TXN-00009061,103.2,1,electronics,55,1970,2,25.54,5.5,98.42,1,0,1,0,0
TXN-00009062,154.69,13,online_shopping,56,1218,1,66.4,27.66,92.38,0,0,0,1,0
TXN-00009063,63.43,8,travel,59,710,2,14.53,16.03,86.26,1,0,1,0,0
TXN-00009064,121.93,22,pharmacy,71,998,2,20.45,14.53,58.3,0,0,1,0,0
TXN-00009065,20.12,17,grocery,29,493,3,62.42,0.78,51.03,1,0,1,0,0
TXN-00009066,106.06,15,cash_withdrawal,47,994,3,29.48,19.43,83.19,2,0,1,0,0
TXN-00009067,104.58,0,grocery,28,1694,2,38.02,13.33,77.56,0,0,1,0,0
TXN-00009068,198.05,21,online_shopping,28,1302,2,19.89,18.07,60.14,0,0,0,0,0
TXN-00009069,7.02,11,jewelry,73,1555,0,43.11,10.33,78.72,0,0,1,1,0
TXN-00009070,15.6,3,online_shopping,45,1498,5,20.82,18.04,83.6,1,1,0,1,1
TXN-00009071,96.0,20,grocery,58,1167,4,10.34,24.72,80.11,0,0,1,0,0
TXN-00009072,5.0,21,fuel,60,878,3,56.03,0.87,96.89,1,0,0,0,0
TXN-00009073,67.8,11,gaming,19,781,2,16.38,9.78,85.6,1,0,0,1,1
TXN-00009074,123.08,15,fuel,46,1902,1,12.9,34.29,88.38,0,0,1,0,1
TXN-00009075,22.08,14,electronics,28,1240,1,15.43,15.22,84.05,1,0,0,0,0
TXN-00009076,25.75,7,online_shopping,36,1194,3,30.49,15.84,88.67,0,0,0,0,1
TXN-00009077,13.09,17,gaming,28,1236,1,18.08,9.66,37.22,1,0,0,0,0
TXN-00009078,23.39,23,online_shopping,56,822,2,98.02,27.9,79.77,0,1,0,0,0
TXN-00009079,24.11,22,travel,25,1158,2,60.55,5.74,85.82,2,0,0,0,0
TXN-00009080,19.75,16,jewelry,44,674,0,31.74,12.34,83.68,0,0,1,0,1
TXN-00009081,18.64,8,travel,35,745,1,16.12,0.2,67.81,0,0,1,0,0
TXN-00009082,30.43,21,restaurant,73,1329,0,55.04,0.28,78.32,2,0,0,0,0
TXN-00009083,30.05,22,fuel,63,1218,1,36.2,16.87,94.22,0,0,1,1,0
TXN-00009084,289.41,0,pharmacy,38,1350,4,18.75,42.94,89.57,1,0,1,0,0
TXN-00009085,26.74,8,online_shopping,35,1445,5,34.56,7.49,79.05,1,0,1,0,0
TXN-00009086,58.05,13,grocery,59,827,3,33.99,8.99,65.73,0,0,1,0,0
TXN-00009087,22.07,13,electronics,54,958,4,18.06,60.86,79.57,0,0,0,1,0
TXN-00009088,21.78,17,cash_withdrawal,50,1300,2,11.95,11.1,82.22,0,0,0,0,0
TXN-00009089,6.76,12,restaurant,22,632,3,64.82,36.89,76.93,0,0,1,0,0
TXN-00009090,7.77,0,gaming,22,168,1,47.48,12.26,94.91,0,0,1,0,0
TXN-00009091,11.39,3,grocery,54,384,2,27.15,4.59,75.43,0,0,1,0,0
TXN-00009092,49.05,18,electronics,45,730,3,41.82,3.6,78.39,0,0,0,0,0
TXN-00009093,125.21,16,online_shopping,66,834,3,53.06,3.43,61.65,0,0,1,0,0
TXN-00009094,6.2,15,gaming,19,1136,4,22.73,0.98,63.08,0,0,1,0,0
TXN-00009095,22.73,10,electronics,28,1594,1,24.07,7.47,60.17,1,0,1,0,0
TXN-00009096,9.63,6,online_shopping,63,859,3,92.59,0.78,49.63,1,0,1,0,0
TXN-00009097,30.65,7,online_shopping,74,700,3,19.46,49.44,91.33,0,0,1,0,0
TXN-00009098,125.16,16,restaurant,60,492,5,101.15,5.47,79.62,0,0,0,0,0
TXN-00009099,25.3,12,online_shopping,18,659,6,263.59,26.25,65.35,0,0,0,0,0
TXN-00009100,38.48,3,grocery,20,654,0,35.55,3.07,70.21,1,0,0,0,0
TXN-00009101,186.42,9,restaurant,68,1023,1,10.0,3.06,80.38,0,0,1,0,0
TXN-00009102,65.42,19,electronics,46,655,0,28.07,12.24,94.31,0,0,0,0,0
TXN-00009103,18.21,14,restaurant,46,812,0,31.47,3.71,76.34,1,0,0,0,0
TXN-00009104,47.79,20,restaurant,73,769,2,28.39,22.2,93.88,2,0,1,0,0
TXN-00009105,16.96,12,fuel,32,971,4,69.9,51.2,79.27,1,0,1,0,0
TXN-00009106,62.9,11,online_shopping,34,1267,2,21.87,8.99,66.02,0,0,0,0,1
TXN-00009107,69.48,22,fuel,57,1157,5,40.17,2.64,27.84,0,0,0,0,0
TXN-00009108,9.63,12,online_shopping,70,592,2,38.82,6.17,37.03,0,0,1,0,0
TXN-00009109,48.61,3,fuel,39,720,2,39.67,0.82,91.72,1,0,1,0,0
TXN-00009110,35.75,9,electronics,26,1385,4,16.26,6.63,36.61,1,1,0,0,1
TXN-00009111,71.66,15,grocery,21,1547,4,54.83,0.46,80.81,0,0,1,0,0
TXN-00009112,96.83,8,grocery,18,454,2,15.56,3.27,80.24,0,0,1,0,0
TXN-00009113,66.77,9,fuel,39,420,0,38.7,32.72,78.95,0,0,1,0,0
TXN-00009114,29.42,20,restaurant,48,1932,5,41.62,8.86,77.89,0,1,0,0,0
TXN-00009115,107.77,10,cash_withdrawal,46,495,2,15.65,0.96,87.07,1,0,1,1,0
TXN-00009116,16.17,7,restaurant,31,628,3,14.87,6.83,70.58,0,0,1,0,0
TXN-00009117,10.11,2,pharmacy,57,823,4,23.8,3.4,80.94,0,1,0,0,1
TXN-00009118,5.0,9,online_shopping,68,615,2,61.86,1.36,91.16,0,0,0,0,0
TXN-00009119,37.58,18,online_shopping,31,634,6,39.5,17.34,75.57,0,0,0,0,0
TXN-00009120,17.07,7,cash_withdrawal,57,636,1,59.12,35.3,78.98,1,0,0,0,0
TXN-00009121,61.41,11,pharmacy,49,1022,5,62.21,18.3,75.33,0,0,1,0,0
TXN-00009122,5.1,15,cash_withdrawal,57,373,2,48.72,5.77,63.5,0,0,1,0,0
TXN-00009123,20.5,22,online_shopping,18,1385,4,29.28,1.7,84.57,0,0,0,0,0
TXN-00009124,66.27,19,restaurant,57,184,3,10.0,18.23,85.69,0,0,1,1,0
TXN-00009125,13.72,6,grocery,61,420,1,46.74,9.89,95.21,1,0,0,0,0
TXN-00009126,62.16,3,restaurant,57,1825,3,137.54,32.26,95.77,0,0,1,0,0
TXN-00009127,22.54,16,online_shopping,66,735,3,18.5,26.75,88.68,0,0,0,0,0
TXN-00009128,39.08,6,online_shopping,61,702,6,29.22,14.4,67.79,1,0,1,0,0
TXN-00009129,75.56,9,restaurant,75,327,3,95.16,1.68,75.86,1,0,0,0,0
TXN-00009130,110.0,2,online_shopping,56,307,0,42.31,3.61,95.79,0,0,1,0,0
TXN-00009131,44.57,18,fuel,43,914,1,40.72,2.42,92.86,0,0,0,0,0
TXN-00009132,17.21,3,grocery,66,324,1,22.85,3.72,60.93,0,0,1,0,0
TXN-00009133,25.0,9,restaurant,58,622,5,36.03,58.36,78.95,0,0,1,0,0
TXN-00009134,78.95,9,online_shopping,50,1234,3,34.11,0.91,79.03,0,0,1,0,1
TXN-00009135,13.84,1,online_shopping,51,1009,1,39.16,8.0,77.18,0,0,0,0,0
TXN-00009136,33.55,18,restaurant,38,785,5,14.21,1.45,68.23,2,0,1,0,0
TXN-00009137,26.97,14,fuel,53,958,1,143.88,18.47,56.05,1,1,1,1,0
TXN-00009138,36.29,12,gaming,45,1248,3,30.3,28.99,71.17,2,0,0,1,1
TXN-00009139,14.02,4,pharmacy,25,725,2,15.61,1.13,84.06,0,0,0,0,0
TXN-00009140,5.79,1,gaming,43,1366,3,18.96,12.93,89.81,0,0,1,1,1
TXN-00009141,69.88,1,fuel,73,913,3,14.59,26.85,76.66,1,1,1,0,1
TXN-00009142,111.31,15,jewelry,37,1515,2,25.4,1.56,75.22,0,0,0,0,0
TXN-00009143,6.16,17,cash_withdrawal,57,954,2,24.31,20.28,66.66,1,1,0,0,0
TXN-00009144,59.58,19,online_shopping,42,422,4,56.82,3.2,75.61,1,0,1,0,0
TXN-00009145,126.13,19,pharmacy,34,614,3,13.07,1.22,87.51,0,0,0,0,0
TXN-00009146,75.62,9,cash_withdrawal,40,893,1,12.17,11.96,80.46,0,0,1,0,0
TXN-00009147,26.11,0,grocery,73,2708,1,10.0,5.5,88.11,1,0,0,0,0
TXN-00009148,15.02,5,online_shopping,24,589,3,37.93,2.06,58.7,1,0,1,0,0
TXN-00009149,44.04,18,grocery,56,2383,0,46.57,1.27,75.44,1,0,0,1,0
TXN-00009150,52.47,18,grocery,66,1433,2,10.0,0.94,69.26,1,0,0,0,0
TXN-00009151,44.73,12,grocery,28,1465,4,39.31,33.51,89.74,0,0,1,0,0
TXN-00009152,33.48,0,pharmacy,61,1251,4,18.84,1.25,62.94,1,0,1,1,1
TXN-00009153,12.98,18,online_shopping,54,2279,2,58.79,0.29,90.56,1,0,1,0,0
TXN-00009154,63.04,19,grocery,37,642,1,104.48,39.38,95.7,1,0,0,0,0
TXN-00009155,66.31,5,grocery,28,1409,5,10.0,5.3,80.82,0,0,0,0,0
TXN-00009156,49.94,19,electronics,72,466,3,20.57,13.37,83.89,2,0,1,0,0
TXN-00009157,45.45,15,restaurant,29,646,3,58.54,5.37,91.36,0,0,1,0,0
TXN-00009158,235.85,21,grocery,73,1297,1,58.78,32.77,50.66,0,0,1,0,0
TXN-00009159,21.0,15,online_shopping,55,1481,2,27.2,40.57,80.3,0,1,0,0,1
TXN-00009160,155.32,2,travel,67,1132,1,54.68,0.09,70.09,0,0,0,1,1
TXN-00009161,18.71,15,online_shopping,35,292,3,40.74,16.92,64.31,0,0,0,0,0
TXN-00009162,129.59,2,online_shopping,19,581,4,56.76,14.48,79.66,1,0,1,1,0
TXN-00009163,147.68,6,online_shopping,56,422,1,59.36,27.06,73.25,0,0,1,0,0
TXN-00009164,29.73,20,electronics,39,867,2,27.64,4.29,69.64,0,0,0,0,0
TXN-00009165,231.37,23,restaurant,49,418,4,51.6,21.65,91.73,1,0,0,0,0
TXN-00009166,66.19,11,grocery,44,659,2,27.86,36.73,90.09,0,0,1,0,0
TXN-00009167,16.1,6,online_shopping,36,649,4,52.9,4.1,70.09,0,0,1,0,0
TXN-00009168,27.31,9,restaurant,59,1660,3,18.49,21.3,88.81,0,0,1,0,0
TXN-00009169,132.87,5,travel,47,687,3,40.05,10.65,65.12,0,0,0,0,0
TXN-00009170,106.61,13,fuel,54,2346,3,39.48,1.91,96.72,1,0,0,0,1
TXN-00009171,13.32,10,grocery,56,739,2,55.52,73.45,57.61,0,0,1,0,0
TXN-00009172,34.95,1,fuel,57,1208,2,27.86,1.92,90.4,1,0,1,0,0
TXN-00009173,50.08,14,online_shopping,37,1047,3,16.25,0.65,79.96,0,0,1,1,0
TXN-00009174,23.74,15,travel,62,969,2,28.52,7.52,82.12,1,0,1,0,0
TXN-00009175,480.91,16,online_shopping,30,1419,0,11.68,45.8,68.34,0,0,1,0,0
TXN-00009176,51.69,22,travel,73,900,4,22.8,20.87,58.03,0,0,1,0,0
TXN-00009177,37.91,16,grocery,64,659,5,10.78,13.12,63.59,0,0,1,0,1
TXN-00009178,141.23,16,restaurant,49,1304,1,31.51,10.68,74.86,0,0,1,0,0
TXN-00009179,27.56,5,fuel,28,524,2,61.15,1.21,49.63,0,0,0,0,0
TXN-00009180,116.49,11,cash_withdrawal,70,758,5,55.31,5.97,63.64,0,0,1,1,0
TXN-00009181,7.02,10,electronics,50,1417,4,10.0,3.14,50.44,0,0,0,0,0
TXN-00009182,25.12,23,grocery,65,853,4,35.26,14.0,95.36,0,0,1,0,0
TXN-00009183,121.7,11,fuel,19,1155,0,153.07,4.09,95.45,3,0,1,0,0
TXN-00009184,210.34,16,grocery,37,1061,2,20.84,0.33,53.83,0,0,1,0,0
TXN-00009185,17.96,12,gaming,35,682,2,40.68,8.04,83.58,0,1,0,0,0
TXN-00009186,15.89,1,grocery,65,870,1,65.95,6.93,79.16,0,0,1,0,0
TXN-00009187,73.39,22,restaurant,44,511,2,11.35,19.8,76.06,1,0,0,0,0
TXN-00009188,21.03,16,online_shopping,24,1535,4,38.1,17.01,99.19,0,0,1,0,0
TXN-00009189,30.51,5,travel,53,771,2,55.81,0.61,84.74,1,0,1,0,0
TXN-00009190,101.52,1,travel,27,1593,2,24.19,39.08,86.5,0,1,1,0,1
TXN-00009191,22.84,22,cash_withdrawal,43,830,4,11.56,42.37,73.68,0,0,0,0,0
TXN-00009192,5.14,7,travel,75,1198,1,68.1,12.54,89.27,0,0,1,0,0
TXN-00009193,10.32,0,gaming,43,515,2,10.0,7.49,87.11,0,0,1,1,0
TXN-00009194,40.87,14,online_shopping,42,1475,2,10.0,7.43,96.63,0,0,1,0,0
TXN-00009195,5.72,0,cash_withdrawal,20,155,2,11.84,8.2,38.75,0,0,1,1,1
TXN-00009196,29.61,5,electronics,44,850,1,22.84,19.13,88.48,1,1,1,0,0
TXN-00009197,9.38,21,fuel,73,709,2,10.75,27.88,70.1,0,0,0,0,0
TXN-00009198,226.32,0,electronics,73,480,1,13.68,29.05,95.19,1,0,1,0,0
TXN-00009199,392.84,18,electronics,73,2992,2,18.92,6.22,88.65,0,0,0,0,1
TXN-00009200,13.32,14,electronics,38,431,3,71.02,12.86,62.37,0,0,0,0,1
TXN-00009201,52.96,7,cash_withdrawal,21,2313,5,40.37,10.51,81.32,0,0,0,0,0
TXN-00009202,14.75,6,cash_withdrawal,31,1953,3,34.79,14.77,85.8,3,0,0,0,0
TXN-00009203,29.23,11,gaming,30,415,1,88.0,13.61,96.87,0,0,0,0,0
TXN-00009204,268.71,12,restaurant,22,892,3,91.35,0.9,64.01,0,0,1,0,0
TXN-00009205,24.78,21,pharmacy,59,850,3,16.16,12.21,85.47,0,0,0,0,0
TXN-00009206,29.95,6,grocery,48,641,1,15.51,34.49,79.0,1,0,1,0,0
TXN-00009207,15.03,14,fuel,59,907,1,19.67,17.6,69.68,1,0,1,0,0
TXN-00009208,134.76,16,restaurant,29,1059,4,35.42,27.59,80.28,0,0,1,0,1
TXN-00009209,5.0,0,cash_withdrawal,58,1606,3,75.07,13.22,81.96,1,1,1,0,0
TXN-00009210,25.41,21,restaurant,21,469,3,14.82,6.0,83.4,0,0,0,0,0
TXN-00009211,38.54,23,gaming,59,854,0,28.42,2.08,97.65,1,0,1,0,0
TXN-00009212,20.2,2,cash_withdrawal,65,713,1,27.44,17.05,76.41,0,0,0,0,0
TXN-00009213,100.16,6,cash_withdrawal,32,671,1,77.95,13.8,87.15,1,0,0,0,0
TXN-00009214,142.9,18,cash_withdrawal,37,927,0,54.08,8.25,91.14,0,0,1,0,0
TXN-00009215,9.18,19,pharmacy,43,809,2,15.0,6.48,64.26,0,0,0,0,1
TXN-00009216,364.37,3,electronics,51,208,5,51.58,1.38,91.33,2,1,1,0,1
TXN-00009217,9.08,22,fuel,48,1067,6,24.71,1.0,85.74,1,0,1,1,0
TXN-00009218,156.5,7,fuel,24,293,3,35.92,18.88,92.83,1,0,0,0,0
TXN-00009219,47.34,7,jewelry,39,1518,3,12.91,0.65,54.44,1,0,0,0,1
TXN-00009220,23.83,8,electronics,47,978,6,10.0,37.72,89.11,0,0,0,0,0
TXN-00009221,26.32,16,grocery,53,774,4,24.57,16.49,74.23,2,0,0,0,0
TXN-00009222,39.05,4,fuel,54,405,1,15.58,8.32,91.08,2,0,0,0,0
TXN-00009223,50.34,13,restaurant,56,1084,0,26.35,44.56,90.06,0,0,0,0,0
TXN-00009224,15.39,1,online_shopping,44,893,2,19.23,54.67,78.82,0,0,0,0,0
TXN-00009225,31.64,3,grocery,47,926,2,30.91,23.39,53.63,0,0,1,0,0
TXN-00009226,18.01,18,fuel,37,994,3,35.24,4.7,60.07,0,0,1,0,0
TXN-00009227,11.29,9,online_shopping,33,1249,1,48.5,3.21,78.55,0,0,0,0,0
TXN-00009228,17.15,19,electronics,36,1065,1,48.18,10.64,76.15,1,0,0,0,0
TXN-00009229,12.09,17,grocery,43,1881,1,71.39,10.23,92.97,1,0,0,0,0
TXN-00009230,26.02,23,travel,24,1247,3,31.98,1.03,89.75,0,0,1,0,0
TXN-00009231,63.69,3,jewelry,30,1052,3,13.2,12.91,69.44,1,0,1,0,1
TXN-00009232,45.91,22,gaming,24,946,2,58.02,2.01,89.48,0,0,0,0,0
TXN-00009233,321.52,21,electronics,41,547,3,36.02,12.09,66.75,0,0,0,0,0
TXN-00009234,5.0,10,electronics,46,372,1,50.26,7.35,88.66,1,0,1,0,0
TXN-00009235,66.21,3,restaurant,27,183,4,51.7,8.1,57.91,0,0,1,0,0
TXN-00009236,40.72,3,electronics,26,1212,2,25.04,39.31,72.31,0,0,1,0,0
TXN-00009237,95.25,12,online_shopping,48,901,1,24.8,9.51,55.23,0,0,0,0,1
TXN-00009238,85.82,0,online_shopping,30,1264,0,113.38,2.49,59.72,0,0,0,0,0
TXN-00009239,34.01,2,grocery,68,1818,1,12.63,15.68,89.33,0,1,1,0,0
TXN-00009240,48.49,12,fuel,27,856,2,22.1,2.58,89.82,2,0,0,0,0
TXN-00009241,18.52,13,restaurant,45,421,0,53.11,15.4,79.83,0,0,0,1,0
TXN-00009242,77.04,20,electronics,64,1452,3,26.36,95.12,84.65,0,0,0,0,0
TXN-00009243,5.62,23,electronics,24,816,2,20.57,56.19,86.14,0,0,1,0,0
TXN-00009244,91.44,6,restaurant,44,656,4,51.08,7.15,85.4,1,0,0,0,0
TXN-00009245,39.48,7,grocery,45,628,1,74.07,2.33,71.8,1,0,1,1,0
TXN-00009246,24.25,4,restaurant,50,1206,2,33.68,1.33,77.15,0,0,1,1,0
TXN-00009247,31.68,5,online_shopping,69,1196,4,10.74,11.14,64.02,0,1,1,0,0
TXN-00009248,34.22,10,grocery,51,1627,6,32.46,9.57,87.23,1,0,0,0,1
TXN-00009249,157.93,23,travel,39,491,6,39.36,0.41,95.08,0,0,0,0,0
TXN-00009250,1206.13,21,cash_withdrawal,40,487,3,15.25,6.92,64.28,1,0,0,0,0
TXN-00009251,145.6,21,fuel,54,1003,1,82.17,1.25,75.98,2,0,0,1,1
TXN-00009252,22.34,10,online_shopping,35,1062,5,43.05,0.93,90.13,0,0,1,0,0
TXN-00009253,78.36,15,online_shopping,57,1516,3,15.71,15.84,93.7,1,1,1,0,0
TXN-00009254,82.02,17,fuel,40,1571,1,43.61,4.03,73.04,1,0,0,0,0
TXN-00009255,15.31,5,travel,21,983,0,43.06,0.25,97.42,0,0,1,0,0
TXN-00009256,10.76,11,fuel,49,1623,6,19.94,11.79,92.11,1,1,0,0,0
TXN-00009257,37.85,13,online_shopping,32,883,4,13.0,4.68,94.55,0,0,1,0,0
TXN-00009258,94.45,8,travel,38,889,4,24.8,21.56,97.65,2,0,1,0,0
TXN-00009259,7.45,11,electronics,36,802,0,19.73,1.94,84.25,1,0,1,1,0
TXN-00009260,18.97,10,electronics,25,474,1,35.71,12.83,81.36,1,0,1,0,0
TXN-00009261,73.79,1,electronics,34,358,5,24.93,7.57,94.03,0,0,1,0,0
TXN-00009262,42.26,18,online_shopping,70,993,3,41.66,1.06,55.71,0,1,0,0,0
TXN-00009263,178.95,21,travel,36,1466,2,35.02,32.44,54.17,2,0,0,0,0
TXN-00009264,9.19,18,grocery,60,641,2,49.59,24.24,78.62,1,0,1,0,0
TXN-00009265,478.08,22,travel,41,1558,3,44.45,15.36,83.82,0,0,0,0,1
TXN-00009266,8.05,10,electronics,21,1780,0,58.46,8.04,84.82,0,0,1,0,0
TXN-00009267,5.0,1,gaming,66,757,5,16.83,6.6,66.3,0,0,1,0,0
TXN-00009268,38.02,6,travel,70,309,4,60.55,23.61,60.85,1,0,0,0,1
TXN-00009269,12.29,20,electronics,31,800,3,109.23,9.97,59.06,0,0,0,0,0
TXN-00009270,38.83,3,grocery,27,511,3,67.68,4.59,80.92,1,1,0,0,1
TXN-00009271,37.43,13,online_shopping,71,1470,1,11.19,35.53,80.29,2,0,0,1,0
TXN-00009272,32.93,0,pharmacy,23,1018,2,89.62,2.4,88.09,1,0,0,0,0
TXN-00009273,16.7,7,electronics,69,307,7,50.1,11.11,47.32,1,0,1,0,0
TXN-00009274,63.71,2,gaming,28,1155,2,59.04,10.35,75.82,0,0,1,0,0
TXN-00009275,28.99,2,travel,68,1520,3,17.59,2.73,80.4,1,0,0,0,0
TXN-00009276,128.88,3,travel,72,954,4,11.46,2.37,88.05,0,0,1,0,1
TXN-00009277,33.47,12,online_shopping,31,715,5,79.72,5.63,74.54,1,1,1,0,0
TXN-00009278,14.69,16,fuel,30,1112,7,21.84,20.44,64.9,0,0,0,0,0
TXN-00009279,6.88,6,online_shopping,24,1978,3,17.25,12.97,61.77,1,0,1,0,0
TXN-00009280,33.76,19,pharmacy,63,1644,1,10.61,33.76,92.35,0,1,1,0,0
TXN-00009281,10.67,9,grocery,38,439,4,10.0,8.03,93.4,1,0,0,0,0
TXN-00009282,9.8,17,grocery,55,1012,4,29.98,16.26,77.89,1,0,0,0,0
TXN-00009283,70.37,12,fuel,53,523,2,54.73,0.21,86.07,1,0,1,0,0
TXN-00009284,6.26,17,online_shopping,48,707,4,36.51,2.8,86.06,0,0,0,0,0
TXN-00009285,178.18,23,online_shopping,32,1706,0,27.31,9.42,91.77,1,0,1,0,0
TXN-00009286,47.83,23,restaurant,39,1009,0,72.79,11.57,91.99,1,0,1,0,0
TXN-00009287,38.63,14,grocery,47,549,1,79.75,9.26,91.45,0,0,1,0,0
TXN-00009288,13.65,23,grocery,23,792,2,16.3,39.84,58.51,2,0,0,0,1
TXN-00009289,90.25,16,gaming,41,1322,2,33.96,0.54,77.13,0,0,1,0,1
TXN-00009290,40.32,6,electronics,59,684,1,32.56,20.04,90.02,1,0,1,0,0
TXN-00009291,19.68,22,restaurant,42,1037,0,24.45,5.62,90.77,0,0,0,0,0
TXN-00009292,49.89,3,travel,40,713,4,40.61,12.68,77.54,1,0,1,0,0
TXN-00009293,6.91,11,travel,66,752,2,78.97,12.06,76.38,2,0,1,0,0
TXN-00009294,7.26,3,electronics,49,1791,1,10.0,6.78,71.94,0,0,0,0,0
TXN-00009295,12.48,18,online_shopping,60,992,0,34.89,59.42,93.7,0,0,0,0,0
TXN-00009296,58.38,21,travel,21,1211,3,33.02,13.19,81.38,0,0,1,0,0
TXN-00009297,40.31,19,gaming,71,983,0,25.56,16.26,88.28,1,0,0,0,0
TXN-00009298,121.68,2,restaurant,63,393,1,49.37,13.12,97.0,1,0,1,0,0
TXN-00009299,15.39,6,cash_withdrawal,65,495,1,25.19,0.38,80.27,0,0,1,0,0
TXN-00009300,73.95,8,jewelry,58,1787,2,18.66,19.53,68.19,1,0,1,0,0
TXN-00009301,35.89,2,restaurant,49,1692,1,50.29,4.6,83.67,0,0,1,0,0
TXN-00009302,15.03,12,electronics,48,966,3,13.16,8.54,95.02,0,0,0,1,0
TXN-00009303,60.62,0,fuel,54,596,3,19.01,9.62,71.17,1,0,0,0,0
TXN-00009304,37.74,14,fuel,46,346,3,17.32,27.46,78.46,0,0,1,0,0
TXN-00009305,20.89,13,restaurant,60,2464,1,90.33,2.58,78.66,0,0,1,0,0
TXN-00009306,42.27,14,restaurant,37,479,6,32.98,0.25,53.89,0,1,0,0,0
TXN-00009307,35.3,21,restaurant,62,623,3,12.19,13.38,78.94,0,1,0,0,0
TXN-00009308,34.42,18,online_shopping,37,680,2,35.34,1.25,76.94,1,0,0,0,0
TXN-00009309,26.23,6,pharmacy,45,589,2,14.4,3.0,83.27,1,0,1,0,0
TXN-00009310,10.28,13,gaming,21,923,3,36.05,0.79,69.69,0,1,0,0,1
TXN-00009311,43.75,19,restaurant,70,2318,4,12.55,2.92,94.08,2,1,1,0,0
TXN-00009312,17.41,20,restaurant,57,852,4,11.07,16.63,94.27,0,0,1,0,0
TXN-00009313,13.86,15,electronics,32,1077,1,47.65,23.05,89.27,0,0,0,0,0
TXN-00009314,31.41,2,cash_withdrawal,20,1255,1,19.91,0.12,65.63,2,0,1,0,0
TXN-00009315,87.42,10,electronics,67,1408,1,67.88,1.96,88.92,1,0,1,0,0
TXN-00009316,49.15,20,grocery,18,966,2,10.0,1.07,94.05,0,0,1,0,0
TXN-00009317,23.16,1,grocery,45,561,2,43.63,17.09,68.13,0,0,1,0,0
TXN-00009318,22.2,14,restaurant,19,1262,2,21.76,0.27,79.94,0,0,1,0,0
TXN-00009319,78.85,12,electronics,58,1974,1,48.29,15.44,51.54,3,0,1,0,0
TXN-00009320,5.0,5,grocery,29,339,1,22.79,41.52,77.12,0,0,0,0,0
TXN-00009321,93.43,8,pharmacy,42,661,0,44.58,21.7,87.5,0,0,1,0,0
TXN-00009322,5.65,23,cash_withdrawal,51,1108,0,25.02,35.75,78.15,0,0,0,0,0
TXN-00009323,9.15,14,gaming,39,1287,2,31.93,14.4,98.73,1,1,0,0,1
TXN-00009324,23.57,22,fuel,57,742,1,70.28,0.28,69.88,0,0,1,0,0
TXN-00009325,394.9,11,travel,47,1402,3,31.11,8.86,91.79,0,0,0,0,0
TXN-00009326,235.4,20,electronics,42,1621,3,19.95,27.91,66.81,0,0,1,0,0
TXN-00009327,84.93,14,travel,36,1108,5,16.1,0.09,82.57,0,0,0,0,0
TXN-00009328,58.81,21,electronics,41,1376,0,41.16,0.9,88.08,1,0,0,0,0
TXN-00009329,5.72,7,electronics,36,854,4,62.19,12.96,90.84,0,0,1,0,0
TXN-00009330,47.68,9,jewelry,51,465,0,46.28,16.31,80.59,0,1,0,0,0
TXN-00009331,22.72,0,online_shopping,62,550,0,93.01,23.83,91.33,0,0,0,0,0
TXN-00009332,17.16,5,grocery,52,2162,1,36.3,0.29,68.26,1,1,1,0,1
TXN-00009333,47.59,3,electronics,19,1630,2,20.8,5.15,80.06,0,0,0,0,0
TXN-00009334,24.66,4,fuel,67,529,1,72.73,7.35,77.03,0,0,1,0,0
TXN-00009335,100.76,7,electronics,63,500,4,12.49,4.17,90.21,0,0,1,0,0
TXN-00009336,5.3,20,grocery,65,1277,1,17.74,0.1,64.2,1,0,0,0,0
TXN-00009337,43.76,9,restaurant,20,3036,2,31.52,3.98,79.71,0,0,0,0,0
TXN-00009338,16.07,19,online_shopping,65,983,3,15.4,9.18,74.05,2,1,1,0,0
TXN-00009339,26.31,19,restaurant,45,606,2,42.57,43.57,49.59,1,1,0,0,0
TXN-00009340,55.69,23,restaurant,66,1443,2,22.63,2.45,46.13,0,0,0,0,0
TXN-00009341,12.51,12,electronics,63,1751,2,59.6,2.87,65.48,0,1,1,0,0
TXN-00009342,48.06,20,grocery,69,1277,3,41.17,9.84,47.98,0,1,1,0,0
TXN-00009343,32.36,10,online_shopping,25,1186,3,102.67,7.81,79.2,0,0,0,0,0
TXN-00009344,20.21,15,travel,50,524,1,10.0,26.51,81.62,0,0,1,0,0
TXN-00009345,24.68,19,electronics,60,1457,3,40.73,3.99,94.63,0,0,0,1,0
TXN-00009346,34.39,3,travel,52,1289,5,32.65,9.66,67.15,0,0,1,0,0
TXN-00009347,18.06,1,travel,65,784,3,32.44,2.51,62.46,2,1,1,0,0
TXN-00009348,40.75,3,restaurant,60,437,5,22.85,18.86,85.03,0,0,1,0,0
TXN-00009349,30.2,17,restaurant,20,748,3,37.05,15.78,93.72,0,0,1,0,0
TXN-00009350,21.29,11,electronics,29,945,2,10.0,6.82,85.65,0,0,1,1,0
TXN-00009351,214.72,6,fuel,54,1333,1,10.0,12.56,91.15,3,0,1,0,0
TXN-00009352,62.55,18,electronics,38,1731,4,17.45,53.51,77.82,1,0,1,0,0
TXN-00009353,27.06,0,online_shopping,38,1453,3,10.0,13.87,82.87,2,0,1,0,0
TXN-00009354,47.14,4,online_shopping,70,896,4,38.44,8.18,84.23,0,0,0,0,0
TXN-00009355,13.76,11,cash_withdrawal,23,857,2,15.63,1.93,91.58,0,0,1,0,0
TXN-00009356,25.57,21,grocery,48,1580,1,28.44,2.24,72.94,1,0,1,0,0
TXN-00009357,28.9,17,online_shopping,36,1129,4,35.91,4.03,63.33,1,0,1,0,1
TXN-00009358,10.92,16,online_shopping,21,1281,1,26.74,1.64,71.07,0,0,0,0,0
TXN-00009359,60.75,17,online_shopping,39,788,4,45.51,43.45,77.63,0,0,0,0,0
TXN-00009360,23.79,7,grocery,41,1565,2,21.72,12.85,85.15,0,0,1,1,0
TXN-00009361,27.85,10,travel,44,682,1,28.31,8.35,72.75,1,1,1,0,0
TXN-00009362,22.26,21,online_shopping,27,2311,5,21.17,22.1,65.29,0,0,1,0,0
TXN-00009363,904.2,17,restaurant,60,490,4,54.14,0.34,93.9,0,0,1,0,1
TXN-00009364,20.17,14,online_shopping,38,980,2,12.35,2.92,96.58,0,0,1,0,0
TXN-00009365,5.0,1,fuel,51,466,0,37.59,4.0,87.53,0,0,0,0,0
TXN-00009366,7.54,17,grocery,49,1237,1,79.91,27.91,70.6,0,0,1,0,0
TXN-00009367,89.77,8,grocery,50,1663,1,40.07,16.68,79.37,1,0,1,0,0
TXN-00009368,164.56,9,grocery,47,1285,2,19.95,22.03,68.56,1,0,0,0,1
TXN-00009369,19.77,16,online_shopping,35,766,2,36.6,1.38,73.25,0,0,0,0,0
TXN-00009370,154.92,9,grocery,46,466,2,19.23,26.26,52.42,1,0,0,0,1
TXN-00009371,88.12,13,restaurant,48,761,3,59.73,12.13,59.36,1,0,1,0,0
TXN-00009372,33.15,0,restaurant,19,1303,1,39.59,26.54,92.21,0,0,1,0,0
TXN-00009373,30.77,4,travel,59,552,1,32.77,3.85,71.51,1,0,1,0,0
TXN-00009374,48.91,12,restaurant,43,374,3,73.65,46.43,71.49,2,0,1,0,0
TXN-00009375,101.63,22,online_shopping,34,846,2,30.84,41.76,70.52,2,1,1,0,0
TXN-00009376,61.38,18,travel,19,475,3,11.4,8.2,86.8,0,0,1,0,0
TXN-00009377,19.87,10,online_shopping,35,1102,3,30.64,0.87,92.23,0,0,1,0,0
TXN-00009378,33.69,23,online_shopping,41,897,2,24.56,13.43,74.81,1,0,0,0,0
TXN-00009379,323.86,6,fuel,66,830,1,28.9,22.17,90.05,1,0,1,0,0
TXN-00009380,52.66,21,restaurant,55,2456,4,40.64,6.41,87.06,0,0,1,0,0
TXN-00009381,100.77,9,grocery,42,1184,4,46.34,54.23,72.71,0,0,0,0,0
TXN-00009382,71.3,2,travel,25,327,2,14.54,47.05,72.19,0,0,0,0,0
TXN-00009383,53.89,0,travel,33,202,4,29.79,1.94,94.25,0,0,1,0,0
TXN-00009384,45.34,23,gaming,71,2286,1,25.87,11.2,54.7,1,1,0,0,1
TXN-00009385,103.78,15,fuel,25,975,4,33.78,4.54,66.31,0,0,0,0,1
TXN-00009386,86.02,3,grocery,54,788,4,38.6,15.96,95.83,1,0,1,0,0
TXN-00009387,53.36,23,fuel,47,1064,2,28.15,32.92,75.03,0,0,0,0,1
TXN-00009388,19.52,0,online_shopping,30,502,4,13.33,47.57,95.46,0,0,0,0,0
TXN-00009389,60.63,8,electronics,68,880,0,27.71,8.55,71.72,0,0,1,0,0
TXN-00009390,37.7,17,electronics,40,1542,1,62.79,4.15,58.91,0,0,0,0,0
TXN-00009391,29.26,1,cash_withdrawal,56,813,3,14.27,2.34,68.48,0,0,1,0,0
TXN-00009392,673.65,21,online_shopping,23,713,3,71.3,29.01,92.6,0,0,1,0,0
TXN-00009393,8.04,16,online_shopping,74,635,1,10.0,6.62,91.14,0,0,0,0,0
TXN-00009394,110.66,22,travel,19,1425,4,33.49,1.76,91.27,0,0,1,0,1
TXN-00009395,16.35,20,restaurant,36,1115,2,19.71,10.33,86.68,1,0,0,0,0
TXN-00009396,46.42,19,grocery,71,2289,1,28.98,17.91,98.22,0,0,1,0,0
TXN-00009397,600.05,5,gaming,54,2112,4,47.16,3.43,87.43,0,0,0,0,0
TXN-00009398,14.72,4,pharmacy,57,842,3,54.02,3.19,86.35,0,0,1,0,0
TXN-00009399,18.91,5,online_shopping,36,1264,1,67.46,9.67,81.08,0,1,1,0,0
TXN-00009400,39.71,3,electronics,63,771,3,10.71,2.25,83.12,0,0,1,0,0
TXN-00009401,16.62,15,pharmacy,72,710,4,16.56,13.08,74.43,0,1,1,0,0
TXN-00009402,102.34,1,electronics,54,685,2,20.19,24.17,79.62,0,0,0,0,1
TXN-00009403,23.07,10,grocery,30,647,3,17.95,4.14,87.68,0,0,0,0,0
TXN-00009404,80.38,13,fuel,70,1548,1,38.59,37.93,91.8,0,0,1,0,0
TXN-00009405,10.02,12,grocery,18,705,4,49.07,54.07,98.3,0,0,0,0,0
TXN-00009406,6.07,11,pharmacy,69,782,1,10.0,11.81,88.38,0,0,1,0,0
TXN-00009407,31.8,5,travel,18,1105,5,14.38,3.54,91.46,1,0,1,0,0
TXN-00009408,7.79,2,restaurant,21,1056,1,26.23,24.75,84.01,1,0,0,0,0
TXN-00009409,199.17,23,fuel,20,1005,3,29.04,24.36,69.61,0,0,0,1,0
TXN-00009410,8.11,11,jewelry,28,1680,1,81.61,7.07,93.75,0,0,1,0,0
TXN-00009411,13.6,14,cash_withdrawal,60,696,1,13.1,7.09,51.7,4,0,0,0,0
TXN-00009412,62.45,13,pharmacy,40,646,2,20.47,4.5,66.41,2,0,1,0,0
TXN-00009413,21.85,8,gaming,22,150,1,68.04,3.39,81.03,0,0,1,0,0
TXN-00009414,8.21,17,travel,37,1280,1,20.84,8.18,83.17,0,1,0,0,0
TXN-00009415,344.45,9,grocery,75,1259,0,46.69,0.83,96.13,1,0,1,0,0
TXN-00009416,14.13,9,fuel,48,1603,2,21.43,9.56,58.96,3,0,0,0,0
TXN-00009417,32.92,19,restaurant,60,838,1,24.49,10.63,98.05,0,0,1,0,0
TXN-00009418,32.47,7,grocery,33,908,3,42.05,67.37,96.42,0,0,1,0,0
TXN-00009419,85.27,16,restaurant,48,1515,3,24.3,6.5,82.15,0,0,1,0,0
TXN-00009420,65.72,15,grocery,64,757,2,17.91,17.6,75.77,0,0,1,0,0
TXN-00009421,16.98,0,pharmacy,57,966,3,45.8,19.11,41.48,1,0,0,1,1
TXN-00009422,28.73,16,online_shopping,18,1665,2,16.14,8.27,92.0,1,1,0,0,0
TXN-00009423,31.87,19,electronics,53,1240,1,47.38,1.9,85.39,0,0,1,0,0
TXN-00009424,88.8,6,grocery,63,822,4,23.08,4.71,49.05,3,0,0,0,0
TXN-00009425,11.86,21,travel,25,1498,3,16.0,19.15,93.42,0,0,0,0,0
TXN-00009426,336.64,0,cash_withdrawal,40,922,0,50.19,6.34,76.1,0,0,1,0,0
TXN-00009427,18.23,4,restaurant,55,1515,3,21.77,10.63,91.72,0,0,1,0,0
TXN-00009428,40.08,22,travel,18,1113,1,25.52,12.63,69.51,1,0,1,0,0
TXN-00009429,11.97,20,restaurant,59,741,2,10.0,4.89,62.76,0,1,1,0,0
TXN-00009430,10.35,18,travel,67,526,4,13.52,2.02,87.83,0,0,0,0,0
TXN-00009431,16.15,14,restaurant,48,1388,1,61.47,13.19,80.66,0,1,0,0,0
TXN-00009432,14.6,4,fuel,43,1456,2,32.79,8.86,83.65,1,1,1,0,1
TXN-00009433,26.18,11,fuel,23,1776,1,61.15,2.86,67.8,1,0,1,0,0
TXN-00009434,14.47,13,restaurant,60,1301,4,27.26,0.33,74.34,0,0,1,1,0
TXN-00009435,83.96,2,jewelry,72,874,3,30.51,4.4,76.87,1,0,1,0,0
TXN-00009436,17.78,14,cash_withdrawal,68,1092,3,85.64,6.35,92.87,0,0,1,1,0
TXN-00009437,15.82,2,jewelry,49,996,1,38.31,4.93,83.51,0,1,1,0,0
TXN-00009438,26.77,3,cash_withdrawal,19,859,1,84.68,10.09,97.4,0,0,1,0,0
TXN-00009439,114.72,4,fuel,34,492,1,21.61,16.03,63.15,0,0,1,0,0
TXN-00009440,50.68,4,online_shopping,33,532,1,24.73,3.23,93.43,0,0,0,0,0
TXN-00009441,36.43,1,restaurant,18,1412,1,17.65,4.99,65.99,0,0,1,1,0
TXN-00009442,8.98,22,fuel,24,629,3,41.69,2.47,91.49,3,0,1,1,0
TXN-00009443,12.18,19,online_shopping,51,836,3,16.21,5.85,92.89,0,1,1,0,0
TXN-00009444,10.57,12,fuel,23,382,4,87.29,15.0,78.0,0,0,1,0,0
TXN-00009445,159.52,8,online_shopping,20,400,3,10.11,9.08,70.71,0,0,1,0,0
TXN-00009446,70.6,4,electronics,72,636,3,29.09,7.32,76.14,0,0,1,0,0
TXN-00009447,16.37,22,grocery,53,1386,1,19.99,19.75,50.81,1,0,1,0,0
TXN-00009448,22.36,19,pharmacy,64,1426,2,34.54,8.99,71.4,0,0,0,0,0
TXN-00009449,17.0,18,gaming,32,1061,1,17.82,1.33,85.41,0,0,0,0,0
TXN-00009450,15.96,11,travel,39,681,4,33.75,28.68,71.05,0,0,0,0,0
TXN-00009451,65.58,0,fuel,53,1865,3,38.02,36.4,80.48,1,0,0,1,0
TXN-00009452,29.91,15,pharmacy,57,828,1,41.77,6.45,84.4,1,0,0,0,0
TXN-00009453,359.68,11,grocery,39,1950,6,92.13,4.43,56.46,0,0,1,0,0
TXN-00009454,150.34,7,travel,71,1173,4,28.33,15.49,81.59,0,0,1,0,0
TXN-00009455,159.96,7,grocery,58,1550,1,24.43,14.84,78.16,1,0,0,0,0
TXN-00009456,81.85,1,pharmacy,30,1554,2,25.89,5.11,60.68,0,0,0,0,1
TXN-00009457,25.95,20,gaming,23,324,3,11.4,18.2,97.27,0,0,1,0,0
TXN-00009458,75.77,3,online_shopping,18,524,2,54.76,3.49,85.32,3,0,0,1,1
TXN-00009459,28.04,19,grocery,66,797,1,15.54,0.65,55.8,0,0,1,0,0
TXN-00009460,224.03,23,online_shopping,65,635,0,58.34,8.28,84.99,0,0,0,1,1
TXN-00009461,61.84,1,restaurant,45,1209,5,16.55,7.7,82.74,0,1,1,0,0
TXN-00009462,53.28,14,gaming,59,1258,2,10.0,16.64,93.5,1,0,1,0,0
TXN-00009463,46.22,1,travel,69,759,3,10.0,13.94,89.38,0,0,1,1,1
TXN-00009464,251.46,19,electronics,27,716,2,52.06,6.18,79.79,0,0,0,0,1
TXN-00009465,8.98,12,gaming,74,1495,0,67.92,17.43,91.67,1,0,1,0,0
TXN-00009466,278.72,0,fuel,46,723,3,37.56,8.4,77.11,1,0,1,0,0
TXN-00009467,33.27,18,grocery,43,1629,1,15.06,29.84,97.99,0,0,1,0,0
TXN-00009468,9.24,18,online_shopping,27,1076,2,13.71,9.81,56.39,0,0,0,0,0
TXN-00009469,18.36,22,fuel,57,1078,4,21.85,1.01,62.18,1,0,1,1,0
TXN-00009470,7.15,11,grocery,52,567,1,53.25,27.89,54.77,0,0,1,0,0
TXN-00009471,80.35,22,restaurant,19,1343,0,24.61,18.21,84.81,2,0,1,0,0
TXN-00009472,13.6,15,online_shopping,55,517,0,11.3,25.55,63.62,0,0,1,0,0
TXN-00009473,48.28,12,electronics,26,1342,2,16.51,10.91,85.76,1,0,0,0,1
TXN-00009474,133.08,8,restaurant,34,1255,2,33.44,0.83,78.64,0,1,0,0,1
TXN-00009475,19.97,7,fuel,53,1270,1,64.66,8.54,91.9,0,1,0,0,0
TXN-00009476,30.52,14,fuel,63,1253,1,44.53,45.51,71.85,0,1,1,0,0
TXN-00009477,10.29,17,restaurant,25,1492,5,17.0,4.86,93.4,0,0,1,0,0
TXN-00009478,26.9,0,online_shopping,45,1190,4,28.94,10.73,81.34,1,0,1,0,0
TXN-00009479,603.49,9,restaurant,34,331,2,57.13,25.26,65.5,1,0,0,0,0
TXN-00009480,91.54,1,fuel,58,1129,4,28.57,26.85,66.47,0,0,0,1,1
TXN-00009481,30.63,9,cash_withdrawal,66,608,2,10.37,1.23,83.19,0,0,0,0,0
TXN-00009482,21.28,19,cash_withdrawal,55,438,1,18.92,0.88,91.94,0,0,0,0,0
TXN-00009483,38.68,16,pharmacy,64,557,1,10.0,9.2,84.25,1,1,1,0,0
TXN-00009484,46.37,2,fuel,44,686,3,36.07,29.38,72.63,3,0,1,1,0
TXN-00009485,26.05,17,restaurant,52,1287,1,69.52,21.24,48.68,1,0,0,0,0
TXN-00009486,70.57,0,fuel,34,834,6,77.34,57.19,85.3,1,0,1,0,0
TXN-00009487,14.86,0,gaming,75,1478,1,28.4,46.49,94.53,0,0,1,0,0
TXN-00009488,14.79,21,online_shopping,29,656,3,16.66,5.1,88.3,0,0,1,0,0
TXN-00009489,59.66,0,fuel,71,848,1,25.75,33.95,73.02,1,0,1,0,0
TXN-00009490,11.86,6,online_shopping,61,672,3,32.6,3.05,91.19,0,0,1,0,0
TXN-00009491,86.96,3,pharmacy,75,272,5,66.55,3.54,77.06,0,0,1,0,0
TXN-00009492,39.85,13,electronics,55,976,3,37.62,3.07,87.29,0,1,1,1,0
TXN-00009493,5.93,12,gaming,38,2837,2,10.0,13.02,59.91,1,0,0,1,0
TXN-00009494,45.38,20,grocery,34,447,2,50.07,3.7,84.52,0,0,1,0,0
TXN-00009495,6.89,23,online_shopping,28,1347,6,10.0,12.52,78.18,1,0,0,0,0
TXN-00009496,83.77,17,pharmacy,74,1497,1,33.67,7.05,95.6,0,0,1,0,0
TXN-00009497,31.15,11,grocery,24,1001,4,88.57,9.05,56.03,1,0,1,0,0
TXN-00009498,282.49,1,gaming,64,476,3,10.32,9.83,87.24,0,0,0,0,1
TXN-00009499,124.57,22,grocery,58,2421,3,27.46,1.41,75.09,0,0,0,0,0
TXN-00009500,13.28,13,electronics,25,1244,1,28.49,24.41,64.29,0,1,1,0,0
TXN-00009501,5.0,5,fuel,71,1947,2,29.83,11.14,78.22,0,1,1,0,0
TXN-00009502,18.3,13,fuel,27,367,3,50.78,3.91,67.83,0,0,1,0,0
TXN-00009503,11.22,9,grocery,27,703,3,19.17,2.52,80.31,1,0,0,0,0
TXN-00009504,275.07,8,cash_withdrawal,49,452,1,46.15,4.65,76.23,1,0,1,0,0
TXN-00009505,40.01,10,grocery,23,1574,2,25.02,17.84,72.84,1,0,1,0,0
TXN-00009506,107.78,18,restaurant,23,366,2,32.37,31.23,78.88,0,0,1,0,0
TXN-00009507,29.99,3,fuel,54,893,5,11.98,14.73,81.74,2,1,0,0,1
TXN-00009508,33.49,23,gaming,73,843,3,59.85,5.03,91.11,1,0,1,0,0
TXN-00009509,39.09,1,cash_withdrawal,21,307,1,33.13,0.2,93.94,0,0,1,0,1
TXN-00009510,129.27,3,jewelry,55,1300,4,43.83,56.35,74.81,1,0,0,0,1
TXN-00009511,56.1,16,electronics,52,1183,2,62.0,24.08,91.52,1,0,0,0,0
TXN-00009512,13.33,3,travel,21,681,1,24.84,15.13,84.9,2,0,0,0,0
TXN-00009513,222.21,18,restaurant,26,1946,1,25.4,11.22,93.05,0,0,0,0,0
TXN-00009514,29.74,17,online_shopping,43,342,4,10.0,11.24,87.67,0,0,0,0,0
TXN-00009515,25.07,10,restaurant,58,246,1,33.52,3.82,58.43,0,1,1,0,0
TXN-00009516,5.0,10,fuel,30,1026,0,72.88,0.79,65.09,0,0,1,0,0
TXN-00009517,78.74,23,pharmacy,43,557,3,28.85,3.54,65.41,0,1,0,0,0
TXN-00009518,44.97,19,pharmacy,46,912,3,17.44,17.82,96.17,0,0,1,0,0
TXN-00009519,44.92,15,restaurant,59,1687,1,53.25,1.2,61.63,1,0,0,0,0
TXN-00009520,26.5,3,cash_withdrawal,32,436,2,11.77,29.05,74.6,0,0,1,0,0
TXN-00009521,22.11,14,pharmacy,57,1584,2,20.14,4.2,89.74,0,0,0,0,0
TXN-00009522,27.44,0,electronics,66,455,1,19.35,8.18,85.67,1,0,1,0,0
TXN-00009523,65.78,6,online_shopping,51,751,1,53.39,25.16,73.96,0,1,0,0,0
TXN-00009524,79.13,16,electronics,59,1754,3,34.74,38.78,66.91,0,1,0,1,1
TXN-00009525,31.73,9,gaming,27,1315,3,20.42,1.47,80.99,1,1,1,0,0
TXN-00009526,109.55,23,grocery,70,581,4,21.48,22.34,55.75,0,0,1,0,1
TXN-00009527,37.23,22,pharmacy,35,1123,1,33.48,53.39,72.0,2,0,1,1,0
TXN-00009528,23.82,2,electronics,29,721,2,34.13,0.91,89.73,1,0,0,0,0
TXN-00009529,49.82,21,electronics,49,774,5,33.01,8.7,91.24,0,0,0,0,0
TXN-00009530,9.71,20,grocery,40,847,1,19.4,5.31,82.82,0,0,0,0,0
TXN-00009531,51.64,2,grocery,44,1220,0,60.31,0.47,49.23,1,1,1,0,0
TXN-00009532,8.01,9,online_shopping,64,991,3,84.59,0.74,63.78,1,0,0,0,0
TXN-00009533,13.75,22,travel,49,859,0,75.2,7.95,48.59,1,0,0,0,0
TXN-00009534,5.0,0,grocery,39,874,4,66.32,10.97,92.71,0,0,1,0,0
TXN-00009535,33.65,1,cash_withdrawal,64,1062,3,140.6,2.64,86.16,0,0,0,0,0
TXN-00009536,219.23,12,restaurant,39,966,3,19.03,8.55,86.46,1,0,1,0,0
TXN-00009537,35.77,22,restaurant,73,704,1,19.82,1.45,75.5,1,0,0,0,0
TXN-00009538,79.5,6,grocery,75,1078,1,12.14,24.28,88.72,0,1,1,0,0
TXN-00009539,478.15,18,fuel,45,1176,2,25.7,17.32,86.16,0,0,1,1,0
TXN-00009540,61.82,16,grocery,62,1093,2,13.4,0.28,65.89,1,0,1,1,0
TXN-00009541,18.11,3,grocery,59,1476,4,70.87,1.32,75.03,2,0,1,0,0
TXN-00009542,20.93,6,restaurant,67,673,4,34.65,16.59,83.84,0,0,0,0,0
TXN-00009543,40.48,14,grocery,44,656,3,24.25,0.71,79.05,0,0,0,0,0
TXN-00009544,20.81,11,grocery,41,1824,5,14.8,11.56,83.47,0,0,0,0,0
TXN-00009545,22.51,5,grocery,34,595,3,13.09,54.85,96.24,3,0,1,0,0
TXN-00009546,113.81,4,restaurant,51,816,4,21.4,16.42,69.21,1,0,1,0,0
TXN-00009547,118.8,13,online_shopping,53,268,2,86.24,30.59,96.56,0,0,0,1,0
TXN-00009548,7.18,19,restaurant,44,457,1,63.3,5.08,89.81,0,0,1,0,0
TXN-00009549,17.13,9,online_shopping,36,754,1,49.19,0.22,91.2,0,0,1,0,0
TXN-00009550,24.85,22,online_shopping,44,733,0,10.0,16.03,83.52,1,0,1,0,0
TXN-00009551,75.87,16,electronics,47,832,2,28.21,5.75,92.19,0,1,0,0,1
TXN-00009552,134.32,9,restaurant,25,2045,3,25.58,14.21,71.97,1,0,1,0,0
TXN-00009553,690.26,16,pharmacy,56,322,2,19.09,1.68,67.49,2,1,0,1,0
TXN-00009554,24.8,10,fuel,66,933,4,31.13,0.31,73.42,1,0,1,0,0
TXN-00009555,26.14,18,fuel,36,877,2,16.7,1.5,92.52,0,0,0,0,0
TXN-00009556,75.04,23,electronics,40,2214,4,21.16,55.44,78.42,0,0,0,1,1
TXN-00009557,19.76,18,gaming,23,1408,3,17.08,5.3,66.52,0,0,1,0,0
TXN-00009558,34.88,3,online_shopping,51,725,2,19.83,3.64,96.09,0,0,1,0,0
TXN-00009559,26.16,1,cash_withdrawal,42,1802,3,10.0,12.27,59.76,0,0,1,0,1
TXN-00009560,5.0,19,jewelry,67,692,1,31.51,27.14,83.9,0,0,1,0,0
TXN-00009561,46.03,20,restaurant,70,1468,5,45.08,6.08,70.16,0,0,1,0,0
TXN-00009562,33.4,13,online_shopping,62,1943,3,17.8,6.46,73.17,0,0,1,0,0
TXN-00009563,153.67,5,grocery,30,993,3,62.11,3.6,84.92,2,0,1,0,0
TXN-00009564,40.68,21,restaurant,29,515,5,17.05,1.48,87.64,0,0,0,0,0
TXN-00009565,10.83,10,restaurant,46,305,2,13.56,10.07,85.76,1,0,0,0,0
TXN-00009566,30.85,7,grocery,53,1012,2,59.38,7.59,63.72,0,0,0,0,0
TXN-00009567,5.0,8,fuel,19,1437,4,21.28,14.8,77.83,0,0,1,0,0
TXN-00009568,11.34,7,grocery,46,3137,0,34.91,14.04,83.77,2,1,1,0,0
TXN-00009569,78.83,6,grocery,23,1704,0,11.59,0.85,86.37,0,0,0,0,0
TXN-00009570,31.2,7,cash_withdrawal,33,955,0,27.05,30.47,83.11,0,0,0,1,0
TXN-00009571,106.55,16,online_shopping,38,499,1,24.32,9.64,90.34,2,0,0,0,0
TXN-00009572,5.13,0,grocery,20,872,4,23.43,23.22,72.97,1,0,1,0,0
TXN-00009573,31.36,8,online_shopping,33,2031,3,23.71,8.41,60.23,0,0,1,1,0
TXN-00009574,24.55,4,online_shopping,54,2420,2,33.82,3.66,77.42,2,0,0,0,0
TXN-00009575,110.35,15,electronics,75,688,1,32.33,1.76,91.46,1,0,1,0,0
TXN-00009576,81.97,23,restaurant,63,829,2,41.94,19.23,71.26,0,1,0,0,0
TXN-00009577,79.39,18,cash_withdrawal,35,1863,5,10.0,5.26,64.88,0,0,0,0,1
TXN-00009578,204.07,5,grocery,72,1806,1,79.44,27.05,90.09,1,0,0,0,0
TXN-00009579,27.48,12,restaurant,43,705,3,25.98,2.64,81.64,0,0,0,0,0
TXN-00009580,164.32,0,travel,38,1344,3,21.37,10.85,89.81,1,1,0,0,1
TXN-00009581,13.51,9,cash_withdrawal,67,729,2,37.46,7.07,79.24,1,0,0,0,0
TXN-00009582,13.0,6,cash_withdrawal,41,1620,3,26.63,19.67,94.95,1,0,1,0,0
TXN-00009583,89.16,12,restaurant,60,950,3,32.32,4.43,72.96,0,0,0,0,0
TXN-00009584,8.33,9,electronics,27,788,3,23.48,5.21,72.3,0,0,0,0,0
TXN-00009585,73.8,16,grocery,37,1406,5,43.45,0.79,94.66,0,0,0,0,0
TXN-00009586,44.99,13,pharmacy,75,987,3,10.53,2.95,85.41,0,0,1,0,0
TXN-00009587,124.64,22,online_shopping,32,1388,4,35.0,7.82,75.82,0,0,0,0,0
TXN-00009588,38.0,1,grocery,67,534,0,21.52,1.01,76.94,0,0,0,0,1
TXN-00009589,42.9,22,grocery,45,598,3,10.0,10.96,93.38,1,0,0,0,0
TXN-00009590,69.04,18,fuel,73,906,3,61.43,0.45,69.21,1,0,0,0,0
TXN-00009591,20.17,17,restaurant,42,634,3,23.46,0.3,86.42,1,0,0,0,0
TXN-00009592,19.27,19,travel,46,754,6,57.91,6.65,81.65,0,0,0,0,0
TXN-00009593,66.56,1,gaming,40,919,3,48.06,25.79,79.63,2,1,1,1,1
TXN-00009594,39.22,5,travel,30,676,3,18.53,8.2,83.13,0,0,1,0,0
TXN-00009595,26.37,0,grocery,66,1996,2,63.92,18.31,52.93,0,0,0,0,0
TXN-00009596,37.08,19,fuel,51,611,4,25.73,0.29,77.26,0,0,1,0,0
TXN-00009597,215.79,8,fuel,47,892,3,19.37,3.88,81.07,0,0,1,0,0
TXN-00009598,25.4,8,gaming,39,902,0,15.72,22.71,81.25,0,1,1,0,1
TXN-00009599,24.64,14,grocery,62,1009,6,17.8,82.95,69.56,0,0,1,0,0
TXN-00009600,6.73,10,gaming,38,787,4,38.12,17.44,74.27,1,0,0,0,1
TXN-00009601,38.69,15,restaurant,31,1468,2,18.56,5.76,65.56,2,0,0,0,0
TXN-00009602,80.62,22,cash_withdrawal,22,1515,2,39.58,11.99,97.19,0,0,1,0,0
TXN-00009603,97.32,7,online_shopping,68,687,1,21.47,2.04,89.74,1,0,1,0,0
TXN-00009604,45.31,21,restaurant,22,1576,0,55.59,4.22,82.22,1,0,0,0,0
TXN-00009605,110.35,12,grocery,67,670,1,23.33,46.55,78.17,0,0,0,0,0
TXN-00009606,87.16,9,online_shopping,39,894,0,26.53,12.96,76.43,1,0,1,0,0
TXN-00009607,130.14,22,fuel,18,948,2,27.4,6.2,91.43,0,0,0,0,0
TXN-00009608,113.69,11,online_shopping,71,488,3,33.76,9.39,86.42,0,0,0,0,0
TXN-00009609,210.29,3,travel,60,651,0,30.69,1.38,99.13,0,0,0,0,0
TXN-00009610,33.85,6,cash_withdrawal,59,405,0,16.09,16.24,75.64,0,0,1,0,0
TXN-00009611,10.04,20,fuel,49,1007,1,103.29,61.89,83.55,0,0,1,0,0
TXN-00009612,81.2,12,cash_withdrawal,62,507,1,45.83,19.38,96.8,0,0,0,0,0
TXN-00009613,91.8,13,jewelry,25,1914,2,54.7,2.77,88.08,0,0,0,0,0
TXN-00009614,210.29,16,restaurant,31,734,7,64.4,11.07,82.81,1,0,1,0,0
TXN-00009615,155.3,4,restaurant,49,1367,2,26.1,5.34,98.67,0,0,1,0,1
TXN-00009616,311.92,2,fuel,60,1323,1,51.26,4.42,64.3,0,0,1,0,0
TXN-00009617,77.54,10,restaurant,52,648,2,72.07,10.73,59.95,0,1,1,0,0
TXN-00009618,51.43,22,online_shopping,41,744,1,75.71,0.5,48.47,0,0,1,0,0
TXN-00009619,9.45,3,jewelry,56,740,2,55.07,3.98,49.98,1,0,1,0,0
TXN-00009620,55.9,17,jewelry,21,1078,4,25.97,4.97,86.74,0,1,0,0,0
TXN-00009621,22.64,23,online_shopping,47,2905,3,72.01,0.85,89.3,1,1,1,0,1
TXN-00009622,50.51,2,fuel,40,1052,4,13.06,3.27,67.31,0,0,1,1,1
TXN-00009623,42.83,3,travel,46,715,3,19.77,23.6,84.2,2,0,0,0,0
TXN-00009624,66.37,20,pharmacy,25,1098,6,10.0,1.17,81.35,0,0,0,0,0
TXN-00009625,36.52,2,fuel,70,508,3,25.53,2.3,94.17,1,0,0,0,0
TXN-00009626,107.96,17,grocery,67,614,5,22.87,4.7,96.19,1,0,1,1,0
TXN-00009627,5.0,19,online_shopping,72,1929,3,22.04,0.98,69.16,2,0,1,0,0
TXN-00009628,49.38,7,restaurant,66,827,3,26.0,9.47,83.03,0,0,1,0,0
TXN-00009629,142.97,6,travel,56,599,2,14.68,3.47,92.68,0,0,1,0,0
TXN-00009630,288.17,12,travel,34,462,1,44.99,10.41,97.62,0,0,1,0,0
TXN-00009631,87.23,12,fuel,24,914,2,25.93,2.09,69.97,0,0,1,0,0
TXN-00009632,237.25,20,travel,53,480,3,24.25,3.77,86.25,1,0,1,0,0
TXN-00009633,48.3,14,fuel,72,1635,4,12.54,4.07,70.16,2,0,1,0,0
TXN-00009634,40.57,23,cash_withdrawal,39,1320,2,15.43,12.44,92.81,0,0,1,0,0
TXN-00009635,70.52,5,restaurant,75,696,2,16.29,33.48,69.84,0,0,1,0,0
TXN-00009636,40.31,6,grocery,26,2144,2,40.76,63.38,61.35,0,0,0,0,0
TXN-00009637,17.79,5,jewelry,34,741,4,180.35,29.59,58.77,1,0,1,0,0
TXN-00009638,23.55,15,restaurant,55,826,1,35.03,22.24,68.53,0,0,1,0,0
TXN-00009639,12.58,0,restaurant,46,621,5,49.83,3.82,74.57,0,0,1,0,0
TXN-00009640,70.44,20,restaurant,62,1265,2,52.27,8.84,92.1,0,0,0,0,0
TXN-00009641,40.93,18,online_shopping,38,508,1,10.4,5.78,78.02,0,0,0,0,0
TXN-00009642,27.71,23,gaming,62,714,1,63.29,4.6,82.33,2,1,0,1,1
TXN-00009643,22.31,23,pharmacy,35,658,0,35.3,6.11,87.53,0,0,1,1,0
TXN-00009644,68.74,1,travel,26,1049,3,60.08,2.19,97.72,0,0,1,0,0
TXN-00009645,91.79,17,travel,50,432,0,15.37,10.5,77.44,0,0,0,0,0
TXN-00009646,12.34,12,pharmacy,47,866,5,35.79,18.78,73.27,0,0,1,0,0
TXN-00009647,10.46,17,jewelry,50,1632,3,47.03,37.06,75.64,1,0,1,0,0
TXN-00009648,110.19,20,cash_withdrawal,19,473,2,28.28,14.8,67.43,0,0,1,1,1
TXN-00009649,9.55,13,grocery,41,1301,2,14.16,4.33,86.53,0,1,1,0,0
TXN-00009650,71.87,0,restaurant,23,1435,4,10.0,12.65,81.23,1,1,1,0,1
TXN-00009651,220.91,20,online_shopping,64,844,3,47.42,1.58,84.74,0,0,1,0,0
TXN-00009652,221.45,10,electronics,22,259,2,43.59,35.46,79.62,2,0,1,0,0
TXN-00009653,87.77,11,grocery,72,1274,1,19.09,20.3,79.24,2,0,0,1,0
TXN-00009654,85.14,14,online_shopping,21,1606,0,50.79,23.66,87.06,2,1,1,0,0
TXN-00009655,430.31,21,fuel,53,2058,4,20.81,1.89,58.25,1,0,0,0,1
TXN-00009656,5.0,12,online_shopping,37,966,6,15.74,1.43,84.9,1,0,1,0,0
TXN-00009657,24.84,4,cash_withdrawal,24,340,3,39.37,14.55,81.13,0,1,0,1,1
TXN-00009658,98.58,17,gaming,38,1263,1,10.0,1.48,79.66,1,0,0,0,0
TXN-00009659,28.38,15,travel,20,373,4,34.17,16.8,69.42,0,0,0,0,0
TXN-00009660,148.68,1,grocery,58,1170,3,10.0,48.51,91.28,0,0,1,0,0
TXN-00009661,38.81,12,fuel,68,1372,3,13.98,7.05,71.41,0,0,0,0,0
TXN-00009662,46.45,18,grocery,37,1657,0,23.25,34.68,93.69,1,0,1,0,0
TXN-00009663,30.31,21,restaurant,43,721,4,47.14,8.32,82.85,0,0,1,0,0
TXN-00009664,23.37,6,gaming,26,548,2,10.0,3.68,86.91,0,0,1,0,0
TXN-00009665,22.77,12,online_shopping,45,974,3,48.02,17.78,69.52,0,0,0,0,0
TXN-00009666,53.77,19,pharmacy,72,432,3,64.51,1.25,86.81,0,0,0,0,0
TXN-00009667,17.93,14,travel,49,763,2,34.98,11.5,82.16,1,0,0,0,0
TXN-00009668,110.04,10,online_shopping,68,651,3,26.63,3.49,86.25,1,0,1,0,0
TXN-00009669,80.31,4,grocery,63,1502,1,29.38,10.6,82.07,0,0,1,0,1
TXN-00009670,128.3,1,electronics,25,1847,0,11.75,13.1,79.65,0,0,1,0,0
TXN-00009671,12.36,16,grocery,21,1218,3,28.89,3.16,84.64,1,0,0,0,0
TXN-00009672,6.79,23,gaming,39,1409,2,36.53,8.44,88.52,0,0,1,0,0
TXN-00009673,40.27,14,restaurant,72,978,2,324.99,8.39,88.77,0,0,1,1,0
TXN-00009674,848.73,18,electronics,27,938,3,68.88,3.72,73.04,0,0,1,0,1
TXN-00009675,152.86,16,online_shopping,20,380,2,26.83,19.4,97.77,0,0,0,0,0
TXN-00009676,22.6,8,restaurant,73,1110,0,15.59,5.42,69.49,0,0,0,0,0
TXN-00009677,63.16,12,restaurant,29,1362,3,37.27,4.35,97.78,4,0,1,0,0
TXN-00009678,86.83,6,gaming,38,810,3,28.79,5.27,84.71,1,1,1,0,0
TXN-00009679,9.61,5,grocery,63,829,1,37.88,10.61,55.18,1,1,1,0,0
TXN-00009680,170.39,14,grocery,23,272,4,15.2,1.6,56.43,1,0,0,0,0
TXN-00009681,33.93,15,electronics,27,840,5,10.13,5.35,86.36,1,0,1,0,0
TXN-00009682,36.77,23,travel,60,1509,2,38.44,2.35,66.65,0,1,0,0,0
TXN-00009683,41.47,5,grocery,18,1081,4,21.75,35.78,80.7,1,0,0,0,0
TXN-00009684,134.53,6,pharmacy,59,891,4,29.54,15.22,62.65,0,0,1,0,0
TXN-00009685,18.3,3,fuel,49,494,1,14.77,10.83,86.68,0,0,1,0,0
TXN-00009686,6.74,22,online_shopping,31,711,0,60.83,13.03,82.13,1,0,1,0,0
TXN-00009687,56.78,18,cash_withdrawal,53,641,2,12.96,17.15,66.78,0,0,1,0,0
TXN-00009688,5.0,7,electronics,36,527,1,51.61,0.62,73.18,0,0,1,0,0
TXN-00009689,29.48,23,online_shopping,73,1078,5,28.64,7.34,75.24,0,0,0,0,0
TXN-00009690,140.64,16,restaurant,42,726,2,25.59,15.43,71.04,1,0,1,0,0
TXN-00009691,74.3,11,electronics,61,1435,3,33.28,34.35,97.14,1,1,1,1,0
TXN-00009692,120.84,9,grocery,33,896,3,25.95,17.37,86.17,0,1,0,0,0
TXN-00009693,77.58,13,grocery,66,2187,1,24.39,1.2,85.33,1,1,1,1,0
TXN-00009694,508.19,2,cash_withdrawal,34,719,3,29.2,2.36,76.74,1,0,1,0,0
TXN-00009695,21.81,4,electronics,47,1615,2,21.58,19.9,96.81,1,0,0,0,0
TXN-00009696,61.44,22,travel,64,1783,2,36.45,21.77,96.81,0,0,0,0,0
TXN-00009697,25.53,4,fuel,71,685,0,69.07,1.88,89.69,1,0,0,0,0
TXN-00009698,110.46,3,online_shopping,61,859,3,154.68,12.46,64.23,1,0,0,1,1
TXN-00009699,37.91,20,restaurant,56,756,3,57.36,13.21,72.75,0,0,1,0,0
TXN-00009700,245.87,22,gaming,58,666,3,46.4,20.95,84.27,1,0,0,0,0
TXN-00009701,23.17,19,online_shopping,41,1246,1,10.0,27.12,63.46,1,1,0,0,0
TXN-00009702,177.24,2,restaurant,57,1318,0,27.08,83.1,83.93,1,0,0,0,1
TXN-00009703,75.4,20,online_shopping,51,635,3,19.24,4.68,75.41,0,1,0,0,1
TXN-00009704,39.09,6,electronics,48,628,3,11.06,9.96,91.07,0,0,0,1,1
TXN-00009705,71.49,0,pharmacy,36,910,3,58.48,0.53,77.92,1,0,0,0,0
TXN-00009706,53.21,22,restaurant,38,895,4,10.19,7.33,79.91,0,0,1,0,0
TXN-00009707,58.78,6,electronics,25,379,3,17.55,15.34,81.36,0,0,0,1,0
TXN-00009708,32.55,15,electronics,59,1260,1,10.0,5.08,81.08,0,0,1,0,0
TXN-00009709,19.36,1,restaurant,19,348,0,27.34,76.2,93.56,1,0,1,0,0
TXN-00009710,28.45,4,fuel,24,596,2,62.73,13.39,85.61,1,1,0,0,0
TXN-00009711,6.91,21,travel,34,996,3,13.52,3.02,65.91,1,0,0,0,0
TXN-00009712,97.91,14,travel,26,1251,4,21.2,23.65,78.38,1,0,1,0,0
TXN-00009713,11.06,23,online_shopping,61,577,4,50.43,25.53,66.18,0,0,0,0,0
TXN-00009714,32.18,4,restaurant,25,845,4,67.87,24.94,56.29,0,0,0,0,0
TXN-00009715,79.87,21,online_shopping,44,726,3,30.28,0.62,72.7,1,0,1,1,0
TXN-00009716,97.65,20,restaurant,60,173,1,13.38,17.04,93.41,0,0,1,0,0
TXN-00009717,6.28,22,online_shopping,52,744,2,24.33,9.28,83.96,0,0,1,0,0
TXN-00009718,36.73,1,gaming,52,516,5,22.71,4.02,82.06,0,0,0,0,0
TXN-00009719,65.54,2,grocery,37,899,5,20.2,8.03,71.18,3,0,0,0,0
TXN-00009720,42.72,12,travel,44,474,1,12.69,41.72,73.01,2,0,1,0,0
TXN-00009721,165.88,2,electronics,62,715,2,47.74,2.72,86.85,0,0,1,0,0
TXN-00009722,17.07,1,pharmacy,45,845,4,23.91,36.51,69.63,0,1,0,0,1
TXN-00009723,5.0,19,electronics,58,936,0,10.0,3.63,80.88,0,0,1,0,0
TXN-00009724,94.71,16,cash_withdrawal,65,801,2,43.52,8.25,60.17,0,1,1,0,1
TXN-00009725,23.01,20,pharmacy,32,1581,3,88.83,7.53,69.41,1,0,0,0,0
TXN-00009726,6.38,22,electronics,25,1029,4,35.86,4.07,97.12,0,0,1,0,0
TXN-00009727,34.25,3,grocery,44,1203,1,15.38,2.26,78.13,0,0,0,0,0
TXN-00009728,147.24,19,grocery,40,856,3,118.23,12.73,62.96,0,0,1,0,0
TXN-00009729,10.74,1,electronics,26,98,2,29.41,19.12,75.43,0,0,0,0,0
TXN-00009730,470.03,8,travel,62,449,0,49.41,2.83,74.96,0,0,1,0,0
TXN-00009731,16.78,7,grocery,54,412,1,23.22,13.96,82.98,0,1,0,0,0
TXN-00009732,44.32,5,online_shopping,56,793,2,19.59,20.94,71.58,1,0,1,1,0
TXN-00009733,11.24,17,electronics,59,1749,3,48.12,7.85,73.14,0,0,1,0,0
TXN-00009734,42.25,2,restaurant,43,1005,4,15.95,8.99,91.43,0,0,1,0,0
TXN-00009735,35.15,19,electronics,47,1396,2,22.57,12.12,61.28,0,1,0,0,0
TXN-00009736,8.47,20,electronics,31,548,2,27.71,2.32,93.58,0,0,0,0,0
TXN-00009737,786.13,15,restaurant,60,936,1,68.3,5.83,97.53,1,0,1,0,0
TXN-00009738,24.04,1,restaurant,72,1589,3,11.99,7.28,77.7,2,0,1,0,0
TXN-00009739,24.07,14,fuel,68,1408,5,59.7,27.25,72.24,1,0,1,0,0
TXN-00009740,111.89,15,gaming,41,659,3,49.49,30.6,89.78,1,0,1,0,0
TXN-00009741,271.77,8,restaurant,20,855,3,43.84,18.8,66.74,0,0,0,0,0
TXN-00009742,131.99,8,online_shopping,68,1455,3,47.16,18.0,90.28,1,0,0,0,0
TXN-00009743,11.46,11,online_shopping,51,629,0,14.37,9.1,63.89,0,0,1,0,0
TXN-00009744,50.63,23,cash_withdrawal,63,827,4,12.02,3.1,90.1,2,0,1,0,1
TXN-00009745,5.61,0,fuel,35,289,1,10.0,4.77,91.25,0,0,0,0,0
TXN-00009746,104.25,12,grocery,67,1340,3,23.21,3.71,77.75,1,0,0,0,0
TXN-00009747,7.26,7,gaming,66,1299,2,36.45,2.68,56.54,1,0,0,1,1
TXN-00009748,17.4,13,electronics,18,314,6,15.72,28.16,96.65,0,0,0,0,0
TXN-00009749,40.31,0,restaurant,50,827,2,43.34,23.22,81.1,1,0,1,0,0
TXN-00009750,64.54,22,electronics,45,1513,2,26.76,6.85,91.92,0,0,0,0,0
TXN-00009751,30.75,10,restaurant,56,488,2,29.8,2.04,92.72,1,0,0,0,0
TXN-00009752,199.35,23,pharmacy,33,1058,2,44.34,1.03,84.33,0,0,1,0,0
TXN-00009753,86.44,3,grocery,23,718,3,29.94,19.91,55.46,0,0,0,0,1
TXN-00009754,79.6,14,pharmacy,33,1501,1,13.76,9.69,96.73,1,0,0,0,0
TXN-00009755,11.12,16,grocery,48,279,4,81.99,4.47,93.13,0,1,1,0,0
TXN-00009756,240.89,19,grocery,33,295,1,42.36,11.87,89.33,0,0,1,0,0
TXN-00009757,17.41,0,grocery,44,624,4,14.41,32.0,81.26,0,0,0,0,0
TXN-00009758,250.74,15,travel,40,921,2,25.87,0.28,81.95,2,0,1,0,0
TXN-00009759,338.09,3,online_shopping,58,929,5,33.23,48.52,91.08,1,1,1,1,1
TXN-00009760,69.29,10,online_shopping,41,338,0,13.68,52.22,55.02,0,0,1,0,0
TXN-00009761,119.54,1,grocery,26,1126,6,49.4,3.43,92.75,0,0,0,0,1
TXN-00009762,5.0,1,jewelry,54,1244,3,14.37,2.62,84.59,1,0,1,0,0
TXN-00009763,32.96,18,online_shopping,30,931,3,89.84,2.13,53.88,1,0,0,0,0
TXN-00009764,128.67,17,online_shopping,35,1518,1,54.69,30.38,78.5,0,1,1,0,0
TXN-00009765,106.78,21,online_shopping,58,1168,3,19.13,12.17,82.54,2,0,1,1,0
TXN-00009766,11.24,16,grocery,33,712,2,14.89,18.0,94.08,1,0,0,0,0
TXN-00009767,29.71,14,fuel,21,1753,1,32.65,0.72,67.23,1,0,0,0,0
TXN-00009768,5.0,2,grocery,38,1895,4,12.0,46.24,88.54,1,0,0,0,0
TXN-00009769,62.4,18,electronics,40,1067,1,26.6,3.47,93.28,0,0,0,0,0
TXN-00009770,5.6,5,electronics,57,556,2,29.37,16.72,50.59,0,0,0,0,0
TXN-00009771,132.56,2,online_shopping,59,1490,1,38.0,9.46,96.58,0,0,1,1,0
TXN-00009772,140.03,17,restaurant,18,433,1,56.33,7.99,79.66,0,0,1,0,0
TXN-00009773,24.58,14,gaming,61,578,1,51.62,29.35,87.72,1,0,0,0,1
TXN-00009774,69.92,3,pharmacy,61,1393,2,55.75,16.57,77.56,0,0,1,1,0
TXN-00009775,32.2,13,fuel,28,536,5,38.05,6.64,93.7,0,0,1,0,0
TXN-00009776,52.14,16,electronics,37,1675,1,33.03,33.11,73.03,0,0,0,0,0
TXN-00009777,12.13,11,travel,62,553,1,19.38,9.07,72.29,1,0,1,0,0
TXN-00009778,77.76,17,cash_withdrawal,51,777,3,10.0,16.31,73.12,0,0,1,0,0
TXN-00009779,7.22,12,restaurant,37,737,3,32.67,14.94,96.94,1,0,0,0,0
TXN-00009780,5.92,8,online_shopping,62,1240,2,13.51,2.6,65.38,0,0,0,0,0
TXN-00009781,35.59,5,fuel,54,1228,4,32.12,26.97,74.96,0,1,1,0,0
TXN-00009782,32.4,6,grocery,47,726,4,10.0,42.47,72.77,1,0,1,0,0
TXN-00009783,53.83,19,jewelry,18,1157,3,13.53,14.04,90.79,0,0,1,0,0
TXN-00009784,20.45,8,travel,55,994,1,18.18,0.18,70.25,1,0,1,0,0
TXN-00009785,292.94,17,online_shopping,28,1284,0,233.05,10.42,83.07,1,0,0,0,0
TXN-00009786,47.88,8,gaming,71,1196,0,18.36,31.16,94.55,2,0,1,0,0
TXN-00009787,51.65,12,electronics,28,549,1,22.43,1.63,82.46,0,0,1,0,0
TXN-00009788,49.75,14,online_shopping,19,1680,2,30.96,25.87,53.49,0,0,1,0,0
TXN-00009789,115.94,11,restaurant,39,313,2,49.76,6.69,93.09,0,0,0,0,0
TXN-00009790,74.06,17,fuel,38,774,3,18.58,22.69,79.14,0,0,0,0,0
TXN-00009791,64.34,22,restaurant,38,1160,2,10.0,28.34,86.57,1,0,1,0,0
TXN-00009792,87.6,20,pharmacy,71,884,2,10.83,7.14,95.72,2,0,0,1,0
TXN-00009793,5.95,22,online_shopping,33,838,1,23.94,1.71,72.04,1,0,1,0,0
TXN-00009794,6.2,0,grocery,66,765,3,80.18,19.91,54.75,1,0,0,0,0
TXN-00009795,37.34,18,online_shopping,27,714,4,15.47,1.89,85.63,1,0,1,0,0
TXN-00009796,32.87,17,restaurant,53,1586,1,49.31,51.34,79.38,0,0,1,0,0
TXN-00009797,74.35,9,grocery,25,846,1,21.43,11.15,62.93,0,0,0,0,0
TXN-00009798,41.31,7,travel,31,846,2,26.24,24.54,59.55,1,0,1,0,0
TXN-00009799,74.51,1,pharmacy,26,615,2,14.06,8.56,48.8,1,0,0,1,1
TXN-00009800,10.94,20,restaurant,37,1212,4,38.16,15.75,84.96,0,0,0,0,0
TXN-00009801,39.99,20,electronics,44,419,3,43.29,32.28,93.43,0,0,1,0,0
TXN-00009802,9.89,1,online_shopping,67,2066,2,10.0,1.11,51.94,0,1,1,0,0
TXN-00009803,60.72,13,electronics,61,551,2,17.34,2.03,86.72,0,0,0,0,0
TXN-00009804,5.63,13,fuel,58,838,4,27.57,1.15,61.66,0,0,1,0,0
TXN-00009805,58.31,4,fuel,46,1089,3,41.8,10.46,81.49,0,0,1,0,0
TXN-00009806,8.65,13,jewelry,34,1433,1,139.76,69.72,67.46,0,0,1,0,0
TXN-00009807,27.04,19,travel,35,751,3,19.42,62.68,81.78,0,0,1,1,0
TXN-00009808,103.51,7,travel,25,675,0,10.0,34.45,75.51,0,0,1,0,0
TXN-00009809,51.35,17,cash_withdrawal,56,957,4,20.4,2.17,78.72,0,1,1,1,1
TXN-00009810,7.19,23,online_shopping,63,628,6,37.42,9.32,67.46,0,0,1,0,0
TXN-00009811,19.97,10,travel,49,798,6,40.77,7.86,69.57,0,0,0,0,0
TXN-00009812,8.36,2,travel,51,1777,7,26.11,33.92,87.53,3,0,0,0,1
TXN-00009813,6.82,7,online_shopping,39,548,0,14.81,6.77,70.68,1,1,0,0,0
TXN-00009814,45.77,3,electronics,73,244,1,37.95,2.28,82.75,0,0,1,0,0
TXN-00009815,72.84,8,fuel,69,599,3,31.79,73.45,77.61,0,0,1,0,0
TXN-00009816,64.24,15,online_shopping,41,416,2,34.92,2.93,87.13,0,0,1,1,0
TXN-00009817,76.15,4,grocery,61,1188,4,18.54,0.9,87.84,0,0,1,0,1
TXN-00009818,39.94,12,electronics,38,674,2,51.84,62.74,83.83,1,1,0,0,1
TXN-00009819,30.35,23,electronics,25,1510,1,33.84,5.75,86.35,0,0,0,0,0
TXN-00009820,13.11,6,restaurant,34,788,1,27.94,2.76,60.71,1,0,0,1,0
TXN-00009821,25.48,21,fuel,66,421,1,58.79,17.87,51.24,0,0,0,0,0
TXN-00009822,10.1,7,pharmacy,45,1417,3,23.76,0.7,72.65,0,0,1,0,0
TXN-00009823,16.65,14,gaming,68,562,1,53.23,0.72,81.66,1,0,1,0,0
TXN-00009824,44.41,3,electronics,36,242,1,20.57,8.38,80.57,1,0,1,0,0
TXN-00009825,35.74,6,electronics,44,1065,1,14.24,13.26,86.69,0,0,1,0,1
TXN-00009826,1010.26,20,travel,22,612,1,29.57,1.4,83.23,0,0,1,0,0
TXN-00009827,9.84,14,online_shopping,63,1106,3,10.0,1.84,85.86,0,0,1,0,0
TXN-00009828,35.47,13,gaming,36,1315,0,37.45,5.02,89.52,0,0,0,0,0
TXN-00009829,9.07,12,grocery,23,1003,4,58.48,6.36,65.76,0,0,0,0,0
TXN-00009830,26.92,5,grocery,30,629,3,143.89,8.34,96.84,1,0,0,0,0
TXN-00009831,28.09,22,online_shopping,56,1442,4,58.21,10.95,95.72,0,0,0,0,0
TXN-00009832,98.21,9,cash_withdrawal,65,533,3,96.77,4.82,58.21,0,0,1,0,0
TXN-00009833,25.23,0,travel,73,1107,2,36.38,35.53,78.79,0,1,1,0,0
TXN-00009834,33.09,21,online_shopping,31,1218,2,74.27,15.59,77.21,1,1,1,0,0
TXN-00009835,25.74,1,restaurant,52,910,2,33.88,63.94,72.81,0,0,1,0,0
TXN-00009836,9.29,21,grocery,44,1300,4,75.32,9.43,90.16,1,0,0,0,0
TXN-00009837,20.4,6,online_shopping,59,1007,5,10.0,11.8,77.13,1,0,1,0,0
TXN-00009838,27.08,1,pharmacy,57,1077,3,14.52,19.19,84.85,2,0,0,0,0
TXN-00009839,43.71,5,fuel,22,1302,1,23.52,14.51,92.32,1,0,1,0,0
TXN-00009840,72.74,15,restaurant,26,981,0,53.16,6.04,98.21,1,1,1,0,0
TXN-00009841,31.62,13,restaurant,52,1377,1,47.96,16.44,69.22,0,0,1,0,0
TXN-00009842,31.04,3,gaming,48,1641,5,16.26,14.73,94.59,2,0,1,0,0
TXN-00009843,6.64,7,pharmacy,69,1126,2,11.92,27.96,83.19,0,1,1,0,0
TXN-00009844,71.29,5,pharmacy,67,1317,3,27.5,49.76,31.85,1,0,1,0,0
TXN-00009845,19.48,15,fuel,21,912,0,22.06,1.18,73.37,0,0,1,0,0
TXN-00009846,88.63,20,restaurant,51,1655,6,23.02,17.73,90.33,1,0,1,0,0
TXN-00009847,161.14,6,gaming,41,1045,5,25.02,0.36,58.64,0,0,1,0,0
TXN-00009848,33.2,21,grocery,45,1261,0,25.76,31.03,71.82,0,1,0,0,0
TXN-00009849,13.81,9,grocery,21,427,3,56.19,15.8,68.97,0,0,0,0,0
TXN-00009850,39.74,1,electronics,66,1209,1,53.68,2.39,67.38,0,0,1,1,0
TXN-00009851,58.33,7,online_shopping,27,950,4,22.52,1.2,55.54,1,0,0,0,0
TXN-00009852,29.04,20,online_shopping,72,1187,1,23.28,54.11,68.88,0,0,0,0,0
TXN-00009853,22.37,19,grocery,72,1246,2,50.26,7.79,80.49,0,0,0,0,0
TXN-00009854,73.09,17,restaurant,65,1306,3,35.77,6.18,78.18,1,0,1,0,0
TXN-00009855,68.2,9,grocery,24,1217,0,54.82,11.03,83.19,0,0,1,0,0
TXN-00009856,28.12,18,grocery,41,812,2,41.51,1.11,81.68,0,0,1,0,0
TXN-00009857,7.12,17,grocery,19,1946,5,29.37,8.07,57.59,1,0,1,0,0
TXN-00009858,65.31,19,restaurant,53,1511,3,34.21,7.04,93.07,0,0,1,0,0
TXN-00009859,18.07,13,travel,68,853,2,10.0,8.07,79.0,0,0,1,0,0
TXN-00009860,50.66,12,jewelry,48,832,2,19.93,4.62,85.57,0,0,1,0,1
TXN-00009861,47.4,23,fuel,19,136,3,78.07,23.05,71.04,0,0,0,0,0
TXN-00009862,5.57,22,gaming,35,499,1,58.98,53.83,83.08,0,0,1,0,0
TXN-00009863,44.04,12,fuel,27,602,3,25.41,3.24,78.86,2,0,1,0,0
TXN-00009864,69.43,4,electronics,43,843,3,14.56,8.39,87.45,2,0,0,0,0
TXN-00009865,78.97,9,restaurant,39,1626,1,45.96,1.84,77.53,0,0,0,0,0
TXN-00009866,45.75,12,fuel,66,796,3,10.0,22.19,85.15,1,0,0,0,0
TXN-00009867,5.07,16,pharmacy,30,495,2,40.91,1.84,54.55,0,0,1,0,0
TXN-00009868,154.61,7,online_shopping,35,1177,2,30.95,73.6,96.85,0,0,1,0,0
TXN-00009869,62.28,1,fuel,31,1219,5,25.09,41.67,80.24,0,0,1,0,0
TXN-00009870,11.43,19,restaurant,69,800,2,59.56,0.88,65.19,1,0,1,0,0
TXN-00009871,17.69,22,grocery,35,1530,2,53.92,3.19,87.85,0,0,0,0,0
TXN-00009872,51.56,1,travel,75,1580,3,49.48,17.57,70.91,1,0,1,0,0
TXN-00009873,82.58,7,fuel,56,328,3,82.47,13.46,75.11,0,0,0,0,0
TXN-00009874,24.23,10,online_shopping,35,1224,1,20.9,41.66,76.12,2,0,0,0,0
TXN-00009875,96.24,18,online_shopping,52,230,3,21.16,12.74,88.25,2,0,1,0,0
TXN-00009876,6.16,18,online_shopping,25,848,2,31.29,24.66,84.1,1,0,0,0,0
TXN-00009877,13.54,8,restaurant,70,2398,5,96.85,6.41,93.12,0,0,1,0,0
TXN-00009878,5.0,7,grocery,73,1195,4,10.29,28.19,43.8,0,0,0,0,0
TXN-00009879,15.76,9,pharmacy,35,644,5,21.24,23.22,33.42,0,0,1,0,0
TXN-00009880,197.05,5,online_shopping,27,1255,1,20.05,2.72,85.5,0,0,0,0,0
TXN-00009881,350.97,10,online_shopping,42,616,3,41.36,2.26,81.6,1,0,1,0,0
TXN-00009882,51.74,6,online_shopping,62,1050,2,14.24,7.21,80.57,0,0,1,0,0
TXN-00009883,20.69,1,cash_withdrawal,54,553,2,31.3,2.98,88.64,1,0,1,0,0
TXN-00009884,32.05,17,grocery,20,741,3,91.19,5.44,72.13,3,0,0,0,0
TXN-00009885,66.49,18,travel,18,1517,3,13.42,22.09,60.46,0,0,1,1,0
TXN-00009886,7.84,6,cash_withdrawal,31,1920,3,17.1,10.7,68.66,0,0,0,0,0
TXN-00009887,22.17,9,grocery,61,1048,2,32.54,1.56,58.6,1,0,0,0,0
TXN-00009888,182.48,9,grocery,33,1324,4,54.36,14.02,60.05,2,0,1,0,0
TXN-00009889,13.49,0,grocery,69,687,1,33.89,28.14,80.28,0,1,1,0,0
TXN-00009890,18.42,13,travel,35,513,1,55.87,72.6,60.09,2,0,1,0,0
TXN-00009891,41.01,11,grocery,69,993,3,55.36,5.55,79.6,0,0,0,0,0
TXN-00009892,54.45,22,electronics,71,962,1,14.34,21.78,87.02,0,0,1,0,0
TXN-00009893,20.98,8,grocery,60,2459,2,27.33,26.16,64.32,0,0,1,0,0
TXN-00009894,43.85,19,online_shopping,28,834,3,10.0,47.23,92.22,0,0,1,0,0
TXN-00009895,76.58,9,online_shopping,22,816,2,42.22,46.78,95.96,0,0,1,1,0
TXN-00009896,317.2,4,travel,28,1193,3,119.66,3.73,91.56,2,0,1,0,1
TXN-00009897,35.43,8,electronics,54,678,2,20.42,23.59,79.47,0,0,1,0,0
TXN-00009898,38.73,21,grocery,58,596,2,24.41,3.34,68.11,1,0,1,0,0
TXN-00009899,201.1,6,cash_withdrawal,75,1106,1,18.97,9.03,78.1,0,0,1,0,0
TXN-00009900,22.72,20,electronics,73,394,2,78.95,21.4,74.21,0,0,1,0,0
TXN-00009901,10.07,15,grocery,35,1159,2,45.52,10.97,93.09,0,0,1,0,0
TXN-00009902,52.6,17,jewelry,40,722,2,24.71,11.65,76.33,1,0,1,0,0
TXN-00009903,125.21,18,fuel,62,1292,4,12.28,3.13,83.43,1,0,1,0,1
TXN-00009904,59.09,12,pharmacy,62,1674,1,24.98,11.75,78.32,0,0,1,1,0
TXN-00009905,36.53,14,restaurant,36,596,5,15.02,7.56,67.09,0,0,0,0,0
TXN-00009906,8.84,1,fuel,19,806,3,28.0,26.32,76.92,1,1,0,0,0
TXN-00009907,38.04,16,restaurant,23,1470,1,32.91,27.84,40.76,1,1,1,0,0
TXN-00009908,147.65,17,cash_withdrawal,65,1047,1,17.13,4.15,70.32,1,0,0,0,1
TXN-00009909,11.07,2,restaurant,38,1939,0,23.25,12.26,63.76,1,0,1,0,0
TXN-00009910,31.28,12,electronics,59,1066,4,56.78,43.31,94.57,1,0,1,0,0
TXN-00009911,26.93,12,grocery,64,1633,6,19.87,84.23,83.24,2,0,0,0,0
TXN-00009912,19.44,7,restaurant,70,470,4,83.88,12.84,72.57,0,0,1,0,0
TXN-00009913,52.47,1,grocery,46,585,3,42.06,7.03,71.71,0,0,1,0,0
TXN-00009914,64.42,0,restaurant,54,1817,4,37.6,17.15,86.2,1,1,0,0,0
TXN-00009915,63.72,5,electronics,29,578,2,40.85,26.09,85.97,0,0,1,1,0
TXN-00009916,14.5,5,fuel,72,1827,2,10.0,11.56,84.06,0,0,1,0,0
TXN-00009917,7.18,5,fuel,69,627,2,55.19,15.38,96.79,1,0,1,0,0
TXN-00009918,53.28,14,gaming,40,416,2,64.23,16.83,93.71,0,0,0,0,0
TXN-00009919,23.78,10,restaurant,39,830,4,42.8,14.97,57.28,0,0,1,0,0
TXN-00009920,278.73,2,electronics,60,471,4,12.16,24.55,86.35,1,0,0,0,0
TXN-00009921,292.58,2,travel,42,1237,2,40.35,13.08,82.56,2,0,1,0,1
TXN-00009922,327.09,15,restaurant,60,231,2,15.32,19.29,71.98,0,0,1,0,0
TXN-00009923,15.07,22,gaming,23,2172,3,47.64,17.23,95.38,0,0,1,0,0
TXN-00009924,73.54,19,grocery,33,961,4,44.63,19.37,58.09,0,0,0,0,0
TXN-00009925,100.94,18,restaurant,63,1270,2,23.63,20.51,85.2,0,1,1,1,1
TXN-00009926,89.68,7,gaming,71,1350,4,35.32,8.42,63.69,0,1,1,0,0
TXN-00009927,27.88,16,electronics,19,1015,2,36.58,6.88,90.24,1,0,0,0,0
TXN-00009928,154.95,1,fuel,63,1150,2,68.92,5.35,80.58,1,0,0,0,0
TXN-00009929,40.47,4,fuel,22,770,3,41.19,17.2,74.07,0,0,1,0,0
TXN-00009930,46.27,3,grocery,68,1348,2,15.99,1.98,90.2,0,0,1,0,0
TXN-00009931,8.05,4,restaurant,32,231,2,10.0,8.68,86.88,1,0,0,0,0
TXN-00009932,79.6,8,travel,39,1979,3,73.63,3.45,85.91,0,0,1,0,0
TXN-00009933,30.77,1,online_shopping,59,756,4,12.79,6.43,69.88,0,0,1,1,0
TXN-00009934,65.89,19,electronics,66,1431,3,14.17,36.04,93.72,1,0,1,0,0
TXN-00009935,51.77,17,fuel,42,1552,2,22.3,3.83,51.79,0,0,1,0,0
TXN-00009936,48.91,15,gaming,36,734,2,22.56,12.43,96.36,0,0,1,1,0
TXN-00009937,38.55,4,restaurant,74,911,3,10.8,0.77,94.45,0,0,1,0,1
TXN-00009938,92.38,20,travel,73,889,2,31.29,2.11,72.46,0,0,0,1,0
TXN-00009939,32.82,0,fuel,48,837,0,13.36,1.88,94.57,0,0,1,1,0
TXN-00009940,8.78,23,restaurant,19,636,4,38.77,2.68,75.05,0,0,1,0,0
TXN-00009941,73.51,17,travel,74,929,1,41.29,13.35,89.57,1,0,1,0,0
TXN-00009942,17.3,4,online_shopping,53,818,3,61.43,12.73,96.22,0,0,1,0,0
TXN-00009943,10.07,4,online_shopping,50,1706,1,40.39,1.35,76.46,0,0,1,0,0
TXN-00009944,13.83,16,electronics,24,1055,1,45.72,11.38,70.5,0,0,1,0,0
TXN-00009945,54.46,19,restaurant,75,668,2,11.48,3.42,67.3,0,1,0,0,0
TXN-00009946,36.55,11,online_shopping,59,1757,1,17.56,27.04,84.81,2,0,1,0,0
TXN-00009947,5.0,1,grocery,30,1594,5,27.14,3.44,89.89,1,0,0,1,1
TXN-00009948,27.04,11,online_shopping,39,831,2,52.39,25.82,74.51,0,0,1,0,1
TXN-00009949,138.06,11,pharmacy,37,1023,2,29.03,16.2,69.19,0,0,0,0,0
TXN-00009950,25.18,7,electronics,68,1716,3,25.09,12.19,90.7,0,0,0,0,0
TXN-00009951,34.0,21,jewelry,45,1401,5,43.84,3.97,55.77,0,0,0,0,0
TXN-00009952,120.92,8,fuel,68,370,4,10.0,12.12,76.37,1,0,1,0,0
TXN-00009953,93.25,5,gaming,57,558,0,15.41,5.52,63.53,1,0,1,0,1
TXN-00009954,118.25,16,electronics,39,703,3,33.64,1.02,74.24,0,0,0,0,0
TXN-00009955,5.0,14,online_shopping,41,746,1,30.64,33.95,76.18,1,0,0,0,0
TXN-00009956,249.68,14,online_shopping,64,900,2,40.73,33.12,85.82,1,0,0,0,0
TXN-00009957,78.9,12,travel,46,1129,2,35.6,41.37,80.75,0,0,1,0,0
TXN-00009958,536.22,7,grocery,57,899,2,38.79,36.24,76.33,0,0,1,0,0
TXN-00009959,17.79,6,online_shopping,25,1569,3,20.53,12.49,76.77,1,0,1,0,0
TXN-00009960,6.35,2,travel,42,754,4,71.32,20.95,67.59,0,0,0,0,0
TXN-00009961,40.76,4,pharmacy,51,1569,4,15.07,1.74,60.67,0,0,1,0,0
TXN-00009962,30.29,13,online_shopping,37,1057,6,25.65,20.7,89.53,0,0,1,0,0
TXN-00009963,80.35,9,cash_withdrawal,67,1025,0,30.6,45.78,77.22,1,0,1,0,0
TXN-00009964,125.05,17,online_shopping,30,1332,3,45.34,30.31,69.94,0,0,0,0,1
TXN-00009965,36.9,19,grocery,67,1232,1,16.35,6.03,42.26,0,0,0,0,1
TXN-00009966,31.41,13,online_shopping,21,898,5,28.38,2.17,59.04,0,0,1,0,0
TXN-00009967,70.03,2,pharmacy,42,631,1,58.96,5.75,94.28,0,0,0,0,0
TXN-00009968,30.9,0,travel,48,1726,1,29.87,8.01,90.27,0,0,0,0,0
TXN-00009969,28.3,5,restaurant,32,994,2,33.36,7.64,93.87,0,0,1,0,0
TXN-00009970,120.18,6,online_shopping,49,999,1,23.36,23.63,97.25,1,0,0,0,0
TXN-00009971,151.83,1,grocery,70,2677,2,30.01,9.68,64.68,3,0,1,0,0
TXN-00009972,126.24,18,grocery,43,1576,4,29.4,2.51,70.5,2,0,1,1,1
TXN-00009973,33.9,8,cash_withdrawal,49,859,4,39.13,0.73,81.05,0,0,1,0,0
TXN-00009974,5.0,17,online_shopping,73,953,2,13.45,1.79,77.23,0,0,1,0,0
TXN-00009975,34.62,5,electronics,71,596,1,27.4,9.57,70.03,0,0,1,0,0
TXN-00009976,18.25,0,pharmacy,18,491,3,32.82,4.38,75.07,1,0,0,0,0
TXN-00009977,35.3,3,fuel,60,859,3,50.4,7.16,82.58,0,0,1,0,0
TXN-00009978,19.99,11,travel,67,1191,1,46.28,3.22,59.2,0,0,0,0,0
TXN-00009979,39.58,11,electronics,72,619,4,74.24,27.87,77.59,1,0,1,0,0
TXN-00009980,13.58,10,electronics,64,1403,3,30.42,0.66,75.15,1,0,0,0,0
TXN-00009981,10.54,23,electronics,22,543,1,12.85,21.5,92.37,0,0,0,1,0
TXN-00009982,146.03,15,grocery,62,865,2,28.55,2.36,92.24,0,0,1,0,0
TXN-00009983,14.61,17,electronics,66,1342,2,10.45,14.22,85.09,0,0,1,0,0
TXN-00009984,40.46,2,fuel,48,2247,5,10.4,0.23,60.83,0,0,1,0,0
TXN-00009985,110.19,11,electronics,19,1844,1,19.81,14.3,92.53,0,0,1,0,0
TXN-00009986,105.64,14,jewelry,29,1648,3,34.88,7.66,76.85,1,1,1,0,1
TXN-00009987,93.19,14,restaurant,33,1012,1,14.92,0.09,85.71,0,0,0,0,0
TXN-00009988,55.59,22,pharmacy,68,1442,1,71.15,19.12,80.84,1,0,0,0,0
TXN-00009989,86.51,11,grocery,25,828,1,34.6,20.84,88.25,0,1,1,0,0
TXN-00009990,171.01,8,restaurant,61,1298,2,67.08,26.92,56.58,2,0,1,1,1
TXN-00009991,63.2,22,restaurant,28,465,2,92.81,17.24,82.12,1,0,0,1,0
TXN-00009992,5.88,8,online_shopping,66,1129,6,56.9,0.9,87.97,0,0,1,0,0
TXN-00009993,23.22,13,electronics,18,464,3,21.92,6.16,74.98,0,1,1,0,0
TXN-00009994,84.03,0,travel,31,1596,2,15.13,27.73,52.52,0,0,1,0,0
TXN-00009995,20.94,3,grocery,23,1406,3,16.19,13.19,82.99,0,0,0,0,1
TXN-00009996,221.65,1,electronics,50,1932,0,32.76,4.31,87.34,0,0,0,0,0
TXN-00009997,37.85,10,fuel,63,502,0,22.48,33.06,52.45,0,0,1,0,0
TXN-00009998,44.23,22,grocery,42,2664,3,15.27,30.05,69.79,0,0,1,0,0
TXN-00009999,131.76,1,travel,48,950,6,44.03,9.06,76.77,0,0,1,1,1
TXN-00010000,33.38,23,online_shopping,55,1585,3,41.72,3.32,86.6,0,0,1,0,0
TXN-00010001,48.67,20,online_shopping,44,583,1,16.45,8.24,63.28,0,0,0,0,0
TXN-00010002,103.97,0,pharmacy,61,1174,1,20.83,11.76,77.36,0,0,0,0,0
TXN-00010003,8.62,0,jewelry,34,894,1,11.49,12.34,66.12,1,0,1,0,0
TXN-00010004,29.98,21,electronics,28,1406,0,31.62,9.21,83.78,0,0,1,0,0
TXN-00010005,96.6,14,fuel,28,332,1,22.26,2.98,97.49,1,0,0,0,0
TXN-00010006,43.33,4,online_shopping,28,555,1,56.63,40.72,79.23,0,0,0,0,0
TXN-00010007,188.8,22,restaurant,20,1670,4,29.57,1.11,92.77,0,0,0,0,0
TXN-00010008,7.73,13,online_shopping,20,548,2,18.16,3.33,94.18,0,0,1,0,0
TXN-00010009,6.86,15,online_shopping,21,903,1,30.09,31.45,90.21,2,1,1,0,0
TXN-00010010,90.76,16,travel,27,837,3,24.51,3.84,83.3,1,0,0,0,0
TXN-00010011,100.39,4,grocery,54,1113,4,18.08,18.03,90.24,0,0,1,0,0
TXN-00010012,33.02,8,fuel,31,615,0,26.86,0.32,88.35,0,0,1,0,0
TXN-00010013,61.58,3,jewelry,51,1743,2,12.48,5.53,88.2,0,0,0,0,0
TXN-00010014,88.45,12,grocery,22,1124,2,32.37,0.36,80.07,0,0,1,0,0
TXN-00010015,17.21,23,electronics,64,1837,2,34.02,3.02,81.08,0,0,0,0,0
TXN-00010016,19.26,15,pharmacy,38,1400,1,58.84,25.19,75.08,0,0,0,0,0
TXN-00010017,49.36,16,fuel,43,1090,0,32.72,8.41,66.19,0,0,1,0,0
TXN-00010018,104.51,4,fuel,57,193,1,15.44,1.43,80.33,1,0,0,0,0
TXN-00010019,11.89,13,online_shopping,75,1292,2,10.0,13.41,75.24,0,0,1,0,0
TXN-00010020,32.86,23,jewelry,63,1285,1,14.37,2.54,65.83,0,0,1,0,0
TXN-00010021,31.3,2,electronics,41,1819,2,36.31,42.84,56.78,3,0,0,0,1
TXN-00010022,62.73,4,online_shopping,38,1044,2,65.21,9.11,80.67,0,1,1,0,0
TXN-00010023,40.08,17,online_shopping,37,127,5,31.42,0.32,72.83,0,0,0,0,0
TXN-00010024,22.8,0,cash_withdrawal,22,996,5,17.3,19.27,55.82,0,0,1,0,1
TXN-00010025,150.05,4,online_shopping,37,1329,1,34.55,77.34,90.51,0,0,0,0,0
TXN-00010026,22.96,22,fuel,62,993,3,10.0,0.03,86.88,0,0,0,0,0
TXN-00010027,29.76,0,fuel,34,763,1,30.37,2.98,83.5,1,1,1,1,0
TXN-00010028,7.61,10,pharmacy,40,1452,0,43.75,19.73,82.56,0,0,0,1,0
TXN-00010029,19.12,7,jewelry,22,298,0,17.78,2.16,87.54,1,0,1,1,0
TXN-00010030,69.54,9,electronics,32,985,1,56.22,9.06,94.96,1,0,1,0,0
TXN-00010031,56.64,6,electronics,21,792,3,74.61,4.84,77.69,1,1,1,0,0
TXN-00010032,75.91,6,grocery,45,545,3,43.09,0.37,66.89,0,0,1,0,0
TXN-00010033,72.13,18,grocery,35,1104,2,38.12,0.69,91.1,0,0,1,0,0
TXN-00010034,362.16,0,grocery,74,1940,6,10.0,25.77,90.36,0,0,1,0,0
TXN-00010035,18.44,3,pharmacy,52,600,4,36.41,26.96,79.17,0,0,1,0,0
TXN-00010036,7.39,6,fuel,39,1293,2,56.06,1.69,92.66,0,1,0,0,0
TXN-00010037,13.42,19,cash_withdrawal,49,1198,1,27.63,3.66,79.59,1,0,1,0,0
TXN-00010038,19.32,9,online_shopping,73,495,1,50.88,36.79,80.95,0,0,1,0,0
TXN-00010039,14.54,0,grocery,28,1192,1,32.79,10.18,34.99,0,0,1,0,0
TXN-00010040,44.63,12,grocery,32,813,2,30.82,6.7,47.75,0,0,1,0,0
TXN-00010041,150.7,15,jewelry,49,682,3,40.99,0.72,84.34,0,0,1,0,0
TXN-00010042,203.7,10,gaming,24,674,0,26.51,14.2,80.25,1,0,0,0,0
TXN-00010043,68.68,2,grocery,48,2766,4,18.22,26.63,90.13,1,0,0,0,0
TXN-00010044,383.12,21,cash_withdrawal,27,367,4,25.4,13.25,83.41,3,0,1,1,1
TXN-00010045,27.82,20,electronics,68,1633,1,23.81,28.42,74.19,1,1,0,1,0
TXN-00010046,7.29,21,grocery,62,868,3,38.37,4.11,54.87,0,0,0,0,1
TXN-00010047,122.22,23,online_shopping,20,574,2,16.75,7.43,67.5,0,0,1,0,0
TXN-00010048,5.87,7,online_shopping,49,782,0,63.74,12.63,66.26,0,0,1,0,0
TXN-00010049,18.31,10,restaurant,30,1695,2,36.96,18.2,86.4,1,0,0,0,0
TXN-00010050,69.83,23,gaming,51,1733,2,65.28,5.76,87.45,0,0,1,0,0
TXN-00010051,36.32,10,restaurant,49,564,4,25.43,8.69,92.37,0,1,1,0,0
TXN-00010052,33.1,20,restaurant,74,1175,0,12.66,14.15,70.36,0,0,1,0,0
TXN-00010053,11.71,15,fuel,28,1136,0,13.46,2.12,95.91,2,0,0,1,0
TXN-00010054,39.99,22,travel,47,848,3,19.65,15.66,99.34,0,0,1,0,0
TXN-00010055,116.03,0,gaming,73,1235,3,15.05,25.82,64.79,1,0,1,0,0
TXN-00010056,41.3,16,grocery,24,1384,1,10.81,1.11,83.84,1,0,1,1,0
TXN-00010057,16.92,19,grocery,32,547,0,33.83,29.05,63.84,1,0,0,0,0
TXN-00010058,10.91,4,gaming,59,348,4,37.32,7.12,40.9,1,0,1,0,0
TXN-00010059,17.29,17,travel,24,494,1,25.89,11.56,82.32,1,0,1,0,0
TXN-00010060,61.07,4,pharmacy,30,769,3,74.57,8.59,84.62,0,0,0,0,0
TXN-00010061,58.02,21,restaurant,73,852,3,29.43,17.82,67.62,0,0,1,0,0
TXN-00010062,17.45,21,electronics,51,1452,3,24.19,18.6,98.85,1,0,0,0,1
TXN-00010063,5.0,0,fuel,21,920,2,24.71,4.29,89.48,0,1,1,0,1
TXN-00010064,62.87,12,grocery,67,770,2,48.78,10.79,71.47,1,0,1,0,0
TXN-00010065,15.76,9,online_shopping,48,338,2,12.35,11.42,72.23,0,0,1,1,0
TXN-00010066,83.39,21,restaurant,45,1667,0,10.0,7.3,66.9,1,0,0,1,0
TXN-00010067,18.29,7,grocery,75,563,2,34.4,2.8,83.83,0,0,0,0,0
TXN-00010068,14.34,17,online_shopping,36,1737,0,34.37,5.34,60.89,0,0,1,0,1
TXN-00010069,47.5,2,online_shopping,39,729,1,44.0,15.55,74.15,0,0,1,0,0
TXN-00010070,480.86,5,online_shopping,51,512,3,29.46,3.11,68.21,0,0,1,1,1
TXN-00010071,88.81,23,online_shopping,32,963,1,94.03,45.11,92.51,1,0,0,0,0
TXN-00010072,46.67,9,restaurant,25,610,5,51.2,7.9,82.36,0,1,1,0,0
TXN-00010073,58.96,18,jewelry,26,821,4,10.0,1.83,59.98,0,0,1,0,0
TXN-00010074,6.43,23,electronics,35,948,1,12.28,17.55,91.01,1,0,0,0,0
TXN-00010075,12.45,23,electronics,22,1375,0,10.0,3.65,68.28,0,0,1,0,0
TXN-00010076,5.0,0,grocery,47,2196,3,31.52,3.57,70.0,0,0,1,0,0
TXN-00010077,248.73,5,grocery,75,86,0,33.92,28.76,51.72,0,0,1,0,0
TXN-00010078,201.09,17,grocery,32,685,2,91.01,13.54,80.61,1,0,1,0,0
TXN-00010079,61.1,22,travel,20,1007,5,18.53,23.5,80.1,0,0,1,0,1
TXN-00010080,46.61,23,restaurant,20,448,2,16.72,5.78,66.81,1,0,0,0,1
TXN-00010081,7.93,17,online_shopping,27,1264,1,35.32,2.8,80.68,0,1,1,0,0
TXN-00010082,32.13,2,online_shopping,51,1047,1,15.33,5.34,74.5,1,0,0,0,0
TXN-00010083,265.61,17,online_shopping,45,334,0,25.4,7.42,95.48,0,0,1,0,0
TXN-00010084,46.43,6,online_shopping,41,1077,2,54.61,20.07,92.59,0,0,1,0,0
TXN-00010085,22.36,19,electronics,61,597,2,49.64,9.53,93.65,0,0,1,1,0
TXN-00010086,6.39,13,restaurant,40,814,2,59.86,0.05,61.01,3,0,0,0,0
TXN-00010087,172.31,4,fuel,53,1933,1,12.82,17.42,91.94,0,0,0,0,0
TXN-00010088,37.58,20,fuel,75,368,2,43.06,1.6,75.66,1,0,1,0,0
TXN-00010089,6.39,23,electronics,27,1319,1,30.15,4.86,60.73,0,0,1,1,0
TXN-00010090,15.33,12,grocery,24,548,3,139.69,19.29,84.79,0,0,1,0,0
TXN-00010091,10.58,19,grocery,30,493,6,47.83,50.7,65.31,0,0,1,0,0
TXN-00010092,35.22,1,grocery,26,667,5,30.12,33.25,72.97,1,0,0,0,1
TXN-00010093,50.28,6,fuel,66,468,3,58.48,6.51,91.0,0,0,1,0,0
TXN-00010094,23.85,3,fuel,68,2459,2,43.76,10.07,70.03,2,0,0,1,0
TXN-00010095,91.46,6,fuel,50,348,1,49.15,19.79,94.29,1,1,0,0,0
TXN-00010096,43.94,9,grocery,25,443,0,41.8,30.04,63.02,1,0,0,0,0
TXN-00010097,123.4,10,electronics,67,289,3,23.48,7.99,78.93,1,0,1,0,0
TXN-00010098,27.8,7,restaurant,71,587,2,23.35,3.13,75.3,0,0,0,1,0
TXN-00010099,989.89,13,grocery,41,972,4,47.35,8.09,64.39,1,0,0,0,0
TXN-00010100,22.36,5,grocery,56,1029,3,20.03,26.19,94.43,1,0,0,0,0
TXN-00010101,15.67,8,electronics,53,1096,1,33.71,11.59,79.82,1,0,0,0,0
TXN-00010102,13.77,20,fuel,48,1133,2,41.78,16.8,72.18,1,0,0,0,0
TXN-00010103,32.41,13,grocery,38,1510,0,20.79,3.17,76.57,0,0,1,0,0
TXN-00010104,6.65,0,gaming,34,1953,1,40.32,3.9,92.28,0,0,1,0,0
TXN-00010105,55.11,7,grocery,33,1258,2,30.72,27.61,64.35,0,0,1,0,0
TXN-00010106,5.47,19,travel,38,952,2,23.54,29.25,75.42,0,0,1,1,0
TXN-00010107,47.93,4,travel,62,557,0,49.82,18.01,72.01,1,1,1,0,0
TXN-00010108,9.79,22,grocery,65,1005,0,13.3,0.08,83.0,0,0,1,0,0
TXN-00010109,27.1,7,fuel,24,1234,4,13.25,26.08,87.66,0,1,0,0,0
TXN-00010110,76.31,15,jewelry,21,798,6,31.08,2.85,60.64,0,0,1,0,0
TXN-00010111,454.52,11,pharmacy,45,1368,2,14.55,21.07,92.95,0,0,0,0,0
TXN-00010112,13.04,15,gaming,62,1123,2,69.75,9.07,57.71,1,0,0,0,1
TXN-00010113,34.54,19,grocery,50,614,3,24.3,3.15,64.93,1,0,1,0,0
TXN-00010114,18.92,3,online_shopping,66,670,4,12.18,28.56,80.03,0,0,0,0,0
TXN-00010115,16.23,8,fuel,59,1630,2,27.21,1.26,77.84,0,1,1,0,0
TXN-00010116,19.09,13,online_shopping,58,286,3,95.99,14.69,68.71,0,1,1,0,0
TXN-00010117,96.09,6,electronics,49,321,4,16.99,6.36,74.17,0,0,0,0,0
TXN-00010118,24.23,9,online_shopping,21,505,3,20.16,9.3,91.46,1,1,1,0,0
TXN-00010119,429.14,21,electronics,28,2544,3,43.27,38.89,75.38,1,0,0,1,0
TXN-00010120,62.6,5,travel,61,1143,1,75.14,13.95,83.43,1,0,0,0,0
TXN-00010121,14.01,4,fuel,35,666,1,15.76,73.98,68.59,0,0,1,1,0
TXN-00010122,27.52,13,fuel,59,1153,4,18.4,5.5,63.51,0,0,0,0,0
TXN-00010123,17.43,2,pharmacy,37,636,2,11.0,21.6,79.51,0,0,1,0,0
TXN-00010124,93.7,0,cash_withdrawal,18,948,1,29.74,71.84,94.08,0,0,1,0,0
TXN-00010125,7.24,20,fuel,57,708,2,35.32,26.19,23.46,2,0,0,0,0
TXN-00010126,9.89,6,fuel,69,1132,3,54.4,19.23,93.24,1,0,0,0,0
TXN-00010127,21.73,2,fuel,43,837,2,39.71,28.16,79.37,1,1,1,0,0
TXN-00010128,82.86,15,travel,25,673,4,32.2,18.51,74.08,1,0,1,0,0
TXN-00010129,147.63,11,restaurant,42,947,5,35.61,36.64,76.39,2,0,0,0,0
TXN-00010130,172.36,10,online_shopping,73,753,2,44.34,1.06,94.26,2,0,0,0,0
TXN-00010131,70.55,10,restaurant,36,753,5,13.95,8.91,81.26,0,0,1,0,0
TXN-00010132,37.08,3,restaurant,22,399,6,35.48,0.39,73.89,1,1,1,0,0
TXN-00010133,93.16,20,travel,62,1117,7,10.21,2.68,90.87,0,0,1,0,0
TXN-00010134,12.16,0,jewelry,31,2967,6,63.18,73.52,78.45,1,0,1,0,0
TXN-00010135,5.83,11,travel,20,970,1,97.13,36.07,47.79,0,0,0,0,1
TXN-00010136,63.97,6,gaming,58,778,3,20.58,21.0,84.01,2,0,1,0,1
TXN-00010137,14.07,15,pharmacy,37,791,3,36.93,0.92,70.05,0,0,0,0,0
TXN-00010138,37.77,13,online_shopping,25,1599,4,50.91,0.54,65.13,0,0,1,0,0
TXN-00010139,45.86,9,restaurant,21,148,4,82.77,12.8,79.66,0,0,1,0,0
TXN-00010140,52.48,12,online_shopping,28,985,3,27.63,3.03,61.21,0,0,0,0,1
TXN-00010141,108.28,5,online_shopping,26,864,2,19.04,6.06,86.76,1,0,1,1,1
TXN-00010142,96.9,3,gaming,18,836,3,40.84,15.34,72.54,0,0,0,0,0
TXN-00010143,49.64,21,online_shopping,39,932,3,70.98,21.74,40.31,1,1,0,0,0
TXN-00010144,25.43,14,travel,65,525,3,31.66,15.33,83.74,0,0,1,0,0
TXN-00010145,45.29,15,online_shopping,40,536,2,72.41,17.4,88.94,0,0,1,0,0
TXN-00010146,21.63,23,travel,20,369,0,58.03,25.17,86.76,0,0,0,1,1
TXN-00010147,32.91,21,restaurant,69,1133,3,48.54,0.57,72.77,2,0,0,0,0
TXN-00010148,632.12,14,fuel,54,197,2,29.5,3.46,72.9,1,0,0,0,0
TXN-00010149,48.97,19,online_shopping,73,1012,2,25.66,3.79,80.13,0,0,0,0,0
TXN-00010150,64.89,12,restaurant,51,667,0,91.88,41.21,85.29,0,0,1,0,0
TXN-00010151,19.28,5,restaurant,45,519,4,17.05,9.44,85.86,1,1,1,0,0
TXN-00010152,118.05,14,electronics,47,953,0,42.03,26.72,87.54,1,0,0,0,0
TXN-00010153,89.86,21,fuel,18,723,4,40.14,26.99,84.36,0,0,1,1,0
TXN-00010154,90.53,21,electronics,39,941,1,37.63,13.85,76.36,1,0,1,0,0
TXN-00010155,50.69,12,jewelry,43,543,3,14.85,11.9,71.5,0,0,1,0,1
TXN-00010156,119.81,22,grocery,35,1067,3,31.56,13.32,59.52,0,0,1,1,0
TXN-00010157,153.74,4,electronics,66,851,1,21.24,13.86,68.1,0,0,0,0,0
TXN-00010158,54.45,0,electronics,73,1336,2,55.03,2.88,62.54,0,0,1,0,0
TXN-00010159,35.86,9,grocery,45,408,0,35.41,28.79,68.84,0,0,0,0,0
TXN-00010160,103.47,4,restaurant,63,721,1,78.77,3.38,72.43,0,0,0,0,1
TXN-00010161,15.65,22,cash_withdrawal,30,674,4,76.39,7.29,95.44,0,0,1,0,0
TXN-00010162,19.03,2,fuel,71,1199,3,23.2,11.03,73.25,1,0,1,0,0
TXN-00010163,38.25,12,grocery,58,1498,4,76.4,34.21,72.14,1,0,0,0,0
TXN-00010164,6.5,18,electronics,60,981,1,20.12,4.14,67.9,0,0,1,0,0
TXN-00010165,96.45,2,online_shopping,52,835,4,71.5,6.29,73.1,0,0,1,0,0
TXN-00010166,14.72,1,jewelry,66,1337,3,14.0,36.19,87.8,0,0,1,0,0
TXN-00010167,24.65,13,travel,48,755,1,78.98,0.29,96.52,1,0,1,0,0
TXN-00010168,32.33,21,gaming,73,1944,1,18.98,67.96,77.42,1,0,0,0,0
TXN-00010169,42.15,0,cash_withdrawal,56,605,1,24.1,52.22,48.11,0,0,0,0,0
TXN-00010170,28.2,0,grocery,44,263,2,26.84,18.64,41.69,0,0,1,0,0
TXN-00010171,37.68,22,grocery,30,403,3,20.38,17.5,66.83,0,1,1,0,0
TXN-00010172,37.99,14,electronics,70,735,2,72.78,12.81,77.25,0,0,0,0,0
TXN-00010173,25.3,16,restaurant,21,2412,5,10.0,33.04,94.43,0,0,0,0,1
TXN-00010174,17.96,6,fuel,20,536,4,41.89,8.32,76.72,0,0,1,0,0
TXN-00010175,125.91,7,fuel,19,1932,3,44.4,7.62,76.0,2,0,0,0,0
TXN-00010176,5.0,11,fuel,24,975,1,15.19,4.23,84.59,0,0,1,0,0
TXN-00010177,32.59,5,travel,32,535,2,22.38,35.68,76.22,0,0,0,0,0
TXN-00010178,24.72,10,electronics,46,770,5,15.7,7.52,89.48,2,0,1,0,0
TXN-00010179,62.79,22,pharmacy,34,1408,0,24.34,8.69,45.34,1,0,1,0,0
TXN-00010180,8.78,17,gaming,44,819,4,54.11,14.67,68.42,1,0,0,0,0
TXN-00010181,23.93,20,online_shopping,43,543,2,23.43,4.71,82.28,1,0,0,0,0
TXN-00010182,36.33,11,pharmacy,43,741,1,36.12,2.39,87.19,0,0,0,0,0
TXN-00010183,124.41,18,electronics,21,1568,2,28.05,47.16,94.17,0,0,0,0,0
TXN-00010184,57.33,10,restaurant,49,2779,1,110.53,8.83,85.67,1,0,1,1,0
TXN-00010185,11.67,14,grocery,35,1371,3,32.62,13.51,87.9,1,0,1,0,0
TXN-00010186,24.24,17,electronics,49,2001,3,17.17,8.62,75.95,1,0,0,0,0
TXN-00010187,102.55,19,cash_withdrawal,21,1353,1,35.04,29.71,81.03,0,0,1,0,0
TXN-00010188,11.46,22,online_shopping,68,1347,2,47.18,10.8,93.26,1,0,0,0,0
TXN-00010189,37.24,2,travel,59,1197,3,21.1,13.07,86.3,0,0,0,0,0
TXN-00010190,40.06,19,fuel,38,1094,2,69.31,17.15,51.82,2,0,1,1,0
TXN-00010191,26.98,17,pharmacy,38,615,3,10.46,4.84,60.0,0,0,1,0,1
TXN-00010192,685.77,17,online_shopping,36,928,5,22.72,5.1,79.75,0,0,0,0,1
TXN-00010193,26.22,0,travel,75,1369,3,30.37,27.49,89.96,1,0,0,0,0
TXN-00010194,64.86,11,restaurant,58,1097,1,56.62,6.08,75.69,0,0,0,0,0
TXN-00010195,18.09,23,grocery,44,368,2,75.06,4.87,63.61,0,0,1,0,0
TXN-00010196,70.4,21,restaurant,55,1561,1,73.9,1.57,84.25,0,0,0,0,0
TXN-00010197,100.92,5,online_shopping,21,1231,5,33.28,38.05,87.8,0,0,0,0,1
TXN-00010198,21.82,11,grocery,66,1517,0,62.59,5.86,69.2,0,1,1,0,0
TXN-00010199,38.19,20,electronics,52,530,2,46.19,1.63,61.26,0,0,0,0,0
TXN-00010200,15.8,22,gaming,35,373,4,32.62,15.56,86.42,0,0,1,1,0
TXN-00010201,12.16,7,electronics,58,819,2,21.67,14.6,91.86,0,0,1,1,0
TXN-00010202,120.14,19,pharmacy,18,1123,2,34.91,26.16,47.07,1,0,1,0,1
TXN-00010203,22.61,20,restaurant,46,1847,3,68.24,29.97,81.21,0,0,1,0,0
TXN-00010204,5.0,3,grocery,72,1050,2,31.73,22.06,55.99,1,0,0,0,0
TXN-00010205,258.17,0,electronics,62,2243,3,23.42,2.21,93.7,0,0,1,0,0
TXN-00010206,17.42,1,restaurant,20,720,2,63.58,6.88,81.77,1,0,1,1,0
TXN-00010207,31.23,3,grocery,52,1195,5,22.53,0.78,67.07,0,0,0,1,0
TXN-00010208,226.55,17,pharmacy,57,320,4,43.08,23.79,95.75,1,0,0,0,0
TXN-00010209,34.85,9,jewelry,48,1419,4,38.61,8.91,97.45,1,0,0,0,0
TXN-00010210,34.07,16,grocery,36,1791,1,53.97,5.62,92.07,0,0,0,0,0
TXN-00010211,11.14,2,online_shopping,57,1089,3,50.63,14.58,80.94,0,1,0,0,0
TXN-00010212,7.27,14,travel,42,467,1,46.18,22.26,82.78,0,0,0,0,0
TXN-00010213,33.96,17,pharmacy,73,924,3,24.29,7.39,82.68,0,0,1,1,0
TXN-00010214,59.2,23,fuel,66,709,2,21.45,11.19,72.64,0,0,1,0,1
TXN-00010215,55.75,7,online_shopping,70,754,3,37.02,3.48,83.2,0,0,0,0,1
TXN-00010216,24.4,13,online_shopping,42,919,4,35.0,9.52,95.01,0,0,0,0,0
TXN-00010217,41.32,11,restaurant,57,455,2,149.81,10.24,78.62,0,0,0,0,0
TXN-00010218,5.88,8,travel,26,1040,2,37.82,6.93,91.33,2,1,1,0,0
TXN-00010219,65.57,15,jewelry,61,737,3,31.86,14.36,77.71,1,1,1,0,0
TXN-00010220,47.92,13,pharmacy,61,1149,2,20.8,27.96,61.88,3,0,1,0,0
TXN-00010221,321.29,19,grocery,62,1149,0,15.49,20.86,64.29,2,0,1,0,0
TXN-00010222,40.77,0,grocery,19,528,4,11.28,3.21,92.23,0,0,0,1,0
TXN-00010223,15.03,5,online_shopping,44,795,2,14.96,35.93,63.48,1,1,1,1,0
TXN-00010224,38.35,13,grocery,33,779,2,24.9,7.81,83.76,0,0,1,0,0
TXN-00010225,28.67,13,online_shopping,71,901,2,56.32,11.92,60.61,0,0,0,0,0
TXN-00010226,63.84,21,restaurant,49,1681,2,39.5,31.65,71.89,1,0,0,0,0
TXN-00010227,41.61,16,grocery,53,650,6,15.89,19.91,94.11,0,0,1,0,1
TXN-00010228,10.77,0,grocery,43,791,5,20.26,3.62,89.91,0,0,0,1,0
TXN-00010229,7.26,11,online_shopping,24,1156,4,27.96,8.55,78.55,0,0,1,0,0
TXN-00010230,53.31,20,cash_withdrawal,53,953,3,24.02,10.93,87.01,0,0,1,0,0
TXN-00010231,172.82,20,fuel,53,1400,4,17.24,27.86,82.94,0,0,1,0,0
TXN-00010232,43.96,19,fuel,40,1137,6,10.0,9.14,96.13,0,0,0,1,1
TXN-00010233,95.01,11,pharmacy,54,788,2,15.04,6.56,84.33,1,0,0,0,0
TXN-00010234,117.15,2,jewelry,40,995,1,15.59,15.21,66.36,2,0,0,0,1
TXN-00010235,53.52,5,online_shopping,56,1577,1,63.01,2.53,64.42,0,0,1,0,0
TXN-00010236,17.2,20,jewelry,38,481,4,74.44,11.46,88.05,2,0,0,0,0
TXN-00010237,49.65,8,electronics,62,509,1,10.0,17.63,94.93,0,0,1,0,0
TXN-00010238,143.66,18,electronics,69,547,4,48.96,3.05,90.88,0,0,1,1,1
TXN-00010239,70.55,0,jewelry,46,804,1,66.24,37.36,70.81,0,0,0,1,1
TXN-00010240,88.74,11,grocery,19,854,4,18.19,23.71,52.94,0,0,1,0,0
TXN-00010241,24.89,22,gaming,57,1695,3,10.42,6.98,83.87,0,0,1,0,0
TXN-00010242,32.71,5,grocery,72,707,2,87.12,24.5,82.73,0,0,0,0,0
TXN-00010243,35.71,0,online_shopping,59,393,1,26.53,18.09,90.22,0,0,1,0,0
TXN-00010244,38.32,6,online_shopping,38,1575,1,68.7,12.41,71.7,3,0,1,0,0
TXN-00010245,137.88,1,online_shopping,50,691,5,31.68,8.1,75.29,1,0,1,0,1
TXN-00010246,5.0,14,restaurant,39,1294,1,78.13,37.19,78.53,0,0,0,0,0
TXN-00010247,41.77,4,online_shopping,62,1450,3,40.5,12.89,88.93,0,1,0,1,0
TXN-00010248,37.21,5,pharmacy,60,1031,1,23.72,22.14,85.06,0,0,0,0,0
TXN-00010249,9.58,14,jewelry,54,900,1,21.91,6.35,72.84,3,0,1,0,0
TXN-00010250,81.89,7,grocery,40,607,3,20.56,27.54,81.98,1,0,1,0,0
TXN-00010251,18.9,15,restaurant,28,597,1,26.29,3.86,90.86,0,0,0,0,0
TXN-00010252,27.8,22,restaurant,53,1477,2,28.69,12.12,90.11,0,0,1,0,0
TXN-00010253,281.81,22,grocery,37,1113,1,38.08,1.06,61.63,0,0,0,0,0
TXN-00010254,116.8,17,cash_withdrawal,70,1482,3,23.2,33.0,81.93,0,0,1,0,0
TXN-00010255,73.94,23,pharmacy,21,716,2,94.04,2.64,50.44,1,0,1,0,0
TXN-00010256,60.33,17,cash_withdrawal,67,1625,2,85.73,10.97,82.2,1,0,1,1,0
TXN-00010257,34.02,1,grocery,63,1919,2,36.14,26.47,89.47,0,0,1,0,0
TXN-00010258,330.08,22,online_shopping,47,459,3,100.02,34.66,73.2,0,0,1,0,0
TXN-00010259,93.9,13,electronics,75,475,1,77.61,8.24,90.15,0,0,1,0,0
TXN-00010260,18.41,0,fuel,59,1335,4,24.82,32.69,92.11,0,0,1,0,0
TXN-00010261,9.3,14,restaurant,20,1003,1,41.03,48.26,91.93,0,0,0,0,0
TXN-00010262,73.35,5,gaming,40,829,4,29.04,20.93,78.61,0,0,0,0,1
TXN-00010263,38.14,12,online_shopping,66,1436,1,77.16,0.29,43.52,0,0,1,0,0
TXN-00010264,9.02,15,online_shopping,63,664,1,17.21,18.61,77.31,0,0,1,1,0
TXN-00010265,63.43,0,cash_withdrawal,27,687,7,12.02,18.35,91.4,0,0,1,1,1
TXN-00010266,30.49,10,online_shopping,27,494,0,29.82,2.87,73.07,1,0,1,1,0
TXN-00010267,70.61,1,electronics,71,1529,2,17.35,0.42,80.04,2,0,1,0,0
TXN-00010268,64.32,2,electronics,20,438,0,17.66,7.16,71.03,0,0,1,0,0
TXN-00010269,21.36,5,travel,73,1441,3,26.86,40.01,81.45,0,0,1,0,0
TXN-00010270,78.61,18,fuel,49,1227,3,22.65,20.47,74.49,0,0,1,0,0
TXN-00010271,23.98,9,online_shopping,64,1464,1,24.98,32.22,72.21,1,0,0,0,0
TXN-00010272,25.67,1,travel,30,515,1,26.35,4.97,84.3,0,0,0,0,0
TXN-00010273,23.13,17,gaming,37,885,4,36.15,28.29,36.42,1,0,0,0,0
TXN-00010274,132.62,13,cash_withdrawal,60,608,7,19.75,10.76,72.85,1,0,0,0,0
TXN-00010275,30.13,3,grocery,27,1832,1,20.99,5.52,75.73,1,0,0,0,0
TXN-00010276,170.9,13,jewelry,23,968,2,53.35,13.91,62.14,0,0,1,1,0
TXN-00010277,263.13,5,jewelry,53,702,2,65.05,4.16,96.28,0,1,0,0,0
TXN-00010278,18.62,15,electronics,18,590,3,96.68,57.86,33.42,1,0,1,1,0
TXN-00010279,5.0,22,grocery,72,1025,1,30.96,24.07,61.79,0,0,1,0,0
TXN-00010280,121.11,7,online_shopping,57,705,3,62.9,10.42,65.56,0,0,0,0,0
TXN-00010281,28.25,17,restaurant,59,748,4,24.72,5.35,91.11,0,0,0,0,0
TXN-00010282,16.29,0,grocery,47,861,1,40.82,1.0,83.33,1,0,0,0,1
TXN-00010283,21.8,9,fuel,54,2360,1,32.24,84.7,64.71,0,0,1,0,0
TXN-00010284,26.17,21,online_shopping,73,945,1,93.64,12.48,81.52,1,0,0,0,0
TXN-00010285,157.91,1,online_shopping,18,690,6,20.14,9.93,80.78,1,0,1,1,1
TXN-00010286,47.84,22,grocery,32,944,4,17.69,36.32,83.33,1,1,1,0,1
TXN-00010287,155.68,2,travel,58,627,4,31.05,2.8,63.53,0,0,0,0,1
TXN-00010288,67.96,11,fuel,25,1822,0,10.0,13.25,76.74,0,0,0,0,0
TXN-00010289,29.23,4,fuel,32,1314,2,31.51,7.39,90.18,1,0,1,0,1
TXN-00010290,26.85,0,cash_withdrawal,19,452,4,10.0,10.11,95.36,0,0,0,0,1
TXN-00010291,72.94,8,fuel,21,1308,0,17.02,1.19,82.71,0,0,0,0,0
TXN-00010292,95.72,13,travel,43,1038,0,29.92,24.03,74.38,0,0,0,0,0
TXN-00010293,115.2,17,grocery,56,1192,1,10.28,14.46,85.96,0,0,0,1,1
TXN-00010294,30.73,7,fuel,23,1549,4,35.43,5.15,84.95,0,0,1,0,0
TXN-00010295,48.62,11,grocery,74,540,2,10.0,15.31,88.05,0,0,1,0,0
TXN-00010296,74.68,4,electronics,62,881,4,28.61,11.47,90.88,0,0,1,1,1
TXN-00010297,27.03,17,grocery,56,1161,2,48.41,35.38,94.74,0,0,1,0,0
TXN-00010298,12.28,4,fuel,22,1467,4,64.05,0.82,53.09,0,0,1,0,0
TXN-00010299,17.35,20,grocery,48,1263,2,81.04,4.95,87.27,1,0,1,0,0
TXN-00010300,31.4,4,gaming,71,867,3,16.91,21.7,64.97,1,0,1,1,1
TXN-00010301,81.07,15,restaurant,31,1522,2,23.02,15.93,69.01,0,0,1,0,0
TXN-00010302,151.7,7,restaurant,49,828,1,19.11,4.73,98.61,0,0,0,0,0
TXN-00010303,9.74,23,cash_withdrawal,50,755,2,52.27,4.33,86.64,1,0,1,0,1
TXN-00010304,21.6,6,fuel,58,291,3,34.3,11.45,89.11,0,0,1,0,0
TXN-00010305,27.78,22,online_shopping,71,491,2,29.76,20.38,71.95,2,0,0,0,0
TXN-00010306,93.17,20,online_shopping,25,833,4,28.77,46.09,83.84,0,0,1,0,0
TXN-00010307,23.23,11,online_shopping,21,508,1,43.36,5.07,76.91,0,0,1,0,0
TXN-00010308,25.76,11,electronics,23,358,3,17.19,14.12,88.0,0,0,0,0,0
TXN-00010309,9.18,8,online_shopping,33,556,3,50.16,1.29,52.19,1,0,0,0,0
TXN-00010310,67.19,10,online_shopping,38,1915,2,37.13,30.48,93.27,0,0,0,0,0
TXN-00010311,34.14,11,electronics,68,443,1,59.15,41.91,94.92,1,0,1,0,0
TXN-00010312,20.35,3,jewelry,48,471,4,23.73,40.18,75.0,1,0,0,1,1
TXN-00010313,30.8,7,fuel,61,1429,2,30.99,21.25,60.87,0,0,0,0,0
TXN-00010314,132.07,21,grocery,51,1149,2,61.1,24.4,86.48,1,0,1,0,0
TXN-00010315,14.08,23,restaurant,73,886,1,14.17,4.42,87.44,1,0,1,1,0
TXN-00010316,16.71,1,travel,37,1371,2,66.06,26.2,74.42,1,0,1,0,0
TXN-00010317,150.64,17,online_shopping,56,963,3,25.33,0.81,74.49,1,0,1,0,0
TXN-00010318,43.8,5,restaurant,33,79,1,49.85,10.72,56.22,0,0,0,0,0
TXN-00010319,81.72,15,online_shopping,31,661,1,50.85,8.43,58.05,0,1,1,0,0
TXN-00010320,61.67,14,fuel,74,2578,0,26.7,6.65,91.55,0,0,1,0,0
TXN-00010321,38.97,21,restaurant,19,963,2,30.63,2.27,65.06,2,0,1,0,0
TXN-00010322,28.06,16,travel,33,1607,5,12.44,25.77,66.32,0,0,1,1,0
TXN-00010323,96.85,19,restaurant,40,1666,2,10.0,25.48,78.99,1,0,0,0,0
TXN-00010324,137.06,19,jewelry,25,1250,2,32.12,3.71,94.92,1,0,1,0,0
TXN-00010325,126.27,15,cash_withdrawal,62,908,2,64.33,7.14,40.79,1,0,1,0,0
TXN-00010326,11.65,9,online_shopping,38,580,3,26.69,40.7,73.96,0,0,0,0,0
TXN-00010327,159.2,8,grocery,44,445,2,10.0,3.21,59.76,2,0,1,1,0
TXN-00010328,27.78,8,grocery,35,1639,2,22.03,2.79,70.01,1,0,1,0,0
TXN-00010329,18.31,8,electronics,69,1115,3,21.7,5.54,72.76,2,0,0,1,0
TXN-00010330,33.86,6,electronics,42,1121,2,23.81,66.45,78.14,0,0,0,0,0
TXN-00010331,96.8,7,pharmacy,63,1246,0,15.42,3.26,90.89,0,0,0,0,0
TXN-00010332,71.34,13,grocery,54,763,1,18.7,5.8,68.29,0,0,0,0,1
TXN-00010333,30.93,6,restaurant,73,1487,3,11.33,14.86,86.15,1,0,0,0,0
TXN-00010334,97.47,8,fuel,52,997,4,114.14,1.51,63.69,0,0,0,0,0
TXN-00010335,46.85,17,cash_withdrawal,75,808,2,88.93,13.54,65.97,0,0,0,0,0
TXN-00010336,22.16,7,restaurant,58,1130,4,16.07,36.82,88.27,0,0,1,0,0
TXN-00010337,19.23,2,fuel,21,1513,1,30.94,31.41,54.39,1,0,0,1,1
TXN-00010338,62.22,0,restaurant,27,790,1,20.33,4.58,87.65,0,1,0,0,1
TXN-00010339,37.09,18,online_shopping,63,2567,4,27.05,14.28,53.67,0,0,1,0,0
TXN-00010340,9.54,22,pharmacy,20,435,1,38.82,50.38,83.14,0,0,1,0,0
TXN-00010341,98.45,16,electronics,29,1206,4,33.92,30.12,81.09,0,0,1,0,0
TXN-00010342,24.43,1,travel,63,622,3,56.75,78.04,70.94,1,0,1,0,0
TXN-00010343,215.23,13,restaurant,38,1009,2,21.5,8.91,97.89,2,0,0,0,1
TXN-00010344,9.27,6,online_shopping,30,1338,2,30.22,16.79,86.93,0,0,1,0,0
TXN-00010345,33.46,7,online_shopping,29,4466,5,10.0,14.08,83.54,0,0,0,0,0
TXN-00010346,19.4,22,restaurant,36,337,3,33.25,4.67,97.06,0,0,0,0,0
TXN-00010347,14.52,19,online_shopping,66,526,3,10.0,2.04,93.02,0,0,0,0,0
TXN-00010348,24.26,17,pharmacy,44,1232,1,13.17,7.53,82.49,1,0,0,1,0
TXN-00010349,259.59,12,online_shopping,73,1530,3,68.47,22.25,83.55,1,1,0,0,0
TXN-00010350,47.02,13,fuel,59,743,1,69.02,24.29,74.2,0,0,0,0,0
TXN-00010351,17.61,21,online_shopping,33,506,5,15.58,6.63,96.08,0,0,0,1,0
TXN-00010352,5.93,15,online_shopping,27,1253,2,91.42,6.97,79.03,0,0,1,0,0
TXN-00010353,6.64,13,online_shopping,72,674,1,47.99,11.92,52.63,0,0,1,0,0
TXN-00010354,23.03,2,gaming,70,1772,3,40.94,0.18,66.24,1,0,0,0,0
TXN-00010355,20.79,23,online_shopping,25,1181,2,14.09,9.02,67.53,0,1,0,0,0
TXN-00010356,31.97,19,restaurant,36,1237,3,97.82,3.76,81.34,1,0,1,0,0
TXN-00010357,5.0,8,restaurant,61,1661,5,48.16,19.25,84.48,1,0,0,0,0
TXN-00010358,36.74,6,travel,74,2274,3,17.89,14.53,97.51,2,0,1,0,0
TXN-00010359,119.0,23,grocery,70,562,4,10.0,14.12,75.22,0,0,0,0,1
TXN-00010360,222.29,22,restaurant,34,823,3,14.06,2.51,80.09,0,0,1,0,0
TXN-00010361,5.53,10,restaurant,70,1771,3,33.19,4.47,92.41,1,0,0,0,1
TXN-00010362,17.44,5,electronics,60,982,3,26.08,12.86,92.73,1,0,0,0,0
TXN-00010363,16.49,19,fuel,44,718,2,79.25,14.42,60.49,2,0,0,0,0
TXN-00010364,47.13,15,grocery,39,926,8,14.96,18.5,80.4,0,0,0,0,0
TXN-00010365,11.24,21,jewelry,65,2180,5,36.59,5.71,60.43,0,0,1,0,0
TXN-00010366,236.6,13,electronics,66,950,5,59.19,19.46,73.29,1,0,0,1,1
TXN-00010367,42.34,13,fuel,71,1310,2,12.73,1.61,59.02,0,0,1,0,0
TXN-00010368,35.54,3,fuel,44,812,2,44.58,24.66,78.03,0,0,0,0,0
TXN-00010369,215.37,14,fuel,33,392,3,29.66,4.11,67.07,1,0,1,0,0
TXN-00010370,39.77,8,restaurant,68,1507,3,20.95,2.71,68.98,0,0,0,0,0
TXN-00010371,61.58,4,fuel,35,811,4,10.0,15.6,67.84,0,0,0,0,1
TXN-00010372,18.39,18,pharmacy,61,1594,2,40.27,14.66,95.75,0,0,0,0,1
TXN-00010373,9.59,8,electronics,47,1281,6,19.33,50.73,67.61,0,0,0,0,0
TXN-00010374,21.31,5,gaming,51,1127,5,23.4,5.36,86.09,0,0,1,0,0
TXN-00010375,401.95,23,pharmacy,30,1837,1,74.5,26.71,92.62,0,0,1,0,0
TXN-00010376,78.62,23,jewelry,32,813,2,29.36,55.11,69.36,0,0,0,0,0
TXN-00010377,53.96,11,fuel,55,1489,2,35.09,7.88,80.14,1,0,0,0,0
TXN-00010378,14.51,7,gaming,33,955,3,106.52,28.03,72.59,0,0,0,0,0
TXN-00010379,105.3,3,pharmacy,56,779,2,33.45,3.95,84.59,1,0,1,0,0
TXN-00010380,9.72,15,pharmacy,75,1218,2,17.85,15.69,81.77,1,0,1,0,0
TXN-00010381,7.8,14,fuel,22,729,0,68.3,24.61,85.59,4,0,0,0,0
TXN-00010382,22.49,14,online_shopping,71,831,5,31.36,21.56,76.01,1,0,0,0,0
TXN-00010383,314.89,18,grocery,27,1046,1,21.45,4.92,50.34,2,0,0,0,0
TXN-00010384,296.72,11,grocery,26,1788,1,16.72,5.07,69.96,0,0,1,0,0
TXN-00010385,25.18,16,gaming,66,1883,3,24.88,6.93,75.03,0,1,1,0,1
TXN-00010386,19.93,15,pharmacy,29,517,2,55.52,7.1,75.65,1,0,0,0,0
TXN-00010387,7.23,19,grocery,55,760,2,20.84,35.48,81.86,0,0,0,0,0
TXN-00010388,43.9,17,electronics,24,1362,1,33.41,24.41,83.73,0,0,0,0,0
TXN-00010389,47.95,0,electronics,23,704,3,17.35,15.19,86.94,1,0,1,0,1
TXN-00010390,92.67,14,online_shopping,29,751,2,75.62,5.85,76.93,2,0,1,0,0
TXN-00010391,105.24,23,online_shopping,48,934,2,12.24,22.11,90.59,0,1,0,0,1
TXN-00010392,32.87,13,grocery,34,1329,2,15.84,7.93,60.54,1,0,0,0,0
TXN-00010393,72.52,12,travel,30,1113,1,19.51,45.48,83.04,1,0,1,0,0
TXN-00010394,19.38,14,travel,66,1896,3,12.37,21.77,85.94,1,0,1,0,1
TXN-00010395,71.09,13,online_shopping,28,1040,3,42.18,1.33,91.11,1,0,0,0,0
TXN-00010396,23.75,9,gaming,23,1122,1,46.66,6.36,85.8,0,0,1,0,0
TXN-00010397,65.52,23,online_shopping,24,954,2,45.59,16.02,70.74,0,0,1,1,0
TXN-00010398,60.19,1,pharmacy,69,1190,3,46.87,2.0,86.78,0,0,1,0,0
TXN-00010399,43.48,19,grocery,45,784,1,11.39,1.03,79.75,1,0,0,0,1
TXN-00010400,93.16,3,restaurant,74,1222,1,35.42,28.83,97.59,2,0,0,0,0
TXN-00010401,7.78,4,fuel,64,694,2,73.37,32.38,77.84,0,0,1,1,0
TXN-00010402,13.22,14,restaurant,34,1713,5,24.02,13.37,87.51,0,0,0,0,0
TXN-00010403,30.46,15,pharmacy,63,985,2,60.37,41.81,96.81,1,0,1,0,0
TXN-00010404,8.89,22,travel,44,2071,4,27.03,0.99,86.13,0,0,0,0,0
TXN-00010405,26.38,7,online_shopping,50,1698,2,27.64,55.47,59.71,1,0,0,0,0
TXN-00010406,27.29,0,restaurant,48,1139,0,13.66,5.1,69.66,1,0,1,0,0
TXN-00010407,160.0,6,grocery,61,1391,2,21.98,17.14,75.67,0,0,1,0,0
TXN-00010408,46.98,13,restaurant,29,1235,4,69.01,19.23,49.58,0,0,1,0,0
TXN-00010409,119.21,8,online_shopping,21,523,3,19.8,5.13,83.81,1,0,1,0,0
TXN-00010410,55.52,6,pharmacy,60,1114,3,102.73,7.49,78.4,0,0,1,0,0
TXN-00010411,23.05,21,grocery,73,1085,0,26.94,8.86,65.35,0,0,1,0,0
TXN-00010412,46.54,13,restaurant,51,950,1,72.02,4.78,63.9,1,0,1,1,1
TXN-00010413,87.0,16,travel,24,1285,0,30.17,1.55,83.54,0,0,0,0,0
TXN-00010414,141.61,17,online_shopping,24,1128,3,10.0,19.75,88.42,0,0,0,0,0
TXN-00010415,35.2,9,electronics,49,1168,4,18.69,4.23,91.89,0,0,1,0,0
TXN-00010416,7.17,17,cash_withdrawal,69,2018,4,18.74,3.85,67.08,0,0,0,0,0
TXN-00010417,6.66,23,electronics,53,1044,2,19.14,10.14,82.43,1,0,0,0,0
TXN-00010418,28.71,17,restaurant,35,1502,1,13.25,5.33,88.72,0,0,1,0,0
TXN-00010419,5.0,7,fuel,54,981,4,15.77,12.2,65.22,0,0,1,0,0
TXN-00010420,266.36,18,fuel,27,2037,1,44.54,1.02,45.91,0,0,1,0,0
TXN-00010421,75.7,5,fuel,45,1363,3,165.27,14.81,88.08,0,0,1,0,0
TXN-00010422,20.75,1,grocery,74,1140,2,34.22,1.71,94.3,0,0,0,0,0
TXN-00010423,12.61,10,cash_withdrawal,54,735,1,23.88,37.51,72.33,0,0,0,0,0
TXN-00010424,119.05,12,cash_withdrawal,23,2060,1,10.0,0.02,70.3,0,0,0,0,0
TXN-00010425,12.56,11,electronics,29,1642,3,108.5,4.28,50.17,0,0,0,0,0
TXN-00010426,13.89,6,fuel,21,706,2,59.9,19.12,94.13,0,0,0,0,0
TXN-00010427,18.1,6,restaurant,41,441,2,22.27,0.33,79.69,1,0,1,0,0
TXN-00010428,45.59,22,online_shopping,31,887,2,36.66,3.75,97.09,0,0,1,0,0
TXN-00010429,77.62,6,grocery,74,620,1,22.04,19.1,78.23,1,0,0,1,0
TXN-00010430,141.5,18,gaming,36,936,2,13.95,8.83,69.07,0,0,0,0,0
TXN-00010431,121.17,6,restaurant,20,1457,6,23.15,39.12,72.98,1,0,0,0,0
TXN-00010432,40.48,2,pharmacy,43,1636,3,52.34,23.25,68.9,2,0,0,0,0
TXN-00010433,118.1,1,grocery,60,417,4,37.99,22.28,90.05,0,0,1,0,0
TXN-00010434,19.99,5,gaming,57,505,1,26.01,0.01,77.32,0,0,0,0,0
TXN-00010435,5.98,20,cash_withdrawal,74,610,3,45.77,15.97,89.26,0,0,0,0,0
TXN-00010436,19.99,10,online_shopping,39,1106,1,24.3,32.84,91.86,0,1,0,0,0
TXN-00010437,17.35,16,online_shopping,48,1690,4,67.24,6.35,86.38,0,0,0,0,0
TXN-00010438,20.83,23,grocery,50,984,3,15.15,3.62,67.64,0,0,0,0,0
TXN-00010439,14.77,1,restaurant,19,410,3,23.71,5.67,71.63,0,0,1,0,0
TXN-00010440,24.92,2,fuel,18,1172,1,50.2,17.02,97.15,0,0,1,0,0
TXN-00010441,77.56,22,electronics,64,808,2,47.82,3.88,83.2,0,0,1,0,0
TXN-00010442,244.94,13,grocery,40,815,1,19.33,4.86,71.22,1,0,1,0,0
TXN-00010443,6.61,14,online_shopping,57,1101,3,16.97,2.94,68.29,0,0,0,0,0
TXN-00010444,10.46,8,grocery,72,1311,2,41.81,1.92,89.84,1,0,0,0,0
TXN-00010445,17.62,19,fuel,32,1601,4,76.07,1.21,43.13,0,0,1,0,0
TXN-00010446,90.38,15,cash_withdrawal,62,1713,2,53.85,24.16,69.31,1,0,1,0,0
TXN-00010447,32.62,6,restaurant,30,1500,1,13.9,17.67,58.23,2,0,1,0,0
TXN-00010448,18.91,15,electronics,60,1419,2,19.35,17.84,96.34,0,0,0,0,0
TXN-00010449,85.85,0,grocery,27,489,2,14.79,3.21,81.41,0,0,1,0,0
TXN-00010450,110.41,5,fuel,35,1365,4,75.24,66.78,76.31,0,0,1,1,0
TXN-00010451,39.66,4,cash_withdrawal,45,945,2,28.79,15.35,90.24,0,0,0,0,0
TXN-00010452,17.17,18,online_shopping,46,1701,2,24.55,3.24,78.25,0,0,0,0,0
TXN-00010453,53.72,17,electronics,19,781,1,35.81,1.48,84.97,0,0,0,0,0
TXN-00010454,31.66,2,online_shopping,66,908,2,40.75,18.58,84.91,1,0,0,0,0
TXN-00010455,31.4,21,travel,18,729,3,23.21,5.6,74.46,0,0,0,0,0
TXN-00010456,23.62,19,online_shopping,69,797,4,35.99,3.2,85.36,0,0,0,0,0
TXN-00010457,106.83,10,cash_withdrawal,29,1872,3,31.99,38.52,82.61,0,1,1,0,0
TXN-00010458,52.58,5,online_shopping,59,747,4,87.07,1.68,90.48,1,0,1,0,0
TXN-00010459,120.0,10,online_shopping,59,1055,0,30.66,1.03,84.58,0,0,1,0,0
TXN-00010460,164.54,14,pharmacy,44,781,0,38.95,11.4,89.41,0,0,0,0,0
TXN-00010461,65.49,15,fuel,49,1054,3,19.89,2.58,74.87,0,0,1,0,0
TXN-00010462,23.76,8,cash_withdrawal,22,1173,6,20.06,9.82,91.79,2,0,0,0,0
TXN-00010463,120.58,2,travel,70,1356,0,40.43,30.5,73.72,0,0,1,0,0
TXN-00010464,65.95,14,restaurant,24,1006,3,16.57,5.18,71.61,0,0,1,0,0
TXN-00010465,622.37,16,gaming,56,1957,1,37.21,29.66,93.18,0,0,1,0,0
TXN-00010466,56.01,6,online_shopping,18,438,1,25.64,42.82,89.37,0,0,1,0,0
TXN-00010467,84.15,15,grocery,61,732,2,44.66,22.48,52.23,0,0,0,0,0
TXN-00010468,54.87,13,restaurant,38,716,1,10.0,13.12,87.53,0,0,0,0,0
TXN-00010469,36.45,12,restaurant,45,632,1,76.6,1.64,86.96,1,0,1,0,0
TXN-00010470,30.82,0,online_shopping,19,1305,2,10.26,19.65,59.21,2,0,1,0,0
TXN-00010471,55.09,7,grocery,30,719,1,96.06,88.08,90.44,0,0,1,0,0
TXN-00010472,69.91,8,online_shopping,43,189,1,31.5,15.51,85.56,1,0,1,0,0
TXN-00010473,135.93,20,cash_withdrawal,59,1119,3,41.85,26.16,72.72,1,0,1,0,0
TXN-00010474,55.94,19,travel,52,1981,3,29.11,0.24,74.2,0,0,1,0,0
TXN-00010475,24.88,20,fuel,33,239,2,31.58,9.81,95.75,0,0,1,0,0
TXN-00010476,28.7,11,fuel,52,1273,3,16.13,4.47,71.02,0,0,0,0,0
TXN-00010477,10.08,7,restaurant,30,1561,3,44.93,18.81,67.51,0,0,0,0,0
TXN-00010478,231.43,11,online_shopping,50,765,2,40.02,36.31,81.11,0,0,1,0,0
TXN-00010479,22.91,19,fuel,49,1188,7,39.5,9.21,95.21,0,0,1,0,0
TXN-00010480,111.7,14,fuel,31,85,0,79.28,6.76,90.24,0,0,0,0,0
TXN-00010481,54.08,14,restaurant,29,1074,4,12.06,15.84,68.4,1,0,0,0,0
TXN-00010482,55.64,10,grocery,48,1343,2,31.6,12.74,56.27,0,0,1,0,0
TXN-00010483,35.75,16,pharmacy,52,806,5,11.39,28.61,92.6,1,0,1,0,0
TXN-00010484,17.69,20,restaurant,74,820,4,64.03,16.38,92.96,0,0,1,0,0
TXN-00010485,14.63,16,travel,46,1203,5,48.22,8.54,51.2,1,0,0,0,1
TXN-00010486,248.36,9,online_shopping,43,1007,0,25.71,0.05,95.42,0,0,0,0,0
TXN-00010487,45.59,20,pharmacy,45,1655,3,53.4,9.55,96.38,1,0,1,0,0
TXN-00010488,131.83,22,online_shopping,68,1048,8,41.47,3.98,95.4,1,0,1,0,0
TXN-00010489,173.15,19,restaurant,35,1225,2,11.41,0.53,61.88,0,0,1,0,0
TXN-00010490,26.27,21,grocery,40,829,3,45.93,0.8,94.91,0,0,1,1,0
TXN-00010491,63.1,6,fuel,39,827,0,17.19,10.29,78.83,1,0,1,0,0
TXN-00010492,42.4,10,online_shopping,54,1436,1,33.21,36.11,66.27,0,1,0,0,0
TXN-00010493,12.0,5,fuel,58,1515,1,55.22,0.07,75.34,0,0,1,0,0
TXN-00010494,33.29,8,grocery,45,480,2,30.93,24.52,72.73,0,0,1,0,0
TXN-00010495,74.95,17,grocery,33,915,2,28.72,96.9,89.15,0,0,0,0,0
TXN-00010496,23.95,16,travel,57,1231,0,75.49,21.92,95.6,0,0,0,0,0
TXN-00010497,28.76,0,travel,33,260,2,33.62,17.53,65.86,0,1,1,0,0
TXN-00010498,33.72,18,restaurant,70,908,4,25.34,5.67,65.2,1,0,0,0,0
TXN-00010499,371.34,4,online_shopping,54,2422,1,10.71,0.59,97.73,0,1,0,0,0
TXN-00010500,5.9,4,gaming,43,641,5,30.45,0.78,81.31,1,0,0,0,0
TXN-00010501,68.49,13,travel,31,628,4,47.2,11.02,87.34,1,0,1,0,0
TXN-00010502,31.0,5,cash_withdrawal,61,976,4,79.16,30.68,82.26,0,0,1,0,0
TXN-00010503,20.64,23,cash_withdrawal,53,1013,5,10.85,7.9,75.83,0,0,0,0,0
TXN-00010504,30.21,3,online_shopping,69,858,3,40.12,5.92,74.09,0,0,1,0,0
TXN-00010505,81.51,3,travel,58,1531,9,46.9,10.1,81.27,0,0,1,0,0
TXN-00010506,86.55,18,pharmacy,63,359,1,22.76,13.14,81.05,0,0,1,1,0
TXN-00010507,49.17,6,grocery,23,616,1,88.13,5.41,59.32,1,0,1,0,0
TXN-00010508,127.41,17,restaurant,19,911,3,17.37,7.07,62.22,0,0,1,0,0
TXN-00010509,153.28,16,pharmacy,56,1690,1,98.58,2.61,95.69,0,0,1,0,0
TXN-00010510,95.32,4,restaurant,18,737,4,32.8,27.59,66.27,1,0,1,0,0
TXN-00010511,22.79,13,cash_withdrawal,69,582,2,49.45,22.93,79.83,0,0,1,0,0
TXN-00010512,67.98,12,cash_withdrawal,69,299,3,23.0,1.44,86.3,1,0,1,0,0
TXN-00010513,68.32,2,online_shopping,51,547,1,11.05,11.27,64.57,1,0,1,0,0
TXN-00010514,17.18,18,gaming,60,318,5,28.02,5.11,91.62,0,0,0,0,0
TXN-00010515,7.78,20,grocery,42,711,3,45.64,10.2,83.02,2,0,1,1,0
TXN-00010516,5.0,22,fuel,73,1292,2,21.07,4.04,87.63,0,1,0,0,0
TXN-00010517,43.53,2,jewelry,20,1182,0,24.97,3.52,72.8,0,0,1,0,0
TXN-00010518,55.31,4,travel,34,1325,0,31.62,1.9,89.26,0,0,1,0,0
TXN-00010519,11.69,19,online_shopping,58,497,0,11.17,8.13,88.28,0,0,0,1,0
TXN-00010520,121.31,7,grocery,63,406,4,24.91,38.3,82.75,2,0,1,0,0
TXN-00010521,47.46,15,cash_withdrawal,32,1151,4,34.35,34.27,74.94,0,0,1,0,1
TXN-00010522,166.82,8,restaurant,64,1469,3,21.24,42.22,69.43,1,0,0,0,0
TXN-00010523,59.68,5,online_shopping,44,976,3,67.11,17.92,72.99,0,0,0,0,0
TXN-00010524,13.2,14,pharmacy,67,1195,3,34.71,6.55,70.25,3,0,0,0,0
TXN-00010525,65.44,4,electronics,33,942,2,10.0,7.59,79.04,2,0,0,0,1
TXN-00010526,81.75,3,restaurant,58,764,4,21.49,4.46,67.07,1,0,0,0,1
TXN-00010527,22.76,12,electronics,30,831,3,19.09,26.05,42.82,1,0,1,0,0
TXN-00010528,8.9,4,restaurant,26,1457,3,17.17,57.7,96.01,0,0,1,0,0
TXN-00010529,44.94,4,gaming,58,934,2,81.37,34.6,73.69,1,0,1,0,1
TXN-00010530,14.14,18,grocery,57,1449,3,44.96,10.53,75.78,0,1,0,0,0
TXN-00010531,131.23,12,grocery,35,1050,1,23.39,13.44,86.51,0,0,1,0,0
TXN-00010532,26.38,13,pharmacy,53,705,3,22.07,70.57,91.3,0,0,1,1,0
TXN-00010533,247.36,3,travel,72,1231,1,24.37,17.76,87.9,0,0,1,0,0
TXN-00010534,5.0,3,grocery,37,951,1,20.49,15.45,82.01,0,0,1,0,0
TXN-00010535,46.6,9,online_shopping,47,1617,3,19.04,3.41,81.96,1,0,1,1,1
TXN-00010536,181.43,9,online_shopping,30,625,0,41.62,12.25,81.8,0,0,0,0,0
TXN-00010537,15.88,10,online_shopping,48,322,3,10.0,24.38,87.69,0,1,1,0,0
TXN-00010538,34.22,3,grocery,69,1296,5,41.99,1.06,80.62,0,0,0,0,1
TXN-00010539,26.49,21,fuel,54,1786,2,11.12,6.39,69.91,2,0,1,0,0
TXN-00010540,19.73,8,online_shopping,26,1468,2,41.78,8.55,47.07,0,0,1,0,0
TXN-00010541,52.29,19,grocery,60,1860,5,59.91,20.55,80.64,0,0,1,0,0
TXN-00010542,10.38,9,electronics,42,2056,3,15.23,10.93,66.03,0,0,1,0,0
TXN-00010543,36.0,11,grocery,19,885,6,18.63,2.7,89.59,1,0,1,0,0
TXN-00010544,69.53,2,online_shopping,54,560,1,56.47,1.41,80.48,0,0,0,0,0
TXN-00010545,32.27,16,grocery,35,188,1,24.44,38.94,80.44,0,1,0,0,0
TXN-00010546,14.15,1,grocery,74,340,0,18.03,29.96,57.82,0,0,1,1,0
TXN-00010547,119.31,17,online_shopping,75,1267,6,18.72,16.65,91.82,1,0,1,0,0
TXN-00010548,87.07,21,cash_withdrawal,56,355,1,144.13,8.78,80.75,0,0,1,0,0
TXN-00010549,13.55,8,pharmacy,54,1106,1,21.7,38.8,75.0,0,0,0,0,0
TXN-00010550,10.39,21,gaming,35,1310,9,41.65,15.72,73.21,1,0,1,0,0
TXN-00010551,14.89,16,restaurant,22,996,1,45.74,4.83,72.88,0,0,0,0,0
TXN-00010552,71.7,0,cash_withdrawal,21,822,3,82.83,1.02,86.35,0,0,1,0,1
TXN-00010553,54.02,4,grocery,44,607,2,105.19,16.77,99.11,1,0,1,0,0
TXN-00010554,92.72,15,grocery,36,1923,1,10.0,3.36,72.33,0,0,0,0,1
TXN-00010555,28.72,16,fuel,73,211,1,76.97,10.27,73.14,1,0,1,0,0
TXN-00010556,15.32,2,restaurant,34,606,0,32.83,26.56,89.68,2,0,1,0,0
TXN-00010557,106.14,16,fuel,30,825,3,15.37,5.18,84.58,0,1,1,0,0
TXN-00010558,22.62,19,restaurant,65,774,5,56.61,24.34,64.25,1,0,1,0,0
TXN-00010559,49.2,2,grocery,66,1352,0,16.67,16.39,76.65,0,0,0,0,0
TXN-00010560,7.95,21,online_shopping,39,1049,4,69.51,0.68,90.05,0,0,1,0,0
TXN-00010561,22.24,12,online_shopping,22,469,2,23.39,4.08,89.59,0,0,0,0,0
TXN-00010562,116.73,14,online_shopping,23,1423,2,60.34,6.32,88.39,2,0,1,0,0
TXN-00010563,19.07,1,travel,48,605,4,48.54,25.98,88.06,1,0,0,0,0
TXN-00010564,95.13,14,grocery,68,1116,0,13.67,4.1,68.13,0,0,1,0,0
TXN-00010565,5.0,10,restaurant,40,1839,4,11.99,2.16,77.39,0,1,0,0,0
TXN-00010566,22.48,8,restaurant,19,685,1,33.43,10.61,96.8,1,0,1,0,0
TXN-00010567,33.79,18,restaurant,39,706,4,21.85,11.05,88.71,2,0,0,1,1
TXN-00010568,252.06,5,grocery,18,885,9,46.09,94.08,79.9,0,1,1,0,1
TXN-00010569,11.85,1,jewelry,42,902,2,25.74,13.06,85.16,1,0,0,0,0
TXN-00010570,81.82,11,fuel,45,1070,3,17.04,33.18,80.47,0,0,0,0,0
TXN-00010571,122.7,17,online_shopping,60,1242,2,37.53,7.13,90.0,0,1,1,0,0
TXN-00010572,18.96,3,travel,22,586,5,10.0,22.37,83.02,0,0,1,0,0
TXN-00010573,27.32,23,grocery,45,952,4,12.64,2.83,79.55,1,1,1,1,0
TXN-00010574,46.93,16,online_shopping,28,534,1,15.27,0.61,87.33,1,0,0,0,0
TXN-00010575,8.54,22,restaurant,45,1324,1,10.0,3.16,86.83,0,0,0,0,0
TXN-00010576,25.08,11,grocery,75,1583,1,37.94,2.07,87.51,0,0,0,0,0
TXN-00010577,154.46,2,online_shopping,60,771,2,17.19,21.65,70.41,1,1,0,0,0
TXN-00010578,70.02,4,online_shopping,66,1024,2,34.92,5.31,55.97,0,0,1,0,0
TXN-00010579,34.31,12,grocery,20,1789,1,48.67,15.61,71.05,0,0,1,0,0
TXN-00010580,45.55,14,electronics,62,1151,4,68.3,57.34,67.42,3,0,0,0,0
TXN-00010581,74.44,17,gaming,68,536,2,50.34,1.36,86.63,2,0,1,0,0
TXN-00010582,91.02,19,grocery,56,391,2,10.58,5.62,71.98,2,0,0,0,0
TXN-00010583,22.55,18,grocery,63,635,1,16.66,15.94,63.42,2,0,0,0,0
TXN-00010584,202.65,14,cash_withdrawal,20,849,2,10.0,17.95,76.37,2,0,0,0,0
TXN-00010585,161.12,0,electronics,60,1401,3,16.5,8.24,84.95,0,0,1,1,0
TXN-00010586,82.36,12,fuel,66,810,0,77.69,6.85,86.01,0,0,0,0,0
TXN-00010587,16.69,19,electronics,31,514,3,36.37,19.15,60.61,2,0,0,0,0
TXN-00010588,13.86,20,restaurant,45,834,1,57.2,28.38,75.27,0,0,0,0,0
TXN-00010589,28.7,20,fuel,42,858,1,12.57,38.53,74.66,1,0,1,0,0
TXN-00010590,43.11,0,cash_withdrawal,23,650,2,26.21,29.96,81.08,0,1,1,0,0
TXN-00010591,6.32,10,grocery,25,813,2,44.18,4.54,53.67,0,0,1,0,0
TXN-00010592,67.99,14,online_shopping,35,1030,5,15.56,7.52,84.52,0,0,0,0,0
TXN-00010593,156.31,5,cash_withdrawal,24,361,2,25.91,1.48,87.69,1,1,0,0,0
TXN-00010594,74.09,9,restaurant,47,860,1,55.39,11.03,74.06,0,0,1,0,0
TXN-00010595,19.89,2,online_shopping,21,2639,2,57.44,25.9,92.97,0,0,1,0,0
TXN-00010596,17.56,4,online_shopping,18,1131,0,42.25,30.52,50.82,0,0,1,0,0
TXN-00010597,55.41,0,grocery,54,1412,1,29.21,101.75,61.51,0,0,0,0,0
TXN-00010598,34.43,23,electronics,32,1782,2,32.18,20.36,65.11,0,0,1,0,0
TXN-00010599,64.41,20,pharmacy,39,1945,2,14.5,1.09,79.12,0,0,0,1,0
TXN-00010600,76.08,9,restaurant,37,714,5,101.63,0.77,94.19,0,0,0,1,1
TXN-00010601,127.29,0,cash_withdrawal,45,379,2,12.98,19.54,85.46,0,0,1,0,1
TXN-00010602,12.32,8,fuel,44,1527,1,69.56,35.21,91.13,0,0,1,0,0
TXN-00010603,51.04,10,travel,25,855,2,10.0,36.6,96.08,0,0,0,0,0
TXN-00010604,27.61,4,travel,18,878,4,25.09,1.15,82.43,0,1,0,0,0
TXN-00010605,36.47,15,restaurant,43,1234,1,38.29,20.2,84.28,0,0,0,0,0
TXN-00010606,100.25,23,restaurant,50,960,1,18.64,3.92,90.1,0,0,0,1,1
TXN-00010607,112.37,20,electronics,62,1078,2,11.27,32.97,87.39,0,0,0,0,0
TXN-00010608,175.63,20,fuel,29,1122,1,17.52,28.15,71.58,0,0,1,0,0
TXN-00010609,63.24,19,cash_withdrawal,22,1536,2,25.46,16.8,72.98,0,0,0,0,0
TXN-00010610,36.03,1,gaming,52,1179,1,33.38,7.74,63.91,2,0,1,0,0
TXN-00010611,31.02,13,online_shopping,70,528,1,27.67,44.9,86.14,2,1,1,0,0
TXN-00010612,6.54,13,online_shopping,31,522,4,32.48,2.87,87.17,2,1,0,0,0
TXN-00010613,165.13,2,grocery,22,681,2,37.19,9.12,57.79,1,1,1,1,1
TXN-00010614,28.85,3,jewelry,41,1147,3,46.31,26.18,52.03,0,0,1,0,0
TXN-00010615,68.8,13,online_shopping,50,552,2,22.18,9.23,94.3,0,0,0,0,0
TXN-00010616,82.51,17,electronics,54,552,0,37.35,21.99,87.9,0,0,0,0,0
TXN-00010617,10.94,5,restaurant,24,1107,2,13.95,24.22,83.55,1,0,0,0,0
TXN-00010618,15.34,11,restaurant,56,712,2,10.52,31.98,61.73,0,0,1,0,0
TXN-00010619,205.28,1,gaming,37,1869,4,22.13,17.36,78.86,1,0,1,0,0
TXN-00010620,54.87,2,travel,19,731,1,225.5,13.81,78.87,1,0,1,0,0
TXN-00010621,21.99,13,grocery,71,1345,3,29.7,11.89,70.36,1,0,0,0,0
TXN-00010622,35.42,13,electronics,49,891,4,51.73,11.53,75.07,2,0,1,0,0
TXN-00010623,126.54,18,travel,35,493,5,64.79,17.47,93.79,2,0,0,0,0
TXN-00010624,107.88,21,travel,65,719,2,24.47,4.42,59.45,1,0,1,0,0
TXN-00010625,8.68,4,online_shopping,64,922,3,78.71,40.08,85.0,0,0,1,0,0
TXN-00010626,224.98,8,cash_withdrawal,29,726,4,41.34,49.58,48.01,0,0,0,0,0
TXN-00010627,111.55,20,grocery,73,1768,4,60.92,9.64,96.58,1,0,0,1,1
TXN-00010628,34.46,1,restaurant,48,590,2,34.05,0.28,94.41,0,0,1,0,0
TXN-00010629,11.57,19,restaurant,33,771,2,35.31,8.04,86.98,1,0,1,0,0
TXN-00010630,122.33,22,jewelry,43,1172,0,75.68,5.72,92.1,1,0,1,0,0
TXN-00010631,66.7,2,jewelry,28,2146,1,21.83,6.57,66.61,1,0,1,0,0
TXN-00010632,8.75,3,restaurant,67,1255,3,37.19,12.4,84.15,0,0,1,0,0
TXN-00010633,31.7,16,grocery,33,1136,4,31.9,14.3,67.18,1,0,1,0,0
TXN-00010634,1077.59,11,travel,43,1434,2,32.81,3.9,89.39,0,0,1,0,0
TXN-00010635,41.15,23,online_shopping,21,1622,2,47.27,11.75,75.69,0,1,1,0,0
TXN-00010636,18.56,13,restaurant,72,1786,3,37.36,10.06,60.97,0,0,1,0,0
TXN-00010637,14.03,15,electronics,35,1253,4,28.86,15.26,96.52,1,0,0,0,0
TXN-00010638,260.01,5,restaurant,55,1060,3,90.37,1.58,87.31,3,0,0,0,0
TXN-00010639,98.51,7,grocery,38,601,4,38.96,42.66,71.77,0,1,1,0,0
TXN-00010640,177.29,4,fuel,50,1099,0,20.02,15.85,80.56,0,0,0,1,1
TXN-00010641,52.49,3,electronics,50,1951,2,30.51,13.43,88.11,1,0,1,0,0
TXN-00010642,150.92,2,cash_withdrawal,34,246,2,30.43,18.1,87.17,1,0,1,0,0
TXN-00010643,16.6,21,restaurant,43,1695,1,21.17,33.57,62.22,0,0,0,1,0
TXN-00010644,47.98,1,online_shopping,52,1058,4,22.66,2.76,48.97,0,0,1,0,0
TXN-00010645,54.67,12,jewelry,30,1508,2,28.11,1.2,81.11,0,0,1,0,0
TXN-00010646,172.7,12,grocery,25,1280,7,41.95,14.29,98.31,1,0,1,0,1
TXN-00010647,56.53,1,restaurant,28,980,6,14.5,18.04,72.69,0,0,0,0,1
TXN-00010648,20.97,20,online_shopping,42,1057,9,43.77,63.35,27.29,0,0,0,0,0
TXN-00010649,43.26,12,travel,30,1331,3,26.43,7.63,55.19,2,0,1,0,0
TXN-00010650,6.96,3,pharmacy,34,621,3,14.91,19.84,64.64,2,0,0,0,1
TXN-00010651,5.0,3,online_shopping,57,984,2,42.3,19.07,84.07,0,0,0,0,0
TXN-00010652,96.83,16,grocery,56,1243,7,36.97,8.33,81.65,0,0,1,0,1
TXN-00010653,27.29,14,online_shopping,72,1397,3,43.86,2.57,70.37,0,0,0,0,0
TXN-00010654,30.74,9,online_shopping,62,1329,2,62.09,17.94,54.84,0,0,0,0,0
TXN-00010655,96.79,9,travel,42,845,1,99.5,30.81,65.39,1,0,1,1,1
TXN-00010656,175.36,0,online_shopping,71,1021,2,31.91,0.55,62.45,0,0,0,0,0
TXN-00010657,70.9,0,online_shopping,71,521,2,25.37,3.66,89.39,0,0,1,0,0
TXN-00010658,306.27,12,restaurant,30,1652,4,28.0,9.51,92.77,1,0,1,0,0
TXN-00010659,68.57,8,restaurant,27,1118,3,24.08,7.06,93.1,2,0,0,0,0
TXN-00010660,55.55,6,restaurant,69,1018,1,21.24,16.75,93.94,2,0,1,0,0
TXN-00010661,52.06,9,electronics,69,1016,2,30.66,9.3,81.85,0,0,0,0,0
TXN-00010662,10.49,14,online_shopping,67,900,2,11.24,28.93,78.09,0,0,0,1,0
TXN-00010663,110.37,7,grocery,44,1409,2,52.28,1.11,71.41,0,0,1,0,0
TXN-00010664,5.0,8,online_shopping,68,1029,5,38.24,14.73,96.5,1,0,1,0,0
TXN-00010665,21.86,6,grocery,62,596,3,81.34,0.67,88.98,0,0,1,0,0
TXN-00010666,41.43,15,online_shopping,60,691,4,17.35,11.3,86.28,1,0,1,0,0
TXN-00010667,17.65,1,grocery,52,477,1,77.25,25.41,91.47,0,0,0,0,0
TXN-00010668,25.17,22,online_shopping,33,1913,2,56.23,15.67,74.41,1,0,1,0,0
TXN-00010669,279.04,13,online_shopping,61,936,4,16.38,6.59,92.02,1,0,1,0,1
TXN-00010670,128.92,5,travel,68,2011,0,14.92,3.01,61.68,0,0,1,0,0
TXN-00010671,19.69,18,electronics,69,1082,2,37.77,12.17,81.82,1,0,1,0,0
TXN-00010672,24.7,22,restaurant,52,825,4,44.35,44.96,77.64,0,0,0,0,0
TXN-00010673,10.58,1,electronics,20,911,2,50.7,4.15,72.28,1,0,1,0,0
TXN-00010674,84.8,4,cash_withdrawal,60,1065,1,20.19,5.02,73.22,1,0,1,0,0
TXN-00010675,31.12,3,gaming,32,605,3,144.45,15.25,62.12,1,0,0,0,0
TXN-00010676,5.13,1,online_shopping,29,512,3,14.65,3.15,95.88,2,0,0,0,0
TXN-00010677,44.96,17,grocery,22,1572,0,64.91,12.45,85.64,0,1,1,0,0
TXN-00010678,64.13,4,online_shopping,27,804,2,10.0,13.82,88.93,0,0,1,0,0
TXN-00010679,111.2,9,pharmacy,46,2035,2,18.26,18.16,92.22,0,0,1,0,0
TXN-00010680,37.45,19,gaming,34,1264,1,54.0,6.04,63.09,0,1,1,0,0
TXN-00010681,27.35,14,gaming,40,772,4,94.65,26.03,68.86,0,1,1,0,1
TXN-00010682,325.57,16,electronics,47,2402,4,62.96,7.46,37.74,0,1,0,0,1
TXN-00010683,40.73,2,gaming,48,1609,4,27.34,14.34,88.02,0,0,1,0,0
TXN-00010684,86.1,23,restaurant,42,435,4,14.36,2.34,66.11,0,0,1,0,0
TXN-00010685,22.95,1,restaurant,44,661,2,69.53,0.9,86.14,0,0,0,0,1
TXN-00010686,83.46,17,online_shopping,69,122,3,27.1,13.41,76.9,0,0,0,0,0
TXN-00010687,8.77,15,online_shopping,34,868,3,77.99,56.83,85.48,0,0,0,0,0
TXN-00010688,24.9,9,pharmacy,18,2252,1,64.06,1.82,83.59,1,1,1,0,0
TXN-00010689,11.37,20,electronics,64,353,1,42.9,7.58,79.13,0,0,1,0,0
TXN-00010690,21.43,21,electronics,22,1156,1,17.97,17.07,70.85,0,0,0,0,0
TXN-00010691,150.35,1,online_shopping,62,2668,0,18.69,17.88,79.22,0,0,0,0,0
TXN-00010692,21.26,22,grocery,36,897,2,45.08,16.25,81.84,1,0,1,0,0
TXN-00010693,85.98,5,electronics,66,1123,3,33.83,33.16,89.21,0,0,0,0,0
TXN-00010694,198.96,18,grocery,27,797,1,104.34,15.93,41.35,0,0,0,0,0
TXN-00010695,39.29,19,gaming,27,651,3,45.72,22.26,83.43,0,0,1,0,0
TXN-00010696,114.83,13,grocery,41,1387,3,43.29,2.02,92.31,0,0,0,1,0
TXN-00010697,70.64,20,restaurant,42,1406,1,84.38,5.18,88.73,1,0,0,0,0
TXN-00010698,45.71,19,electronics,59,1212,2,20.37,16.42,80.05,0,0,0,0,0
TXN-00010699,88.93,12,fuel,55,733,2,43.34,21.43,72.38,1,0,1,0,0
TXN-00010700,279.2,4,gaming,75,1222,2,17.73,10.74,83.84,1,0,0,0,1
TXN-00010701,20.72,10,cash_withdrawal,57,420,1,55.41,15.02,75.47,1,0,1,0,0
TXN-00010702,14.77,21,restaurant,29,1283,3,86.57,18.06,92.06,0,1,1,0,0
TXN-00010703,13.89,4,electronics,23,628,2,35.08,4.54,77.24,0,0,0,0,0
TXN-00010704,114.91,23,online_shopping,33,603,4,10.35,89.31,43.6,0,0,0,1,1
TXN-00010705,132.4,4,grocery,75,1964,3,59.9,0.56,43.3,1,0,0,1,0
TXN-00010706,23.01,15,online_shopping,62,204,3,82.9,12.93,75.72,2,0,0,0,1
TXN-00010707,5.0,15,electronics,60,884,3,19.15,22.51,74.17,0,0,1,0,0
TXN-00010708,19.92,4,online_shopping,33,444,3,20.11,19.66,93.68,0,0,0,0,0
TXN-00010709,71.9,11,electronics,45,1048,0,58.72,8.33,93.03,1,0,0,0,0
TXN-00010710,37.71,3,online_shopping,58,664,3,17.04,9.76,65.08,0,0,0,0,0
TXN-00010711,48.88,8,restaurant,72,462,3,15.05,23.07,83.96,0,0,0,0,0
TXN-00010712,23.35,23,online_shopping,51,803,1,17.31,6.94,88.81,0,0,1,0,0
TXN-00010713,117.31,1,grocery,19,578,4,23.23,6.99,94.87,0,0,1,0,1
TXN-00010714,57.99,20,online_shopping,67,591,4,50.52,5.93,52.48,1,0,1,0,0
TXN-00010715,74.87,16,gaming,72,1305,2,34.47,90.76,58.43,0,0,1,0,0
TXN-00010716,47.8,17,travel,19,407,4,57.85,37.69,80.18,2,1,0,0,0
TXN-00010717,70.15,6,electronics,40,241,2,45.15,3.92,73.75,0,0,1,0,0
TXN-00010718,65.46,22,electronics,74,1079,2,74.86,2.33,89.1,0,0,0,0,0
TXN-00010719,15.26,6,pharmacy,73,879,0,61.55,3.66,85.51,2,1,1,0,0
TXN-00010720,59.84,12,restaurant,73,650,2,15.14,8.7,89.1,0,0,1,0,0
TXN-00010721,92.86,0,fuel,74,1299,3,24.85,6.07,81.9,0,0,1,0,0
TXN-00010722,136.03,21,online_shopping,19,2049,2,71.44,30.17,81.78,0,0,1,0,0
TXN-00010723,62.61,16,gaming,26,942,4,40.51,30.79,90.64,1,0,1,0,0
TXN-00010724,14.68,3,restaurant,46,953,3,22.12,3.46,79.77,1,0,1,0,0
TXN-00010725,17.26,15,online_shopping,52,500,6,24.39,0.89,80.46,0,0,0,0,0
TXN-00010726,25.61,4,fuel,41,419,1,54.72,23.62,60.09,0,0,0,0,0
TXN-00010727,49.35,10,travel,33,897,3,24.47,26.8,53.06,0,0,0,0,0
TXN-00010728,35.58,12,travel,32,340,1,64.97,47.47,47.44,0,0,0,0,0
TXN-00010729,12.43,22,travel,52,306,1,27.12,9.08,42.25,0,0,1,0,0
TXN-00010730,12.35,7,pharmacy,74,1165,3,81.47,11.32,58.89,0,0,0,0,1
TXN-00010731,5.0,0,pharmacy,65,421,2,66.06,2.88,78.66,0,0,0,0,0
TXN-00010732,5.0,10,electronics,28,1189,0,21.3,7.35,91.28,2,0,0,0,0
TXN-00010733,35.22,22,fuel,26,1674,0,50.92,34.97,89.03,1,0,0,0,0
TXN-00010734,462.31,19,travel,33,1120,4,12.59,4.1,89.7,0,0,1,1,1
TXN-00010735,266.83,1,pharmacy,60,380,0,31.82,7.29,70.03,1,0,1,1,1
TXN-00010736,14.48,1,electronics,18,2411,2,30.18,19.27,90.17,1,1,0,0,0
TXN-00010737,47.34,18,pharmacy,58,986,1,10.08,17.53,90.99,0,0,1,0,0
TXN-00010738,8.69,17,jewelry,51,943,3,10.0,7.91,41.75,0,1,0,0,0
TXN-00010739,10.2,13,gaming,56,868,1,65.86,1.64,66.36,0,1,0,0,0
TXN-00010740,11.5,2,online_shopping,67,639,4,29.44,1.83,75.1,0,0,1,0,1
TXN-00010741,31.92,6,travel,52,523,1,33.32,3.22,95.11,2,0,1,0,1
TXN-00010742,33.4,20,pharmacy,54,204,1,24.86,11.64,35.4,0,0,0,0,0
TXN-00010743,52.74,3,gaming,45,442,3,68.28,11.25,73.75,0,0,0,0,0
TXN-00010744,81.16,4,electronics,55,823,4,11.33,5.0,68.37,0,0,1,0,1
TXN-00010745,28.4,10,travel,40,1158,2,51.96,0.87,67.72,2,0,0,0,1
TXN-00010746,42.01,17,grocery,21,556,2,108.48,23.72,81.77,1,0,1,0,1
TXN-00010747,12.83,19,grocery,19,1085,2,17.79,8.66,81.0,0,1,1,0,0
TXN-00010748,9.86,14,fuel,59,791,1,15.99,5.58,59.66,2,0,0,0,0
TXN-00010749,8.38,11,online_shopping,54,892,7,38.57,11.76,89.84,1,0,1,0,0
TXN-00010750,79.97,9,grocery,41,1455,2,45.78,1.82,66.09,0,0,1,0,0
TXN-00010751,28.37,1,grocery,61,1089,4,13.03,13.54,82.7,0,0,0,0,0
TXN-00010752,5.67,6,cash_withdrawal,45,1205,2,23.77,0.18,88.03,0,0,1,0,0
TXN-00010753,37.85,5,grocery,32,2537,3,80.45,5.9,87.24,1,0,1,0,0
TXN-00010754,10.9,1,electronics,51,559,1,104.04,1.8,65.66,1,0,1,0,0
TXN-00010755,231.23,17,fuel,39,1393,1,26.97,1.07,84.88,0,0,0,0,0
TXN-00010756,22.03,8,fuel,74,1192,0,32.67,9.08,85.92,0,0,1,0,0
TXN-00010757,82.73,12,grocery,59,1189,3,36.91,18.38,95.19,0,0,0,0,0
TXN-00010758,126.9,4,restaurant,61,1021,1,10.0,6.32,47.29,1,0,1,1,1
TXN-00010759,14.84,14,fuel,57,1133,2,18.38,14.21,64.11,0,0,1,1,0
TXN-00010760,43.81,3,cash_withdrawal,57,805,2,29.02,2.22,47.07,0,0,1,0,0
TXN-00010761,72.32,16,fuel,62,951,7,137.6,43.49,67.82,0,0,1,0,0
TXN-00010762,45.66,17,online_shopping,43,1559,2,39.5,19.71,88.84,1,1,0,0,0
TXN-00010763,59.1,7,electronics,65,680,1,77.39,3.72,66.34,0,1,1,0,0
TXN-00010764,10.01,5,travel,19,722,1,26.5,10.09,83.56,0,0,0,0,0
TXN-00010765,72.37,18,electronics,56,1152,5,40.14,0.6,58.53,1,0,1,0,0
TXN-00010766,24.28,5,online_shopping,49,1099,2,16.05,4.65,80.62,0,1,1,0,0
TXN-00010767,58.38,4,restaurant,18,788,3,11.45,11.53,70.63,0,0,0,0,0
TXN-00010768,106.27,8,online_shopping,56,1169,4,14.34,40.58,84.21,1,0,0,0,0
TXN-00010769,81.63,23,online_shopping,18,1162,2,22.4,0.72,71.89,0,0,1,0,0
TXN-00010770,58.33,11,restaurant,58,2347,1,28.01,3.33,95.1,1,0,1,1,0
TXN-00010771,79.38,6,online_shopping,48,2724,1,19.65,18.12,69.84,0,0,0,0,0
TXN-00010772,83.33,12,online_shopping,53,2948,1,10.0,6.24,53.98,0,0,0,0,0
TXN-00010773,194.47,8,fuel,53,1156,3,45.62,19.07,80.49,0,0,1,0,0
TXN-00010774,39.03,15,restaurant,35,1464,3,16.59,17.66,63.94,1,0,0,0,0
TXN-00010775,48.05,10,travel,54,1142,3,29.02,7.58,72.92,0,0,1,0,0
TXN-00010776,107.63,14,grocery,30,901,4,17.52,12.76,64.21,0,0,1,0,0
TXN-00010777,24.17,10,gaming,62,1197,2,54.15,3.44,67.54,0,0,1,0,0
TXN-00010778,9.95,11,restaurant,23,892,4,10.0,47.65,83.04,1,0,1,0,0
TXN-00010779,67.89,10,cash_withdrawal,26,981,4,50.49,39.75,89.51,2,0,1,0,0
TXN-00010780,32.58,9,restaurant,58,937,4,20.78,2.53,83.66,0,0,1,1,0
TXN-00010781,11.38,23,cash_withdrawal,21,943,0,22.35,32.73,91.18,0,0,0,0,0
TXN-00010782,68.41,6,electronics,74,686,3,28.34,2.19,81.95,0,0,1,0,0
TXN-00010783,181.76,19,electronics,19,1397,1,26.32,35.58,76.53,0,0,0,0,0
TXN-00010784,7.31,17,cash_withdrawal,48,1180,1,68.21,51.34,73.44,0,0,1,0,1
TXN-00010785,118.33,12,fuel,75,672,1,41.95,20.0,75.73,2,0,0,0,1
TXN-00010786,5.0,7,travel,57,924,2,65.39,14.55,76.75,0,0,1,0,0
TXN-00010787,26.57,11,jewelry,54,542,3,37.97,1.32,56.35,0,0,0,0,0
TXN-00010788,279.37,20,fuel,58,1060,1,25.13,15.53,81.75,0,0,0,0,0
TXN-00010789,28.65,4,pharmacy,58,1553,3,25.41,23.58,86.23,0,0,0,0,0
TXN-00010790,44.45,14,cash_withdrawal,27,812,1,10.0,11.49,69.32,2,0,1,0,1
TXN-00010791,90.11,18,electronics,35,1383,1,94.22,6.28,87.36,0,1,0,0,0
TXN-00010792,6.67,15,cash_withdrawal,29,946,1,25.16,6.46,81.91,0,0,1,0,0
TXN-00010793,43.63,3,fuel,30,831,1,10.0,48.1,71.22,0,0,1,0,0
TXN-00010794,43.27,12,online_shopping,30,651,3,14.03,0.71,88.79,1,0,0,0,0
TXN-00010795,285.84,4,grocery,54,875,4,10.0,4.66,60.38,0,0,1,0,0
TXN-00010796,11.05,22,travel,72,1403,3,17.1,36.48,86.29,0,0,0,0,0
TXN-00010797,27.1,8,gaming,50,1131,2,39.24,18.93,86.15,1,0,1,0,0
TXN-00010798,15.26,10,travel,18,590,1,10.0,3.67,99.14,0,0,1,0,0
TXN-00010799,13.65,20,fuel,58,1207,3,64.41,42.02,67.69,0,1,0,0,1
TXN-00010800,132.13,10,fuel,49,1039,2,18.15,1.26,94.39,0,1,0,0,0
TXN-00010801,41.6,4,online_shopping,63,547,2,23.73,0.59,86.99,0,0,0,0,0
TXN-00010802,22.57,21,online_shopping,39,467,3,26.02,2.37,57.09,0,0,0,0,0
TXN-00010803,23.48,15,cash_withdrawal,42,456,3,13.37,48.56,94.57,0,0,1,0,0
TXN-00010804,22.39,14,online_shopping,56,1449,3,43.5,24.09,79.69,0,0,1,0,0
TXN-00010805,24.59,1,restaurant,59,552,5,10.93,0.69,48.34,0,1,1,0,0
TXN-00010806,10.72,10,pharmacy,30,841,2,74.33,19.03,92.47,1,0,0,0,0
TXN-00010807,30.83,11,restaurant,52,1165,1,13.7,13.94,93.67,1,0,0,0,0
TXN-00010808,27.74,6,pharmacy,73,1134,5,26.64,5.85,84.74,0,0,0,0,0
TXN-00010809,18.25,13,online_shopping,21,1134,1,17.48,15.53,98.2,0,0,0,0,0
TXN-00010810,47.6,5,fuel,37,515,0,55.57,9.28,81.83,0,0,0,0,0
TXN-00010811,52.03,11,pharmacy,48,1175,3,13.05,7.0,95.73,0,0,0,0,0
TXN-00010812,22.55,19,cash_withdrawal,71,822,3,68.0,31.41,73.01,0,0,0,0,0
TXN-00010813,34.77,17,grocery,74,993,4,110.4,0.56,63.45,1,0,1,0,0
TXN-00010814,390.16,6,restaurant,52,969,0,11.08,11.59,78.87,0,0,1,0,0
TXN-00010815,374.82,4,pharmacy,49,897,3,10.0,29.68,73.64,0,1,1,0,1
TXN-00010816,13.37,0,online_shopping,42,1529,4,22.9,82.11,95.94,0,0,0,0,0
TXN-00010817,15.48,8,fuel,43,1429,2,30.08,12.16,85.24,1,0,1,0,0
TXN-00010818,13.3,0,cash_withdrawal,60,3220,2,23.65,14.26,92.4,0,0,1,0,0
TXN-00010819,122.72,3,fuel,49,1845,2,22.83,38.54,85.64,1,0,1,0,1
TXN-00010820,26.62,23,fuel,50,381,2,42.88,11.66,66.1,0,0,1,0,1
TXN-00010821,52.02,20,restaurant,66,940,2,34.57,12.81,73.16,1,0,1,1,0
TXN-00010822,329.25,13,cash_withdrawal,26,1771,1,10.0,2.63,82.12,1,0,1,0,0
TXN-00010823,40.01,18,online_shopping,73,882,0,17.12,62.89,90.0,0,0,0,1,0
TXN-00010824,84.91,11,fuel,58,789,1,65.25,11.49,91.12,1,0,0,0,0
TXN-00010825,69.86,14,fuel,52,506,7,30.58,4.12,77.14,1,0,1,0,0
TXN-00010826,21.81,22,travel,51,478,1,26.88,6.28,83.23,0,0,0,0,1
TXN-00010827,122.99,1,travel,51,1372,3,12.12,73.3,68.58,0,1,1,1,1
TXN-00010828,16.57,8,pharmacy,50,1003,6,44.96,5.54,79.45,2,0,0,0,0
TXN-00010829,165.15,2,cash_withdrawal,38,257,1,27.62,39.48,88.58,1,0,1,0,0
TXN-00010830,21.83,19,cash_withdrawal,60,1579,0,27.61,1.96,90.77,0,0,1,0,0
TXN-00010831,24.49,19,travel,32,1685,1,52.76,62.78,94.55,1,0,1,0,0
TXN-00010832,12.9,17,online_shopping,55,848,0,14.09,6.1,99.25,2,0,0,0,0
TXN-00010833,15.33,14,online_shopping,48,949,0,59.93,1.33,68.16,1,0,1,0,0
TXN-00010834,25.84,11,restaurant,39,1871,3,34.03,14.76,80.41,0,1,0,0,0
TXN-00010835,5.0,0,pharmacy,64,830,2,59.34,39.46,69.57,0,1,1,0,0
TXN-00010836,31.66,18,electronics,36,339,3,23.25,5.13,76.47,2,1,0,0,0
TXN-00010837,23.73,21,electronics,56,1377,1,64.39,1.24,88.01,0,0,1,0,0
TXN-00010838,92.71,23,grocery,32,1656,2,10.0,39.86,63.56,0,0,0,1,1
TXN-00010839,63.06,8,cash_withdrawal,29,1028,3,11.43,22.17,79.42,1,0,0,0,0
TXN-00010840,19.24,4,pharmacy,51,551,0,15.34,6.72,56.17,1,0,1,0,0
TXN-00010841,24.99,15,online_shopping,74,1767,0,17.09,4.19,85.72,3,0,1,0,0
TXN-00010842,31.62,0,fuel,35,765,3,57.17,7.8,56.24,1,0,1,0,0
TXN-00010843,192.53,1,electronics,24,606,3,10.0,20.28,90.7,0,1,0,0,0
TXN-00010844,17.06,19,fuel,24,1020,2,50.0,50.11,66.72,0,1,1,1,0
TXN-00010845,19.0,22,restaurant,46,841,2,27.64,1.85,73.48,2,0,0,1,0
TXN-00010846,12.37,9,restaurant,63,1316,4,13.44,1.32,96.65,1,0,1,0,0
TXN-00010847,8.53,12,online_shopping,59,2518,2,87.45,11.76,75.94,0,0,1,0,0
TXN-00010848,55.83,13,fuel,30,586,3,11.61,1.62,84.81,2,0,1,0,0
TXN-00010849,50.05,3,gaming,66,1424,1,50.19,13.15,52.27,0,0,1,0,0
TXN-00010850,155.54,5,online_shopping,27,823,4,65.83,30.87,75.66,0,0,0,0,0
TXN-00010851,120.72,7,grocery,50,1312,4,10.0,14.75,67.87,2,0,0,0,0
TXN-00010852,501.18,20,grocery,67,1040,4,14.2,30.63,86.72,0,0,0,0,0
TXN-00010853,37.43,10,jewelry,64,745,2,67.32,0.77,68.53,0,0,0,0,0
TXN-00010854,30.77,17,online_shopping,58,1445,0,31.34,28.27,94.08,0,0,0,0,0
TXN-00010855,10.33,4,fuel,37,788,1,43.23,20.33,73.63,0,0,0,0,0
TXN-00010856,84.05,22,fuel,62,615,5,29.42,30.62,75.53,0,0,1,0,0
TXN-00010857,45.81,21,fuel,40,1396,1,46.58,29.07,87.39,1,0,1,0,0
TXN-00010858,80.14,11,fuel,38,612,0,12.81,8.74,79.22,1,0,0,0,0
TXN-00010859,12.23,5,electronics,48,1366,3,45.6,5.09,73.53,0,0,0,0,0
TXN-00010860,58.51,23,grocery,53,982,1,25.25,1.09,64.62,1,1,1,0,0
TXN-00010861,50.17,19,grocery,30,1014,1,24.54,2.43,90.68,1,1,0,0,0
TXN-00010862,46.8,12,restaurant,72,573,3,11.63,20.82,91.54,0,0,1,0,0
TXN-00010863,19.74,6,travel,68,1039,3,10.26,15.48,64.32,2,0,1,0,0
TXN-00010864,141.0,14,grocery,34,759,2,25.67,23.77,89.43,0,0,1,0,0
TXN-00010865,348.22,8,cash_withdrawal,32,1913,2,62.55,2.45,91.49,1,0,1,0,0
TXN-00010866,12.61,16,travel,21,471,3,32.07,3.47,87.71,0,0,0,0,0
TXN-00010867,86.18,19,electronics,41,1606,4,14.95,29.33,81.37,2,0,0,0,0
TXN-00010868,5.0,11,restaurant,27,1670,5,25.13,52.31,51.3,1,0,0,0,0
TXN-00010869,81.62,1,grocery,71,1199,4,23.52,15.76,78.9,2,0,1,1,1
TXN-00010870,5.68,13,grocery,70,1863,3,16.49,0.51,87.68,0,0,0,1,0
TXN-00010871,23.31,20,grocery,66,848,1,36.96,0.86,58.39,0,0,1,0,0
TXN-00010872,10.19,5,online_shopping,34,905,0,15.02,14.09,67.73,0,0,1,0,0
TXN-00010873,32.25,23,online_shopping,58,1238,5,18.07,15.83,85.82,0,0,1,0,0
TXN-00010874,97.59,8,online_shopping,46,863,3,13.85,2.77,96.54,1,0,1,0,0
TXN-00010875,5.75,16,electronics,33,283,0,17.24,11.93,65.32,0,1,1,0,0
TXN-00010876,27.73,16,restaurant,49,476,1,76.53,31.45,91.26,1,0,0,0,0
TXN-00010877,23.59,4,grocery,27,503,1,17.85,0.27,92.01,2,0,0,0,0
TXN-00010878,212.75,0,grocery,73,1406,3,20.68,5.4,91.39,0,0,0,0,0
TXN-00010879,63.65,22,grocery,27,951,3,47.53,8.13,73.5,4,0,0,1,1
TXN-00010880,11.75,16,online_shopping,35,1351,4,55.59,0.82,88.79,2,0,1,0,1
TXN-00010881,24.66,15,travel,30,1455,3,20.37,25.51,83.9,0,0,1,0,0
TXN-00010882,207.25,7,grocery,48,853,2,64.02,5.49,91.48,0,0,0,0,0
TXN-00010883,85.63,2,electronics,56,1106,4,14.95,4.22,83.79,0,0,0,0,0
TXN-00010884,15.42,6,fuel,73,465,1,44.08,1.38,89.93,0,0,0,0,0
TXN-00010885,30.56,13,travel,40,686,1,27.02,18.48,79.96,1,0,0,0,0
TXN-00010886,31.6,16,pharmacy,29,834,4,37.57,5.6,64.48,0,1,0,0,0
TXN-00010887,22.99,7,jewelry,19,966,3,42.01,6.93,87.73,0,0,0,1,1
TXN-00010888,6.71,5,restaurant,52,420,4,27.17,29.11,83.07,1,0,1,0,0
TXN-00010889,19.86,5,cash_withdrawal,74,840,2,39.91,4.95,81.39,1,0,1,0,0
TXN-00010890,173.93,23,grocery,21,616,1,47.27,3.85,78.71,1,0,1,0,0
TXN-00010891,27.11,15,restaurant,75,2395,4,10.0,14.29,73.75,1,0,0,1,0
TXN-00010892,36.29,23,grocery,33,996,2,16.09,12.61,70.1,0,0,1,0,0
TXN-00010893,46.88,0,grocery,70,1347,4,51.49,4.38,89.85,0,0,1,0,0
TXN-00010894,415.32,10,restaurant,22,1348,3,10.0,8.48,92.6,1,0,0,0,0
TXN-00010895,40.83,10,online_shopping,69,1032,3,13.63,13.66,87.19,0,0,0,0,0
TXN-00010896,127.57,9,restaurant,37,1172,4,77.65,2.83,58.86,1,1,1,0,0
TXN-00010897,21.58,9,restaurant,33,1117,4,22.37,0.29,47.51,1,0,1,0,0
TXN-00010898,30.8,1,online_shopping,29,1117,2,32.45,6.99,80.94,1,0,0,0,0
TXN-00010899,40.98,0,fuel,25,1776,3,37.21,11.31,93.87,0,0,0,0,0
TXN-00010900,17.94,18,jewelry,64,977,2,38.33,28.54,77.02,0,0,1,1,0
TXN-00010901,32.66,10,restaurant,22,601,4,20.5,16.17,86.93,1,0,1,1,0
TXN-00010902,102.77,3,cash_withdrawal,44,1371,2,22.72,4.57,78.2,0,0,1,0,1
TXN-00010903,17.45,8,fuel,73,533,3,115.69,1.29,90.32,0,0,0,0,0
TXN-00010904,40.45,22,grocery,41,900,0,12.1,0.7,80.31,0,0,1,0,0
TXN-00010905,85.13,11,online_shopping,65,743,2,18.24,12.47,77.06,0,0,1,1,0
TXN-00010906,17.02,23,online_shopping,58,856,3,13.44,1.39,84.37,1,0,1,0,0
TXN-00010907,127.76,3,online_shopping,64,1217,4,25.14,6.3,80.19,0,0,0,1,1
TXN-00010908,43.66,2,electronics,72,1167,1,15.66,25.07,58.55,0,1,0,0,1
TXN-00010909,34.01,13,jewelry,23,859,2,65.2,21.41,59.15,0,0,1,0,0
TXN-00010910,5.0,16,pharmacy,35,135,5,80.19,3.37,77.55,0,1,0,0,0
TXN-00010911,27.32,23,electronics,36,696,3,27.89,11.93,92.45,1,0,1,0,0
TXN-00010912,59.75,11,pharmacy,21,1485,3,14.72,22.53,75.41,2,0,0,0,0
TXN-00010913,252.8,4,restaurant,24,1253,3,93.41,55.49,80.25,0,0,0,0,1
TXN-00010914,73.43,12,restaurant,24,416,1,17.42,7.39,78.87,0,0,1,0,0
TXN-00010915,131.96,7,travel,73,447,3,32.92,12.84,85.19,1,0,1,0,0
TXN-00010916,11.36,4,electronics,67,739,1,36.21,16.02,72.2,1,0,1,0,0
TXN-00010917,35.4,2,pharmacy,52,330,7,15.05,6.56,85.75,0,1,0,0,0
TXN-00010918,145.73,17,gaming,67,485,1,21.68,18.04,65.45,1,0,1,0,0
TXN-00010919,15.92,15,online_shopping,37,1048,3,94.99,0.63,72.96,0,0,0,0,0
TXN-00010920,111.44,3,pharmacy,45,1163,3,34.03,13.55,67.9,0,0,1,0,0
TXN-00010921,87.36,13,restaurant,69,886,3,39.22,32.41,78.07,0,0,0,0,0
TXN-00010922,53.97,21,electronics,26,887,3,48.38,1.26,92.83,1,0,1,0,0
TXN-00010923,28.64,19,cash_withdrawal,26,751,2,37.63,23.11,82.63,0,1,1,0,0
TXN-00010924,14.36,10,electronics,48,661,0,54.89,0.82,57.87,0,1,1,0,0
TXN-00010925,260.9,1,electronics,32,1330,1,40.56,2.89,62.57,1,1,0,0,1
TXN-00010926,78.53,15,pharmacy,56,1380,1,26.15,0.83,85.35,0,0,1,0,0
TXN-00010927,57.84,12,online_shopping,54,870,2,222.47,12.1,78.58,0,1,0,1,0
TXN-00010928,26.22,22,cash_withdrawal,37,493,4,19.47,11.0,71.69,1,1,1,0,0
TXN-00010929,42.09,13,restaurant,24,662,1,22.27,21.32,65.68,1,0,1,0,0
TXN-00010930,48.08,17,fuel,22,914,3,70.55,38.48,83.21,1,0,1,0,0
TXN-00010931,61.55,12,restaurant,43,869,3,47.91,16.78,74.25,0,0,0,0,0
TXN-00010932,87.45,12,fuel,36,1267,3,22.02,4.5,85.79,0,0,0,0,0
TXN-00010933,17.79,7,grocery,19,642,1,20.97,10.14,62.7,0,0,0,0,0
TXN-00010934,8.67,9,online_shopping,58,1192,6,28.79,6.21,88.17,0,0,0,0,0
TXN-00010935,44.19,7,restaurant,73,928,5,35.38,11.32,87.22,0,0,1,0,0
TXN-00010936,6.46,11,fuel,74,2349,1,28.92,13.96,99.18,0,0,1,1,1
TXN-00010937,28.79,22,pharmacy,24,904,3,20.64,61.75,85.8,0,0,1,0,0
TXN-00010938,23.7,8,jewelry,29,680,3,44.95,23.69,63.19,1,0,0,0,0
TXN-00010939,67.78,11,fuel,43,1736,3,30.2,2.92,75.01,0,0,0,0,0
TXN-00010940,324.32,22,online_shopping,71,871,4,51.42,2.67,84.71,0,0,0,0,0
TXN-00010941,5.25,3,online_shopping,51,1162,3,31.99,4.72,99.67,0,0,0,0,0
TXN-00010942,440.49,6,grocery,44,357,4,10.87,13.7,81.63,0,0,1,0,0
TXN-00010943,31.67,11,grocery,71,1549,1,40.05,4.6,78.46,0,0,1,1,0
TXN-00010944,58.28,9,cash_withdrawal,56,662,1,55.06,1.24,81.8,0,0,1,0,0
TXN-00010945,9.16,8,online_shopping,75,524,2,37.81,0.12,71.73,1,0,0,1,0
TXN-00010946,115.21,18,restaurant,68,1411,4,10.45,32.11,70.94,0,0,1,0,0
TXN-00010947,42.25,11,restaurant,75,629,4,35.38,0.3,91.4,0,0,1,0,0
TXN-00010948,37.92,8,electronics,50,579,6,21.65,6.65,73.48,0,0,1,0,0
TXN-00010949,5.29,11,cash_withdrawal,39,483,1,30.58,3.9,88.75,0,0,1,0,0
TXN-00010950,43.71,21,fuel,21,740,3,40.63,18.96,82.54,0,0,1,0,0
TXN-00010951,98.31,23,grocery,60,629,2,25.15,0.64,46.19,0,0,0,0,0
TXN-00010952,31.56,5,travel,33,1324,4,44.47,2.52,82.52,0,0,0,0,0
TXN-00010953,138.78,0,pharmacy,18,653,7,40.32,4.57,97.86,1,0,1,0,1
TXN-00010954,132.89,0,pharmacy,64,715,3,37.15,10.81,72.13,1,0,1,0,0
TXN-00010955,20.63,10,restaurant,42,685,1,23.39,13.8,81.28,0,0,0,0,0
TXN-00010956,215.91,15,restaurant,50,1215,4,56.48,7.47,91.07,0,0,1,1,0
TXN-00010957,42.42,1,grocery,63,1381,1,76.95,6.8,63.78,0,0,0,0,0
TXN-00010958,42.62,12,grocery,37,922,1,29.37,13.57,76.65,3,0,1,0,0
TXN-00010959,44.88,9,travel,65,901,0,21.71,21.03,84.45,0,0,1,0,0
TXN-00010960,43.5,22,online_shopping,51,983,3,22.87,17.25,51.61,2,0,1,0,0
TXN-00010961,5.0,14,travel,50,1024,4,49.86,17.6,93.94,0,0,0,0,0
TXN-00010962,33.29,10,online_shopping,33,1268,2,31.82,30.06,81.32,0,0,1,0,0
TXN-00010963,9.66,14,online_shopping,63,1230,1,25.55,13.65,77.95,2,0,0,0,0
TXN-00010964,223.11,3,jewelry,31,129,2,18.46,20.07,90.66,0,0,0,1,1
TXN-00010965,213.87,11,fuel,53,558,1,38.52,4.19,84.86,0,0,1,0,0
TXN-00010966,98.94,7,electronics,66,293,1,44.5,24.72,86.61,1,1,1,0,0
TXN-00010967,31.49,4,jewelry,24,1060,3,28.47,2.61,73.49,0,0,1,0,0
TXN-00010968,14.04,9,restaurant,41,469,2,35.69,7.1,71.66,0,0,0,0,0
TXN-00010969,20.28,15,fuel,57,1148,1,41.26,19.41,25.65,1,0,0,0,0
TXN-00010970,310.99,13,grocery,33,1018,4,54.35,14.96,67.66,0,0,0,0,1
TXN-00010971,19.55,23,online_shopping,19,900,4,16.89,9.0,95.95,0,0,0,1,1
TXN-00010972,5.0,6,grocery,41,814,3,18.77,16.56,91.32,0,0,0,0,0
TXN-00010973,119.3,16,cash_withdrawal,46,1364,4,22.98,82.39,71.65,0,1,0,0,1
TXN-00010974,195.49,13,grocery,71,1190,5,30.42,6.08,73.74,1,0,0,1,0
TXN-00010975,230.94,20,travel,64,534,3,22.07,12.0,90.46,0,0,0,0,0
TXN-00010976,120.33,21,gaming,28,1036,5,24.86,6.46,66.2,0,0,1,0,0
TXN-00010977,142.82,16,grocery,34,966,1,47.63,0.59,93.72,0,0,1,0,0
TXN-00010978,42.76,10,electronics,28,1569,2,11.65,74.09,80.05,0,0,1,0,0
TXN-00010979,5.0,12,restaurant,70,1676,2,17.84,10.67,88.07,1,0,0,0,0
TXN-00010980,41.65,15,pharmacy,38,936,3,19.13,3.04,82.71,0,0,0,0,0
TXN-00010981,77.68,19,online_shopping,69,2266,2,67.18,7.81,86.01,1,0,1,0,0
TXN-00010982,35.09,5,pharmacy,21,630,3,31.36,39.59,48.91,1,0,1,0,0
TXN-00010983,33.45,20,online_shopping,50,405,2,34.52,6.01,73.16,1,0,0,0,0
TXN-00010984,14.7,19,grocery,22,1763,4,17.3,10.62,89.52,0,0,1,0,0
TXN-00010985,14.13,2,travel,50,586,0,21.64,25.0,85.31,0,0,1,0,0
TXN-00010986,278.68,6,cash_withdrawal,18,417,2,10.0,6.75,85.31,0,0,1,0,0
TXN-00010987,289.47,5,restaurant,27,609,0,30.84,45.58,68.35,0,0,1,0,0
TXN-00010988,40.34,13,pharmacy,26,712,2,19.19,6.01,57.82,1,0,0,0,0
TXN-00010989,54.36,5,pharmacy,59,306,3,10.37,15.99,71.42,1,0,0,0,0
TXN-00010990,14.44,7,travel,55,792,1,36.09,7.32,84.0,0,0,1,0,0
TXN-00010991,79.42,4,restaurant,50,677,3,16.16,16.55,81.52,0,0,0,0,1
TXN-00010992,256.63,1,grocery,29,955,2,31.54,12.64,76.07,2,0,1,0,1
TXN-00010993,8.12,11,online_shopping,33,218,3,35.61,7.83,85.56,0,0,1,0,0
TXN-00010994,65.83,7,online_shopping,39,824,4,179.59,12.0,62.15,0,1,1,0,0
TXN-00010995,71.23,12,grocery,74,2470,1,22.93,11.4,92.95,1,0,1,0,0
TXN-00010996,70.39,5,electronics,58,1448,1,33.48,3.7,89.55,1,0,1,1,0
TXN-00010997,227.0,6,pharmacy,19,437,6,28.65,11.94,56.4,0,0,1,0,0
TXN-00010998,343.03,21,travel,19,632,2,17.99,1.02,85.66,0,0,1,0,0
TXN-00010999,31.65,19,pharmacy,38,727,3,33.73,21.99,79.27,1,0,1,0,0
TXN-00011000,82.01,6,electronics,30,1733,2,48.77,9.07,46.4,0,0,0,0,0
TXN-00011001,44.19,3,online_shopping,41,798,3,42.11,29.92,76.68,1,0,0,0,0
TXN-00011002,20.83,23,cash_withdrawal,75,735,3,46.34,23.5,80.05,0,0,0,1,1
TXN-00011003,53.75,16,restaurant,29,473,3,17.64,15.99,86.76,1,0,0,0,0
TXN-00011004,81.87,11,online_shopping,52,738,2,31.03,13.34,88.87,0,1,0,0,0
TXN-00011005,50.79,16,electronics,45,784,3,10.5,2.96,83.13,0,0,1,0,1
TXN-00011006,16.03,5,cash_withdrawal,56,996,0,10.0,4.28,69.57,1,1,0,0,0
TXN-00011007,24.86,10,online_shopping,49,592,3,89.21,2.46,96.06,1,0,0,1,0
TXN-00011008,25.06,9,jewelry,47,478,2,31.81,17.96,93.29,0,1,1,0,0
TXN-00011009,16.7,17,pharmacy,34,470,0,44.54,4.82,82.07,1,0,1,0,0
TXN-00011010,56.22,4,electronics,74,1469,3,44.64,19.1,76.59,0,0,0,0,0
TXN-00011011,62.74,11,online_shopping,33,1583,4,29.01,2.0,64.91,0,0,0,0,0
TXN-00011012,113.13,20,online_shopping,26,1481,6,70.34,17.67,81.01,0,0,1,0,0
TXN-00011013,16.44,4,jewelry,23,742,4,27.03,17.05,67.69,0,0,0,0,0
TXN-00011014,22.06,2,pharmacy,21,1442,3,10.0,9.74,62.13,0,0,0,0,1
TXN-00011015,206.91,19,travel,38,1342,3,33.14,13.23,76.32,0,1,0,0,0
TXN-00011016,34.03,20,restaurant,65,1131,4,54.37,4.17,75.57,3,0,0,0,0
TXN-00011017,41.75,10,restaurant,26,774,1,11.82,6.69,97.2,0,0,0,0,0
TXN-00011018,33.65,1,online_shopping,18,1131,4,24.62,40.41,80.66,1,0,1,0,0
TXN-00011019,132.91,12,online_shopping,48,443,1,60.85,6.0,94.52,0,0,1,0,0
TXN-00011020,138.43,7,restaurant,50,1374,3,52.66,30.23,58.52,0,0,1,0,0
TXN-00011021,130.17,14,restaurant,50,262,0,27.15,21.74,75.52,0,0,0,0,0
TXN-00011022,41.59,3,grocery,18,777,4,17.91,2.07,85.07,1,0,1,0,0
TXN-00011023,16.18,19,restaurant,29,852,2,29.42,1.36,97.59,2,0,1,0,0
TXN-00011024,305.35,16,gaming,38,756,2,34.6,42.98,66.66,0,0,0,0,1
TXN-00011025,99.4,15,travel,60,1388,4,47.82,3.68,81.95,1,0,1,0,0
TXN-00011026,25.04,12,fuel,55,450,2,26.9,34.65,83.23,0,0,0,1,0
TXN-00011027,180.37,5,travel,65,545,5,81.09,10.21,63.34,3,0,1,0,0
TXN-00011028,23.05,22,cash_withdrawal,49,958,7,34.34,15.28,83.02,1,1,1,0,0
TXN-00011029,177.9,6,electronics,41,380,1,23.48,12.04,69.81,2,0,1,0,0
TXN-00011030,190.99,8,fuel,50,727,1,20.58,5.75,88.17,0,1,0,0,0
TXN-00011031,15.37,22,restaurant,40,1810,2,16.91,7.3,73.85,0,0,0,0,0
TXN-00011032,74.5,0,restaurant,27,1367,2,57.34,12.25,72.67,0,1,1,0,0
TXN-00011033,91.96,3,grocery,51,1967,2,25.9,9.96,87.41,0,0,0,0,0
TXN-00011034,629.96,18,restaurant,35,910,2,10.0,0.99,98.27,2,0,1,0,1
TXN-00011035,18.55,8,travel,33,1417,4,22.9,10.95,56.46,0,0,1,0,0
TXN-00011036,182.03,13,online_shopping,59,1457,2,65.62,19.47,79.87,0,0,1,0,0
TXN-00011037,41.19,13,pharmacy,21,387,3,21.86,14.65,83.09,1,0,1,1,0
TXN-00011038,10.99,19,fuel,19,654,3,12.27,3.49,71.31,0,0,1,0,0
TXN-00011039,35.66,14,cash_withdrawal,38,756,4,21.63,16.26,62.74,0,0,1,0,0
TXN-00011040,40.55,10,restaurant,52,2496,2,43.21,19.27,68.53,1,0,1,0,0
TXN-00011041,13.31,13,online_shopping,66,1595,1,25.12,20.61,54.74,0,0,0,1,0
TXN-00011042,56.14,17,online_shopping,47,503,2,16.02,6.7,79.95,0,1,1,0,0
TXN-00011043,110.58,9,online_shopping,33,1905,4,42.96,8.93,88.66,0,0,0,0,1
TXN-00011044,51.94,4,travel,37,718,3,62.15,8.41,86.46,0,0,0,0,0
TXN-00011045,22.9,11,cash_withdrawal,39,1213,1,75.97,4.58,51.8,0,0,1,0,0
TXN-00011046,34.61,23,restaurant,37,781,1,33.53,21.52,76.52,0,0,0,0,0
TXN-00011047,40.25,2,gaming,56,273,2,26.2,16.16,76.86,0,0,1,0,0
TXN-00011048,50.81,4,jewelry,64,1917,2,38.96,9.31,62.42,0,1,0,0,1
TXN-00011049,129.71,23,jewelry,59,1492,1,66.5,2.82,94.07,0,0,1,0,0
TXN-00011050,53.81,19,grocery,40,823,1,57.74,0.01,82.23,0,0,0,0,0
TXN-00011051,9.27,2,gaming,34,1124,5,28.04,22.58,77.69,1,1,1,0,0
TXN-00011052,22.41,5,gaming,22,656,5,15.86,0.28,88.64,0,0,1,0,1
TXN-00011053,48.15,16,fuel,64,610,7,34.5,3.72,75.95,0,0,1,0,0
TXN-00011054,131.67,18,online_shopping,73,1488,4,29.22,16.07,85.31,0,0,1,0,0
TXN-00011055,158.02,17,jewelry,21,1387,3,39.6,11.49,93.85,0,0,0,0,1
TXN-00011056,260.71,20,fuel,25,2205,5,14.48,17.52,90.5,1,0,0,0,0
TXN-00011057,46.39,12,restaurant,30,1411,3,19.23,8.36,82.23,1,0,1,0,0
TXN-00011058,90.15,21,electronics,64,1107,2,52.21,32.95,72.4,0,0,1,0,0
TXN-00011059,8.78,14,gaming,30,1430,1,33.3,36.38,80.48,2,0,1,0,0
TXN-00011060,63.52,11,electronics,18,1177,2,13.73,2.29,86.06,1,1,0,0,0
TXN-00011061,13.08,15,grocery,37,1230,1,69.06,3.6,77.66,0,0,1,1,0
TXN-00011062,37.88,10,electronics,39,1345,3,24.37,29.32,87.66,0,0,1,1,0
TXN-00011063,973.92,14,cash_withdrawal,40,1476,1,37.78,19.51,74.45,0,0,0,0,1
TXN-00011064,55.63,20,fuel,47,889,3,21.51,13.5,76.42,0,0,0,0,0
TXN-00011065,16.33,22,restaurant,32,245,1,35.24,14.83,76.03,1,0,0,0,0
TXN-00011066,62.06,13,travel,19,914,3,69.14,13.81,85.51,0,0,0,0,0
TXN-00011067,23.5,0,cash_withdrawal,24,547,3,69.38,2.91,91.87,0,1,1,0,0
TXN-00011068,14.75,14,grocery,60,50,3,80.67,6.24,79.0,0,0,0,0,0
TXN-00011069,368.08,6,restaurant,56,1657,5,21.65,18.87,55.6,2,0,1,0,1
TXN-00011070,123.98,5,restaurant,33,1840,1,44.94,39.21,94.9,0,1,0,0,0
TXN-00011071,58.14,21,grocery,72,569,0,10.0,11.98,73.39,0,0,1,0,0
TXN-00011072,26.8,10,grocery,49,775,4,36.51,7.08,87.79,0,0,1,0,0
TXN-00011073,29.19,18,restaurant,64,866,4,98.34,30.49,84.33,0,0,1,0,0
TXN-00011074,204.3,8,travel,63,594,1,13.46,3.79,81.32,0,0,1,0,0
TXN-00011075,55.81,14,grocery,35,1176,2,17.2,0.13,67.96,0,0,0,0,0
TXN-00011076,5.0,15,grocery,52,459,1,26.93,32.59,84.84,1,0,0,0,0
TXN-00011077,513.88,21,jewelry,52,1059,1,25.25,8.78,91.65,1,0,1,0,0
TXN-00011078,49.02,4,grocery,44,1378,4,50.58,20.39,86.59,3,0,0,0,0
TXN-00011079,58.01,13,cash_withdrawal,54,1245,0,48.43,41.04,68.66,0,0,1,0,0
TXN-00011080,126.6,9,electronics,37,1198,5,10.0,26.41,84.25,0,0,1,0,0
TXN-00011081,65.94,11,online_shopping,23,634,5,15.03,2.98,82.28,0,0,1,0,0
TXN-00011082,88.61,20,online_shopping,20,1797,5,26.83,17.08,84.26,0,0,0,1,0
TXN-00011083,25.92,3,cash_withdrawal,43,1578,2,20.45,1.89,94.51,0,0,1,0,0
TXN-00011084,11.12,13,pharmacy,70,765,4,37.6,9.6,64.64,1,0,0,0,0
TXN-00011085,54.28,9,cash_withdrawal,30,1312,1,38.76,22.97,81.34,0,0,0,0,0
TXN-00011086,181.85,21,gaming,52,703,2,10.0,3.18,94.75,0,0,0,0,0
TXN-00011087,20.49,5,pharmacy,27,1325,2,24.28,11.2,68.37,1,1,0,0,0
TXN-00011088,18.83,5,electronics,54,471,2,17.11,12.91,78.43,0,0,1,0,0
TXN-00011089,145.78,2,restaurant,28,1522,4,32.14,48.64,80.27,0,0,1,0,1
TXN-00011090,25.03,10,jewelry,43,724,2,46.05,2.06,70.59,1,0,0,0,1
TXN-00011091,26.28,0,pharmacy,64,562,4,26.02,40.23,67.43,1,0,1,0,0
TXN-00011092,27.34,12,jewelry,39,518,4,12.99,26.6,80.34,0,1,1,0,1
TXN-00011093,37.78,5,online_shopping,72,1086,5,70.48,4.35,84.18,1,1,0,1,1
TXN-00011094,7.75,9,cash_withdrawal,20,323,3,17.93,9.05,91.17,0,0,1,0,0
TXN-00011095,22.96,14,online_shopping,22,1249,4,21.27,16.73,86.92,2,1,1,0,0
TXN-00011096,51.52,16,electronics,27,847,1,10.0,20.43,76.57,0,0,1,0,0
TXN-00011097,51.13,1,travel,32,1383,0,42.33,5.63,90.99,1,0,0,0,0
TXN-00011098,136.44,3,grocery,42,287,3,30.27,9.66,82.29,3,0,0,0,1
TXN-00011099,279.04,7,fuel,71,981,1,41.24,129.11,89.45,0,0,0,1,0
TXN-00011100,197.97,12,restaurant,32,837,1,17.72,17.45,95.65,1,0,1,0,0
TXN-00011101,105.68,21,travel,38,597,7,45.71,4.03,87.65,1,0,1,0,0
TXN-00011102,34.6,3,cash_withdrawal,20,540,2,75.2,0.2,98.33,0,0,1,0,0
TXN-00011103,21.03,1,online_shopping,59,1293,2,10.0,0.11,88.59,0,0,1,0,0
TXN-00011104,41.21,15,fuel,49,477,3,40.0,4.17,96.45,1,0,1,0,0
TXN-00011105,74.8,23,fuel,20,946,3,11.57,15.09,77.56,1,0,1,0,1
TXN-00011106,95.87,19,restaurant,44,402,1,40.18,7.67,85.74,0,0,1,0,0
TXN-00011107,77.81,13,fuel,30,351,2,60.11,19.48,82.73,0,0,1,0,1
TXN-00011108,35.61,0,grocery,42,913,2,15.29,40.01,92.34,1,0,0,0,0
TXN-00011109,92.41,13,grocery,34,1048,2,17.69,0.28,86.88,1,0,1,0,0
TXN-00011110,152.01,10,fuel,63,602,0,32.74,15.81,86.38,0,0,0,0,0
TXN-00011111,101.92,10,fuel,21,1196,1,29.66,3.74,96.57,0,0,1,0,0
TXN-00011112,39.11,11,electronics,52,1578,4,12.32,16.87,77.0,1,0,1,0,0
TXN-00011113,16.85,13,online_shopping,64,1315,2,20.71,10.28,93.61,0,0,1,0,0
TXN-00011114,16.44,17,fuel,18,915,4,18.15,7.35,79.71,2,0,1,0,0
TXN-00011115,19.78,4,travel,70,1526,1,25.83,10.21,76.3,0,1,1,0,0
TXN-00011116,52.98,1,pharmacy,62,999,3,93.73,47.59,60.09,0,0,0,0,0
TXN-00011117,69.81,1,grocery,34,556,0,33.19,37.61,52.53,1,0,0,0,0
TXN-00011118,9.16,9,travel,45,1253,1,14.9,3.63,86.62,0,0,1,0,0
TXN-00011119,23.83,12,grocery,57,1445,4,35.75,1.8,83.69,0,1,1,0,0
TXN-00011120,52.22,18,gaming,47,421,5,25.35,10.62,90.87,2,0,1,0,0
TXN-00011121,15.73,10,online_shopping,61,800,1,76.32,23.75,71.21,3,0,1,0,0
TXN-00011122,63.79,12,online_shopping,69,558,2,22.42,16.77,69.54,0,0,1,0,0
TXN-00011123,29.29,23,cash_withdrawal,38,1014,0,24.6,9.46,83.87,1,0,1,0,0
TXN-00011124,18.92,17,jewelry,24,849,2,61.74,19.28,93.77,2,0,1,0,0
TXN-00011125,42.77,16,online_shopping,43,546,1,17.27,25.65,88.91,0,0,1,0,0
TXN-00011126,61.06,8,online_shopping,52,915,2,13.81,2.16,73.48,0,0,1,0,0
TXN-00011127,16.59,3,electronics,62,1068,4,35.75,13.57,49.18,0,0,0,0,0
TXN-00011128,31.35,22,online_shopping,34,1213,2,33.45,6.86,68.91,0,0,1,0,0
TXN-00011129,66.09,13,online_shopping,71,2036,2,12.63,2.97,69.27,3,0,1,0,0
TXN-00011130,18.17,1,online_shopping,20,824,2,10.0,24.86,92.43,2,0,1,0,0
TXN-00011131,7.09,11,grocery,51,961,2,36.92,26.6,50.37,1,0,1,1,0
TXN-00011132,8.06,2,online_shopping,43,940,0,36.77,11.4,79.09,1,0,1,0,0
TXN-00011133,26.08,23,online_shopping,58,2468,4,42.6,45.47,92.46,0,0,1,1,0
TXN-00011134,10.13,12,electronics,34,723,1,57.68,20.49,85.77,0,0,0,0,0
TXN-00011135,28.08,18,cash_withdrawal,72,845,1,31.98,1.5,98.0,0,0,0,0,0
TXN-00011136,232.34,11,online_shopping,18,878,2,27.1,0.6,91.04,0,0,0,0,1
TXN-00011137,9.51,0,online_shopping,65,471,0,47.77,21.42,68.7,1,0,0,0,0
TXN-00011138,30.06,15,online_shopping,46,1178,2,32.02,7.39,83.5,1,0,1,0,0
TXN-00011139,379.52,15,grocery,47,1028,1,11.33,3.09,88.78,0,0,0,0,0
TXN-00011140,62.09,5,fuel,36,703,3,34.87,2.94,77.07,0,0,0,0,0
TXN-00011141,27.49,17,travel,40,1207,2,45.76,16.07,63.9,1,0,0,0,0
TXN-00011142,34.3,5,fuel,43,1116,3,16.58,27.41,62.03,0,0,0,1,0
TXN-00011143,63.49,16,fuel,36,538,1,91.17,0.83,53.47,0,0,0,0,0
TXN-00011144,239.98,17,online_shopping,18,1185,3,24.39,65.43,54.19,0,0,0,0,0
TXN-00011145,23.16,3,gaming,41,334,5,60.22,7.55,90.57,0,0,0,0,1
TXN-00011146,18.26,7,travel,41,966,3,15.82,8.75,82.8,0,0,0,0,0
TXN-00011147,9.51,3,fuel,59,604,1,51.27,0.05,77.88,0,0,0,0,0
TXN-00011148,45.07,17,electronics,45,1822,0,73.23,0.99,74.15,0,0,0,0,0
TXN-00011149,9.24,5,electronics,49,1528,0,17.81,21.83,81.15,1,0,0,0,0
TXN-00011150,24.85,15,cash_withdrawal,45,1832,4,36.21,19.41,77.66,0,0,1,0,0
TXN-00011151,15.58,10,grocery,42,639,2,25.68,8.96,94.35,5,0,0,0,0
TXN-00011152,124.94,1,restaurant,59,549,3,15.38,36.61,92.45,0,0,1,0,1
TXN-00011153,23.72,21,online_shopping,57,892,2,32.24,1.36,81.25,1,0,0,0,0
TXN-00011154,61.36,17,electronics,75,675,5,24.28,9.51,97.87,0,0,1,0,0
TXN-00011155,7.51,6,grocery,46,603,1,25.25,11.71,72.35,0,0,0,0,0
TXN-00011156,46.44,21,online_shopping,19,1588,2,14.02,5.12,88.49,0,0,0,0,0
TXN-00011157,11.44,17,restaurant,51,1577,4,52.27,16.35,82.15,3,0,1,0,0
TXN-00011158,25.87,19,gaming,40,1363,2,22.81,20.04,93.78,0,0,1,0,0
TXN-00011159,412.3,4,fuel,23,350,1,24.72,19.0,78.94,0,0,1,0,0
TXN-00011160,107.64,0,restaurant,67,1125,1,15.19,15.97,71.61,0,0,1,0,0
TXN-00011161,35.35,1,grocery,54,812,1,60.42,20.67,79.61,0,0,0,0,0
TXN-00011162,1163.15,12,online_shopping,54,1303,3,12.79,51.62,84.17,0,0,1,0,1
TXN-00011163,15.47,18,jewelry,54,1273,1,10.56,14.44,76.26,0,0,1,0,0
TXN-00011164,137.48,21,restaurant,75,1059,2,32.82,7.94,75.5,1,1,1,0,0
TXN-00011165,8.09,23,online_shopping,57,1596,1,21.7,0.52,83.85,0,0,1,0,0
TXN-00011166,31.31,14,jewelry,59,1042,1,45.05,3.18,60.57,1,0,0,0,0
TXN-00011167,9.82,15,online_shopping,61,316,2,82.11,0.52,79.24,0,0,0,0,0
TXN-00011168,52.99,6,travel,60,781,4,69.03,14.51,93.49,1,0,1,0,0
TXN-00011169,42.9,0,fuel,58,643,6,55.81,5.09,78.38,0,0,1,1,0
TXN-00011170,29.28,4,online_shopping,22,546,2,16.56,8.66,45.91,0,0,1,0,0
TXN-00011171,127.31,1,grocery,41,566,2,59.13,7.05,64.95,0,0,0,0,0
TXN-00011172,22.3,16,online_shopping,33,728,1,22.3,9.71,75.48,3,0,0,0,0
TXN-00011173,57.01,12,restaurant,69,674,3,14.28,6.6,95.09,2,1,1,0,1
TXN-00011174,95.73,18,fuel,51,1161,7,42.65,30.5,54.73,0,0,0,0,0
TXN-00011175,8.52,3,gaming,47,622,7,22.63,10.97,76.11,0,0,1,0,0
TXN-00011176,18.43,21,pharmacy,48,1188,2,27.05,8.81,81.44,0,0,1,0,0
TXN-00011177,42.8,17,restaurant,57,1424,3,46.45,39.9,74.54,0,0,1,0,0
TXN-00011178,78.39,21,electronics,62,1175,2,49.71,3.37,62.43,1,0,1,1,0
TXN-00011179,179.88,15,travel,29,977,1,24.56,31.24,90.34,0,0,0,0,0
TXN-00011180,32.24,8,online_shopping,75,1235,2,32.74,12.06,89.51,1,0,0,0,0
TXN-00011181,29.01,15,grocery,62,555,3,54.58,28.87,66.8,1,0,0,0,0
TXN-00011182,16.18,14,cash_withdrawal,29,344,2,18.72,14.45,94.89,0,1,1,0,0
TXN-00011183,57.2,4,jewelry,53,1262,4,10.69,14.08,87.3,0,0,1,0,0
TXN-00011184,29.61,2,grocery,42,1036,2,21.78,11.08,52.6,1,0,1,0,0
TXN-00011185,30.33,15,grocery,39,1894,6,24.25,4.0,87.41,2,0,1,0,0
TXN-00011186,36.65,2,pharmacy,68,1436,2,27.5,18.43,99.55,1,0,1,0,0
TXN-00011187,72.18,2,grocery,34,782,2,130.41,11.03,77.71,0,0,1,0,0
TXN-00011188,22.38,1,grocery,66,833,0,18.68,49.35,65.39,0,0,0,0,0
TXN-00011189,17.98,14,fuel,54,995,2,26.91,14.45,89.08,0,0,1,0,0
TXN-00011190,63.64,22,grocery,65,856,0,17.1,25.08,87.14,0,0,0,1,1
TXN-00011191,5.0,11,online_shopping,61,983,2,34.92,9.48,89.19,2,0,0,0,0
TXN-00011192,21.46,3,fuel,53,690,3,42.08,9.12,87.49,0,0,0,0,0
TXN-00011193,12.07,12,restaurant,29,1332,3,48.69,24.68,73.97,1,1,0,0,0
TXN-00011194,143.08,11,electronics,75,1142,5,35.3,18.37,57.89,1,0,0,0,0
TXN-00011195,25.46,14,grocery,55,889,2,31.86,10.37,94.91,1,0,0,0,0
TXN-00011196,22.45,10,gaming,38,514,3,10.0,5.09,50.48,0,0,1,0,0
TXN-00011197,38.43,12,online_shopping,32,882,3,47.72,4.58,63.05,0,0,1,0,0
TXN-00011198,21.65,7,travel,24,1069,1,73.27,4.47,90.26,0,0,1,0,0
TXN-00011199,26.5,21,online_shopping,36,856,0,18.02,3.93,74.65,0,0,0,0,0
TXN-00011200,44.79,12,online_shopping,25,762,4,17.06,12.38,80.24,0,0,1,0,1
TXN-00011201,25.97,7,restaurant,69,281,6,14.71,16.2,60.27,1,1,1,0,0
TXN-00011202,25.77,0,online_shopping,43,2511,1,44.81,23.94,90.2,0,0,1,0,0
TXN-00011203,14.0,16,online_shopping,54,596,1,14.38,95.18,96.36,0,0,1,0,0
TXN-00011204,12.04,9,grocery,64,1098,2,27.62,8.41,89.74,0,0,1,0,0
TXN-00011205,43.11,5,grocery,73,546,4,11.4,0.87,97.38,0,0,0,0,0
TXN-00011206,55.81,11,online_shopping,44,1052,8,39.25,8.34,81.57,0,0,1,1,0
TXN-00011207,9.03,11,gaming,21,1101,3,22.6,10.06,94.61,1,0,0,0,0
TXN-00011208,89.83,19,online_shopping,53,796,3,34.42,1.3,75.21,0,0,1,0,0
TXN-00011209,90.22,13,jewelry,72,854,2,17.18,55.17,88.81,0,0,0,0,1
TXN-00011210,112.55,16,pharmacy,38,663,4,18.85,5.44,69.02,0,0,0,0,0
TXN-00011211,55.42,15,online_shopping,23,2511,1,20.65,22.31,62.25,0,0,0,1,0
TXN-00011212,78.96,20,grocery,59,1374,1,17.24,4.12,54.67,0,0,0,0,0
TXN-00011213,401.13,0,grocery,53,979,1,16.69,40.12,91.37,0,0,1,0,0
TXN-00011214,29.47,9,grocery,26,700,1,13.04,26.9,53.46,1,0,1,0,0
TXN-00011215,13.49,17,restaurant,18,1309,2,40.71,20.62,54.7,0,0,0,0,0
TXN-00011216,8.08,3,fuel,48,1315,1,36.43,74.82,71.37,0,0,1,0,0
TXN-00011217,255.56,10,travel,26,552,3,22.77,43.09,77.29,1,0,1,0,0
TXN-00011218,259.1,9,pharmacy,28,398,6,48.93,8.31,61.43,0,0,1,0,0
TXN-00011219,15.32,19,online_shopping,35,695,3,78.3,26.62,81.48,0,0,1,0,0
TXN-00011220,18.85,23,online_shopping,45,679,2,18.91,2.32,90.81,0,1,1,0,0
TXN-00011221,28.78,2,electronics,65,420,3,34.34,2.54,89.12,2,1,1,0,0
TXN-00011222,146.27,5,restaurant,42,593,1,34.36,6.66,80.12,1,0,0,0,0
TXN-00011223,10.47,18,cash_withdrawal,66,517,1,19.75,0.38,77.93,0,0,0,0,0
TXN-00011224,5.13,4,gaming,53,1607,2,12.86,8.88,81.4,1,0,1,0,0
TXN-00011225,393.82,11,electronics,40,1070,2,147.28,8.47,87.32,0,0,1,0,0
TXN-00011226,56.15,22,pharmacy,47,1136,2,37.45,1.5,69.19,1,0,1,0,0
TXN-00011227,65.18,23,restaurant,26,1351,1,30.57,10.06,89.09,0,0,1,0,1
TXN-00011228,32.61,22,gaming,74,540,1,37.04,24.13,90.57,0,0,0,0,0
TXN-00011229,65.96,3,cash_withdrawal,35,1147,3,144.96,3.36,49.46,0,0,1,1,0
TXN-00011230,8.25,3,grocery,70,755,4,26.01,6.31,91.75,0,0,1,0,0
TXN-00011231,16.73,4,grocery,55,1606,4,30.93,27.46,73.8,0,0,0,0,0
TXN-00011232,45.17,18,grocery,35,1495,3,31.15,8.05,68.55,0,1,0,0,0
TXN-00011233,5.0,4,travel,46,1760,3,60.89,41.34,68.4,0,0,1,0,1
TXN-00011234,29.44,10,travel,25,571,4,35.72,6.7,78.69,0,0,0,0,0
TXN-00011235,27.59,19,online_shopping,53,861,1,10.93,10.3,86.37,0,0,1,0,0
TXN-00011236,29.43,11,fuel,21,673,7,10.0,10.84,70.18,0,1,1,0,1
TXN-00011237,22.68,22,electronics,55,645,0,58.71,10.56,64.54,0,0,0,0,0
TXN-00011238,14.22,11,grocery,29,690,2,35.2,46.66,94.22,1,0,1,0,0
TXN-00011239,5.97,9,electronics,25,1263,7,24.14,1.13,84.19,0,0,1,0,0
TXN-00011240,47.09,23,grocery,30,657,2,17.91,10.75,89.15,1,0,1,0,0
TXN-00011241,29.51,13,travel,23,595,1,93.27,12.59,88.48,2,0,1,0,0
TXN-00011242,9.54,4,travel,69,648,2,34.81,8.4,85.69,0,0,1,1,1
TXN-00011243,43.19,15,fuel,72,438,3,42.05,0.82,91.52,1,0,0,0,0
TXN-00011244,29.67,18,restaurant,71,662,3,50.95,4.29,79.21,0,0,0,0,0
TXN-00011245,24.93,20,restaurant,59,1520,6,39.6,1.5,55.41,0,0,1,0,0
TXN-00011246,5.0,0,electronics,31,2205,4,22.43,4.04,69.82,0,0,1,0,0
TXN-00011247,82.84,2,jewelry,62,762,5,26.29,23.05,74.55,0,1,0,0,0
TXN-00011248,11.08,15,fuel,62,1561,3,45.61,12.13,73.69,0,0,0,0,0
TXN-00011249,43.23,17,grocery,31,1917,4,53.35,9.51,88.18,0,0,1,0,0
TXN-00011250,17.31,15,online_shopping,66,1481,2,59.59,38.44,86.3,0,0,0,0,0
TXN-00011251,26.89,9,jewelry,75,332,0,17.85,1.69,55.83,1,0,1,0,0
TXN-00011252,135.63,18,travel,39,755,2,33.74,44.37,86.82,0,0,0,0,0
TXN-00011253,70.68,13,online_shopping,52,1713,2,17.75,11.08,82.36,0,0,0,0,0
TXN-00011254,132.49,22,fuel,68,1293,3,27.71,11.27,77.51,0,0,0,0,0
TXN-00011255,57.22,8,gaming,33,1425,2,25.38,18.87,88.15,0,0,1,0,0
TXN-00011256,61.31,18,online_shopping,75,929,2,29.8,37.22,74.55,0,0,0,1,0
TXN-00011257,6.23,3,restaurant,35,1082,4,54.6,1.36,72.2,2,0,1,0,1
TXN-00011258,28.98,17,electronics,74,803,4,17.24,15.73,66.98,0,0,0,0,0
TXN-00011259,31.94,17,online_shopping,31,1550,3,107.25,24.55,83.99,1,0,1,0,0
TXN-00011260,146.18,6,gaming,61,809,0,67.49,1.43,77.95,1,0,1,0,0
TXN-00011261,23.77,1,travel,48,1002,0,10.5,13.58,67.93,1,0,0,0,0
TXN-00011262,53.42,23,electronics,39,693,2,36.6,9.56,85.52,0,0,1,0,0
TXN-00011263,51.27,1,travel,43,600,1,14.05,2.13,79.24,2,0,0,0,0
TXN-00011264,136.4,11,online_shopping,31,1613,1,37.52,8.52,85.52,0,0,1,0,0
TXN-00011265,35.15,0,cash_withdrawal,56,1534,3,11.78,18.98,69.67,2,0,0,0,0
TXN-00011266,96.46,10,online_shopping,75,650,1,63.18,1.89,90.38,0,0,0,0,0
TXN-00011267,6.75,19,travel,51,1096,0,65.1,57.47,74.62,0,0,0,0,0
TXN-00011268,7.43,12,travel,34,1530,1,21.9,13.14,65.58,1,0,1,0,0
TXN-00011269,5.0,5,restaurant,56,2397,3,33.27,1.09,60.13,0,0,0,0,0
TXN-00011270,92.32,9,cash_withdrawal,43,1141,1,12.97,6.53,89.75,1,0,0,0,0
TXN-00011271,82.05,2,online_shopping,71,1495,1,20.69,0.57,68.15,1,0,0,0,0
TXN-00011272,103.72,14,gaming,33,1484,2,26.68,15.46,74.46,0,0,1,1,0
TXN-00011273,19.86,0,restaurant,48,1388,1,10.67,12.19,76.97,1,0,1,0,0
TXN-00011274,22.38,8,travel,46,370,3,85.46,19.23,70.15,0,0,0,0,0
TXN-00011275,35.62,1,restaurant,69,1075,1,32.29,7.7,87.45,1,0,1,0,0
TXN-00011276,184.17,5,restaurant,24,815,1,66.35,25.74,84.74,0,0,1,0,0
TXN-00011277,239.49,1,online_shopping,53,587,2,26.25,16.94,34.33,0,0,0,0,1
TXN-00011278,93.08,22,jewelry,64,549,1,18.74,66.38,69.03,1,1,0,0,1
TXN-00011279,57.26,18,pharmacy,38,695,2,31.48,2.98,72.2,1,0,0,0,0
TXN-00011280,164.38,22,fuel,47,1695,3,54.77,2.38,58.56,1,1,1,0,0
TXN-00011281,30.92,16,electronics,35,538,1,19.01,4.48,54.27,0,1,1,0,0
TXN-00011282,26.83,11,gaming,42,1395,3,34.86,5.19,75.66,1,0,0,0,0
TXN-00011283,35.32,4,grocery,73,1875,5,20.1,4.43,88.52,0,0,0,0,0
TXN-00011284,14.47,23,grocery,39,693,3,10.0,5.66,87.71,1,0,0,0,0
TXN-00011285,33.66,22,restaurant,29,1804,1,23.32,26.65,75.12,1,0,0,0,0
TXN-00011286,12.51,9,grocery,51,1561,1,32.06,0.22,70.64,0,0,0,0,0
TXN-00011287,118.66,5,travel,45,802,3,29.52,12.68,86.98,0,1,1,0,1
TXN-00011288,71.58,9,travel,63,1022,3,24.48,10.47,88.16,1,0,0,0,0
TXN-00011289,181.46,9,restaurant,20,634,2,31.3,20.08,86.16,2,0,0,0,0
TXN-00011290,7.31,22,restaurant,70,904,1,19.36,37.29,63.46,0,0,1,0,0
TXN-00011291,297.91,1,cash_withdrawal,58,3001,3,40.66,36.73,89.9,0,0,0,0,1
TXN-00011292,7.76,15,grocery,66,993,6,22.02,9.5,77.26,0,0,1,0,0
TXN-00011293,11.49,18,online_shopping,41,730,2,50.09,1.34,88.23,0,0,0,0,0
TXN-00011294,21.08,18,fuel,43,376,3,11.93,3.94,63.83,0,0,0,0,0
TXN-00011295,159.67,4,travel,37,1141,2,31.07,4.57,79.99,0,0,0,0,0
TXN-00011296,51.26,9,online_shopping,66,581,2,40.38,18.52,47.77,0,0,1,0,0
TXN-00011297,31.31,8,grocery,22,485,2,66.05,3.83,91.64,0,1,1,1,0
TXN-00011298,17.6,9,travel,48,1129,1,20.73,25.46,72.49,0,0,0,0,0
TXN-00011299,9.54,2,travel,33,624,3,62.72,7.64,97.7,0,0,1,0,0
TXN-00011300,132.86,1,electronics,55,1419,0,38.91,8.23,58.6,1,1,0,0,0
TXN-00011301,93.56,0,online_shopping,73,356,4,90.0,23.74,91.4,0,0,1,0,0
TXN-00011302,167.35,23,cash_withdrawal,57,1250,3,11.25,13.91,78.95,0,0,0,0,1
TXN-00011303,61.35,10,online_shopping,20,2029,0,34.09,10.52,85.51,1,0,0,0,0
TXN-00011304,5.0,5,online_shopping,41,1184,2,28.54,22.62,63.69,2,0,0,0,0
TXN-00011305,10.95,19,grocery,19,1460,4,32.47,37.06,91.77,1,0,1,0,0
TXN-00011306,65.9,11,grocery,46,666,1,51.46,4.45,87.17,1,0,0,0,0
TXN-00011307,27.43,8,gaming,28,1489,3,72.24,1.22,85.3,1,0,1,0,0
TXN-00011308,22.49,2,online_shopping,58,1175,4,36.15,12.7,82.46,1,0,0,0,0
TXN-00011309,12.7,9,cash_withdrawal,48,1037,1,10.28,2.34,78.59,1,0,1,0,0
TXN-00011310,109.4,15,fuel,35,1705,0,22.82,8.33,61.67,0,0,0,0,0
TXN-00011311,65.3,14,restaurant,67,1292,0,226.98,42.18,56.48,1,0,0,0,0
TXN-00011312,68.46,9,electronics,61,598,1,15.69,12.11,91.06,0,0,0,0,0
TXN-00011313,20.8,14,restaurant,54,793,5,32.79,6.06,74.06,0,0,1,0,0
TXN-00011314,48.67,18,restaurant,38,1896,0,46.84,14.28,90.47,0,0,1,0,0
TXN-00011315,9.93,22,grocery,33,565,2,55.78,112.47,84.46,1,0,0,0,0
TXN-00011316,35.29,12,fuel,51,565,5,19.7,42.29,78.57,0,0,1,0,0
TXN-00011317,5.0,5,fuel,63,1413,2,74.54,0.63,87.87,0,0,0,0,0
TXN-00011318,7.79,3,grocery,66,778,1,64.51,5.01,75.07,0,0,1,0,0
TXN-00011319,28.83,3,restaurant,63,2053,0,38.77,20.32,84.7,0,0,0,0,0
TXN-00011320,489.74,0,restaurant,19,1307,2,16.08,24.31,83.72,0,0,1,0,0
TXN-00011321,6.11,13,online_shopping,75,813,4,20.25,25.15,74.43,0,1,1,0,0
TXN-00011322,10.96,5,gaming,31,1178,3,18.92,32.75,89.0,0,0,1,0,1
TXN-00011323,50.79,5,fuel,18,669,3,24.84,3.32,76.95,0,1,1,0,1
TXN-00011324,259.28,17,grocery,50,2213,4,71.14,0.71,84.13,0,0,0,0,0
TXN-00011325,50.01,7,fuel,44,1057,4,35.15,5.48,86.76,0,0,0,0,0
TXN-00011326,84.54,19,grocery,24,851,1,43.5,6.77,74.65,2,0,0,0,0
TXN-00011327,28.38,3,travel,30,726,4,32.17,2.73,73.43,0,0,1,0,0
TXN-00011328,23.66,8,online_shopping,29,590,3,78.23,18.74,89.0,1,0,0,0,0
TXN-00011329,44.09,1,online_shopping,43,633,4,10.51,7.2,70.42,0,0,0,0,1
TXN-00011330,20.26,12,grocery,61,694,1,10.0,107.26,73.55,0,1,1,0,0
TXN-00011331,86.53,2,grocery,57,433,5,28.1,28.49,91.46,0,0,0,1,0
TXN-00011332,7.49,5,jewelry,19,811,5,28.56,10.28,96.69,0,0,1,0,0
TXN-00011333,102.98,17,electronics,28,888,2,28.01,0.79,82.58,1,0,1,0,0
TXN-00011334,42.15,21,pharmacy,53,1190,4,18.39,8.9,79.84,1,0,1,0,0
TXN-00011335,32.28,13,grocery,64,647,1,12.33,23.44,89.07,0,0,0,0,1
TXN-00011336,7.21,23,travel,19,621,2,26.86,12.9,72.28,0,0,0,0,0
TXN-00011337,14.46,18,grocery,37,932,0,22.67,21.8,82.65,1,1,0,0,0
TXN-00011338,142.39,18,fuel,24,855,0,33.55,1.94,71.27,0,0,1,1,1
TXN-00011339,32.49,23,grocery,46,1143,3,45.13,12.87,66.06,1,0,0,0,0
TXN-00011340,54.18,2,restaurant,40,366,9,61.74,1.56,84.62,1,0,1,0,0
TXN-00011341,16.06,5,fuel,28,1182,2,49.25,4.41,86.15,0,0,0,0,0
TXN-00011342,39.23,10,cash_withdrawal,73,925,1,28.42,20.82,84.94,0,0,1,0,0
TXN-00011343,9.58,14,electronics,62,272,2,38.81,4.04,62.28,0,0,0,0,0
TXN-00011344,44.92,23,cash_withdrawal,49,820,2,13.48,10.18,71.85,0,0,1,1,0
TXN-00011345,59.69,2,gaming,62,1374,7,16.76,6.24,89.25,0,0,0,0,1
TXN-00011346,56.64,5,travel,36,983,4,87.78,20.0,92.38,0,0,1,0,0
TXN-00011347,15.66,7,jewelry,72,865,4,57.0,20.98,70.91,1,0,1,0,0
TXN-00011348,28.24,16,gaming,41,660,7,11.19,10.85,76.78,0,0,1,0,1
TXN-00011349,71.1,22,gaming,40,363,2,18.41,9.19,80.63,2,0,1,0,0
TXN-00011350,32.39,22,online_shopping,50,954,2,96.58,32.47,84.15,0,0,0,0,0
TXN-00011351,29.91,17,grocery,51,1532,1,17.59,30.2,56.75,0,0,1,0,0
TXN-00011352,298.46,18,cash_withdrawal,53,1896,6,10.0,35.55,72.06,0,0,1,0,1
TXN-00011353,14.9,9,restaurant,66,552,1,20.83,15.51,83.57,1,0,0,0,0
TXN-00011354,125.77,14,grocery,33,999,5,21.18,18.73,90.13,1,0,1,1,0
TXN-00011355,12.03,4,gaming,59,1027,2,61.37,5.74,94.05,0,0,0,1,1
TXN-00011356,80.44,12,grocery,29,757,3,51.27,5.22,66.42,0,0,0,0,0
TXN-00011357,85.08,7,fuel,31,1546,3,21.63,4.78,76.99,0,0,0,0,0
TXN-00011358,23.67,22,online_shopping,46,1047,3,28.47,9.67,77.59,1,0,1,0,0
TXN-00011359,11.26,8,online_shopping,48,468,1,35.99,21.34,86.16,0,0,1,0,0
TXN-00011360,5.11,9,grocery,55,873,4,47.78,29.23,74.06,0,0,1,0,0
TXN-00011361,21.2,9,grocery,26,1419,1,23.45,69.41,89.66,0,0,1,1,0
TXN-00011362,70.28,21,online_shopping,65,501,1,36.17,10.86,93.09,0,1,1,0,0
TXN-00011363,13.05,22,cash_withdrawal,50,926,3,75.82,1.24,78.59,0,0,0,0,0
TXN-00011364,44.78,10,online_shopping,52,962,0,27.24,24.71,57.75,1,1,1,0,0
TXN-00011365,8.58,23,electronics,61,1048,1,32.79,25.32,89.28,0,0,1,1,0
TXN-00011366,31.64,18,electronics,58,1319,1,44.52,2.82,81.06,1,0,0,0,0
TXN-00011367,12.13,20,fuel,42,703,3,20.67,5.58,91.4,0,0,1,0,0
TXN-00011368,37.27,21,online_shopping,46,2058,3,16.86,38.05,73.93,0,0,0,0,0
TXN-00011369,23.9,7,jewelry,31,1113,2,38.71,26.05,91.81,0,0,1,0,0
TXN-00011370,11.59,13,grocery,50,2369,0,43.74,21.43,73.05,0,0,1,0,0
TXN-00011371,20.25,6,online_shopping,29,762,3,28.42,11.71,92.76,3,0,0,0,0
TXN-00011372,15.17,7,fuel,54,1222,2,19.81,3.64,92.58,0,1,1,0,0
TXN-00011373,10.18,11,electronics,42,153,2,22.14,13.26,96.22,0,0,0,0,0
TXN-00011374,126.08,1,restaurant,31,2146,2,35.49,6.87,73.13,1,0,1,0,0
TXN-00011375,27.71,5,online_shopping,45,1140,3,13.95,5.16,67.92,0,0,1,0,0
TXN-00011376,5.0,19,electronics,72,761,3,59.17,40.72,78.13,0,0,1,0,0
TXN-00011377,21.02,3,electronics,50,417,3,82.87,3.86,78.11,1,0,1,0,0
TXN-00011378,105.68,14,online_shopping,38,1152,0,11.3,50.24,73.1,0,0,1,0,0
TXN-00011379,18.18,18,restaurant,44,715,1,43.01,12.85,79.74,0,0,1,0,0
TXN-00011380,194.93,6,online_shopping,53,1508,3,50.18,12.83,82.88,1,0,1,0,0
TXN-00011381,16.45,10,gaming,26,2023,3,52.85,1.95,86.45,0,0,1,0,0
TXN-00011382,68.62,21,cash_withdrawal,50,1059,2,10.24,5.86,63.92,0,0,1,0,0
TXN-00011383,120.12,20,online_shopping,19,1402,2,24.28,29.89,87.67,0,0,1,0,0
TXN-00011384,64.89,22,gaming,67,824,5,20.71,30.28,65.88,0,0,1,0,0
TXN-00011385,9.55,15,online_shopping,53,242,5,25.58,8.19,82.77,0,0,0,0,0
TXN-00011386,15.04,21,electronics,24,1194,1,13.43,4.28,92.51,3,0,1,0,0
TXN-00011387,138.18,9,cash_withdrawal,45,1345,0,91.98,10.6,76.49,1,0,0,0,0
TXN-00011388,17.38,14,electronics,69,832,2,39.79,17.15,68.93,0,0,1,0,0
TXN-00011389,112.67,16,restaurant,73,386,2,15.48,58.75,72.34,0,0,1,0,1
TXN-00011390,25.74,23,electronics,25,712,2,20.94,22.45,88.96,0,0,1,0,0
TXN-00011391,46.92,8,restaurant,33,1162,3,74.52,34.26,77.55,0,0,0,0,0
TXN-00011392,9.44,20,restaurant,26,816,1,28.07,7.11,87.97,0,0,1,0,0
TXN-00011393,21.36,12,restaurant,39,873,2,68.81,3.96,77.89,0,0,1,0,0
TXN-00011394,16.13,2,travel,68,1878,2,46.49,9.49,77.9,0,0,1,0,0
TXN-00011395,51.26,15,online_shopping,58,1133,3,12.4,3.63,55.28,1,0,1,0,0
TXN-00011396,44.61,23,grocery,32,2295,4,15.75,0.32,95.25,1,1,1,0,1
TXN-00011397,65.74,10,gaming,36,451,4,13.98,28.28,88.31,0,0,1,0,0
TXN-00011398,24.17,13,grocery,53,395,3,40.58,3.24,67.38,1,0,1,1,0
TXN-00011399,15.23,22,travel,52,1293,2,103.46,14.37,85.91,0,0,0,0,0
TXN-00011400,49.0,22,restaurant,44,1598,2,33.53,19.37,81.58,1,0,0,0,0
TXN-00011401,13.72,9,grocery,42,1266,2,27.94,5.79,84.02,0,0,1,0,0
TXN-00011402,125.5,18,gaming,72,2569,0,42.48,0.27,88.86,0,0,1,0,0
TXN-00011403,35.86,15,fuel,47,1919,6,28.53,9.71,95.97,1,0,1,0,0
TXN-00011404,28.72,15,cash_withdrawal,63,1669,1,24.07,12.95,52.94,1,0,0,0,0
TXN-00011405,65.71,17,restaurant,73,651,3,33.97,33.84,83.53,0,0,0,0,0
TXN-00011406,37.33,7,online_shopping,37,616,4,49.09,3.52,48.4,1,0,1,0,0
TXN-00011407,7.09,7,electronics,63,1703,2,21.52,13.04,73.68,0,1,1,0,0
TXN-00011408,13.27,0,fuel,65,869,1,15.65,2.81,91.24,0,0,0,0,1
TXN-00011409,122.8,20,electronics,30,1478,3,55.47,8.16,97.04,1,1,0,0,1
TXN-00011410,44.17,6,grocery,31,869,4,10.0,3.72,94.54,1,0,0,0,0
TXN-00011411,6.92,16,online_shopping,27,354,3,12.68,33.56,85.13,0,0,1,0,0
TXN-00011412,58.54,16,grocery,53,1772,3,30.14,3.69,74.32,1,0,1,0,0
TXN-00011413,22.48,16,grocery,62,1318,0,53.36,1.37,65.14,0,0,1,0,0
TXN-00011414,16.15,20,online_shopping,61,721,3,34.17,12.59,56.06,0,0,1,0,0
TXN-00011415,12.16,20,electronics,40,263,3,20.64,16.69,75.79,0,0,0,0,0
TXN-00011416,115.58,0,electronics,58,2242,4,50.64,22.31,62.2,0,0,1,0,1
TXN-00011417,5.14,20,jewelry,19,1469,5,17.98,52.49,78.58,0,0,1,0,0
TXN-00011418,16.79,4,gaming,56,1359,1,46.16,15.69,91.22,0,0,1,0,0
TXN-00011419,45.88,15,pharmacy,45,1512,1,22.33,0.62,99.2,1,0,0,1,0
TXN-00011420,212.15,16,electronics,66,488,4,13.8,2.37,72.86,0,0,1,0,0
TXN-00011421,72.35,1,cash_withdrawal,74,1920,1,47.57,63.52,86.97,0,0,0,0,0
TXN-00011422,16.64,6,grocery,50,57,1,83.57,22.39,82.64,1,0,0,0,0
TXN-00011423,201.51,21,restaurant,54,636,4,23.1,12.93,96.49,0,0,1,0,0
TXN-00011424,9.75,3,fuel,71,698,3,57.16,21.15,81.91,2,0,1,0,0
TXN-00011425,53.44,5,grocery,37,683,1,10.0,8.2,66.97,0,0,0,0,0
TXN-00011426,67.5,1,electronics,26,920,1,12.3,7.31,93.16,1,0,1,0,0
TXN-00011427,16.04,4,grocery,47,1423,0,15.76,6.75,61.01,0,0,1,0,0
TXN-00011428,84.14,15,travel,38,488,2,26.69,4.49,99.25,0,0,0,0,0
TXN-00011429,23.58,20,restaurant,54,404,6,40.48,18.56,69.25,0,0,1,0,0
TXN-00011430,83.92,14,pharmacy,63,1568,1,13.38,8.54,66.93,0,1,1,0,0
TXN-00011431,5.86,6,online_shopping,47,799,0,16.09,0.69,93.38,1,0,0,0,0
TXN-00011432,57.5,20,cash_withdrawal,35,665,2,50.01,4.04,87.33,1,0,1,1,1
TXN-00011433,26.24,8,restaurant,50,2048,2,16.96,20.84,53.42,0,0,1,0,0
TXN-00011434,135.26,7,gaming,43,1486,0,72.1,7.55,90.4,0,0,0,0,0
TXN-00011435,38.62,12,fuel,28,637,0,18.26,1.57,76.81,0,0,0,0,0
TXN-00011436,150.16,3,restaurant,62,230,4,62.32,27.69,73.16,1,0,0,0,0
TXN-00011437,68.92,8,gaming,37,1070,3,49.7,32.68,82.16,2,0,0,0,0
TXN-00011438,35.38,19,pharmacy,49,648,2,30.89,2.44,91.74,0,0,1,0,0
TXN-00011439,92.49,14,cash_withdrawal,70,1464,2,33.78,41.59,82.59,0,0,0,0,0
TXN-00011440,93.11,23,restaurant,28,1518,1,31.83,10.28,77.2,1,0,0,0,0
TXN-00011441,66.39,18,travel,42,907,1,61.13,9.95,65.62,0,0,1,0,0
TXN-00011442,5.0,8,fuel,28,722,1,10.0,21.29,73.04,0,0,0,0,0
TXN-00011443,14.42,18,gaming,43,927,3,23.52,1.52,81.69,1,0,1,1,1
TXN-00011444,173.0,20,gaming,35,846,1,33.16,9.83,80.03,0,1,1,0,0
TXN-00011445,10.82,15,fuel,71,1224,3,64.23,8.8,62.69,0,0,0,0,0
TXN-00011446,102.16,18,travel,35,950,1,20.22,16.42,75.65,0,0,0,0,0
TXN-00011447,84.93,12,restaurant,53,1239,3,10.0,42.82,82.5,0,0,1,0,0
TXN-00011448,18.88,21,grocery,25,878,0,10.0,13.02,53.22,0,0,1,0,0
TXN-00011449,5.0,5,fuel,44,641,5,30.73,32.57,88.09,0,0,1,0,0
TXN-00011450,22.26,10,jewelry,66,1050,3,12.48,4.17,92.8,0,1,1,0,0
TXN-00011451,358.5,6,travel,56,700,2,25.19,32.79,46.82,0,0,1,0,0
TXN-00011452,16.34,2,travel,34,1806,0,12.79,3.17,87.83,1,0,0,0,0
TXN-00011453,17.57,14,online_shopping,74,1184,0,23.22,10.89,59.22,1,0,1,0,0
TXN-00011454,14.19,2,grocery,64,674,0,104.46,48.55,47.29,0,0,1,0,0
TXN-00011455,144.82,5,travel,41,1220,2,66.97,24.0,81.57,2,0,1,1,0
TXN-00011456,31.34,18,online_shopping,74,1226,0,29.02,16.52,89.64,0,0,1,0,0
TXN-00011457,20.96,5,fuel,28,1108,3,24.51,3.29,93.99,2,1,1,0,0
TXN-00011458,178.42,20,grocery,37,714,0,16.42,11.14,78.43,1,0,0,0,0
TXN-00011459,74.33,1,gaming,71,1481,0,42.16,2.5,89.75,0,0,1,0,0
TXN-00011460,15.41,10,electronics,74,1487,0,23.23,1.35,68.81,0,1,0,0,0
TXN-00011461,11.19,1,grocery,65,623,1,70.37,4.13,84.49,1,0,1,0,0
TXN-00011462,136.47,1,fuel,29,504,2,31.6,3.43,69.06,0,0,0,0,0
TXN-00011463,41.17,18,electronics,30,759,5,32.47,10.77,69.13,0,0,0,0,0
TXN-00011464,7.95,1,electronics,55,1295,6,10.0,69.86,95.1,1,0,1,0,1
TXN-00011465,6.22,21,cash_withdrawal,21,748,3,20.2,13.96,84.41,0,0,1,0,1
TXN-00011466,12.53,14,cash_withdrawal,75,1228,3,98.54,0.33,77.34,0,0,0,0,0
TXN-00011467,11.01,11,restaurant,72,1479,4,10.76,60.49,69.2,0,1,1,0,0
TXN-00011468,5.0,22,grocery,64,438,3,24.86,12.34,65.82,0,0,1,0,0
TXN-00011469,12.75,9,gaming,74,1446,3,25.22,24.36,46.67,0,0,1,0,0
TXN-00011470,15.41,9,online_shopping,31,911,4,34.49,22.76,84.63,1,0,0,0,0
TXN-00011471,24.88,9,online_shopping,69,2339,2,37.55,12.77,96.89,0,0,0,1,0
TXN-00011472,239.26,15,online_shopping,32,894,0,20.45,27.18,92.64,1,0,0,0,0
TXN-00011473,30.56,20,pharmacy,25,689,3,51.12,2.57,95.06,0,0,0,0,0
TXN-00011474,33.92,13,travel,33,1162,4,19.38,22.26,82.44,0,0,1,0,0
TXN-00011475,69.04,6,fuel,62,1196,1,42.2,52.03,88.21,0,0,1,0,0
TXN-00011476,31.53,21,gaming,72,2577,1,10.57,5.09,88.65,0,0,0,0,0
TXN-00011477,61.57,14,grocery,53,819,5,17.55,1.05,74.01,0,0,1,0,0
TXN-00011478,54.31,19,fuel,32,888,3,10.79,6.04,79.05,0,0,1,1,1
TXN-00011479,46.0,10,restaurant,52,747,1,34.41,21.54,92.38,0,0,1,1,0
TXN-00011480,738.62,4,travel,47,1073,1,35.35,14.97,61.91,0,0,0,0,0
TXN-00011481,105.29,22,restaurant,48,886,3,22.2,15.19,53.04,0,0,0,0,0
TXN-00011482,12.99,16,gaming,38,893,3,34.3,10.71,76.82,1,0,0,0,0
TXN-00011483,59.66,7,fuel,26,1991,1,13.34,10.9,92.26,0,1,0,1,1
TXN-00011484,17.61,20,grocery,38,734,2,64.38,3.11,75.05,0,0,1,0,0
TXN-00011485,64.62,0,pharmacy,69,1167,2,51.62,0.08,53.42,0,0,0,0,0
TXN-00011486,9.55,22,online_shopping,41,1924,3,15.65,22.5,74.54,0,1,1,0,0
TXN-00011487,12.64,13,online_shopping,19,822,3,13.25,16.57,88.49,1,0,1,0,0
TXN-00011488,58.04,14,grocery,38,899,1,20.96,5.72,56.23,1,0,1,0,0
TXN-00011489,115.3,0,fuel,44,930,3,33.49,0.51,75.49,0,0,1,0,1
TXN-00011490,68.56,4,restaurant,52,530,1,31.17,4.01,69.67,2,0,0,0,0
TXN-00011491,99.17,17,restaurant,55,856,1,14.49,7.73,69.17,2,0,0,0,0
TXN-00011492,59.89,13,grocery,42,512,1,21.9,20.86,74.7,0,1,1,0,0
TXN-00011493,48.48,3,fuel,26,2286,2,35.8,7.22,62.7,0,0,0,0,0
TXN-00011494,23.83,15,electronics,43,778,1,22.22,25.55,73.62,0,0,0,0,0
TXN-00011495,94.98,17,fuel,18,1487,4,30.89,17.04,86.68,2,0,1,1,1
TXN-00011496,118.64,6,electronics,47,1056,1,55.07,1.87,85.08,0,0,1,1,0
TXN-00011497,37.85,16,cash_withdrawal,43,626,2,19.28,2.78,94.67,1,0,1,1,0
TXN-00011498,35.77,23,grocery,38,846,0,51.9,19.05,81.02,0,0,0,0,0
TXN-00011499,215.07,11,grocery,56,713,4,28.24,14.83,80.71,0,0,1,0,0
TXN-00011500,39.59,5,gaming,61,662,3,26.8,1.85,86.15,0,0,1,1,0
TXN-00011501,43.79,23,electronics,33,731,0,12.09,0.6,84.34,0,0,1,0,0
TXN-00011502,67.25,21,online_shopping,47,1146,1,48.46,1.23,70.42,0,0,0,0,0
TXN-00011503,36.5,10,travel,47,1197,4,104.97,52.15,87.39,0,0,1,0,0
TXN-00011504,17.09,10,pharmacy,47,1177,5,14.98,26.25,64.95,0,0,1,0,0
TXN-00011505,60.15,20,restaurant,41,1144,2,16.07,13.58,90.15,0,0,1,0,0
TXN-00011506,38.83,0,travel,30,1191,1,81.08,5.76,95.53,0,0,1,0,0
TXN-00011507,279.88,7,online_shopping,27,727,3,45.13,12.0,82.3,1,0,0,0,0
TXN-00011508,92.56,13,electronics,19,1302,1,19.13,18.21,82.04,0,0,1,0,0
TXN-00011509,21.64,15,cash_withdrawal,21,638,1,89.03,13.88,51.17,1,0,0,0,0
TXN-00011510,86.97,15,grocery,64,754,1,22.22,12.87,88.03,2,0,1,0,0
TXN-00011511,55.88,8,cash_withdrawal,22,359,3,30.5,23.3,82.71,0,0,1,0,0
TXN-00011512,159.96,20,pharmacy,67,600,1,37.31,2.56,84.3,0,0,1,0,0
TXN-00011513,23.32,15,pharmacy,69,1186,0,49.12,4.48,77.69,1,0,1,0,0
TXN-00011514,49.31,12,grocery,31,1247,3,39.91,8.18,69.66,1,0,1,0,0
TXN-00011515,36.45,22,online_shopping,43,1637,2,114.61,10.38,67.1,0,0,1,0,0
TXN-00011516,43.01,2,electronics,38,615,4,73.14,11.53,72.75,0,0,1,0,0
TXN-00011517,15.97,17,online_shopping,40,646,2,83.16,81.07,50.41,2,0,0,0,0
TXN-00011518,74.05,22,online_shopping,38,543,1,19.49,17.44,80.6,0,0,1,1,0
TXN-00011519,62.73,15,grocery,37,1202,2,36.98,2.91,84.68,0,0,1,0,0
TXN-00011520,155.94,13,fuel,57,579,3,89.56,28.35,71.17,1,0,1,0,0
TXN-00011521,40.02,8,restaurant,41,1615,4,23.15,79.68,93.95,1,1,1,0,0
TXN-00011522,26.25,6,pharmacy,28,734,2,23.27,8.87,77.82,0,0,0,1,0
TXN-00011523,92.64,13,grocery,39,944,2,54.57,11.97,74.79,0,0,1,1,0
TXN-00011524,17.57,21,grocery,74,1051,0,40.62,2.33,91.72,0,0,0,0,0
TXN-00011525,126.37,11,gaming,75,1618,3,29.6,6.05,66.49,0,0,0,0,0
TXN-00011526,126.09,2,jewelry,21,1992,3,35.79,1.95,71.61,0,0,0,0,1
TXN-00011527,151.43,11,pharmacy,51,1121,2,10.0,16.49,81.21,1,1,1,1,1
TXN-00011528,60.07,2,pharmacy,74,1324,1,24.1,4.96,87.13,0,1,0,1,1
TXN-00011529,24.27,22,electronics,29,601,0,17.25,13.01,77.8,1,0,0,0,0
TXN-00011530,45.36,12,restaurant,21,1898,1,84.99,21.09,79.51,0,0,0,0,0
TXN-00011531,60.28,5,online_shopping,30,1354,3,26.69,2.58,92.58,1,0,1,0,0
TXN-00011532,22.46,14,fuel,36,2877,1,31.66,17.61,66.84,0,0,0,0,0
TXN-00011533,163.98,12,travel,72,974,3,61.31,32.99,93.38,1,0,1,0,0
TXN-00011534,74.37,12,online_shopping,32,644,0,82.18,6.28,84.02,0,0,1,0,0
TXN-00011535,15.85,14,online_shopping,37,819,2,35.64,0.22,86.87,1,0,0,0,0
TXN-00011536,292.08,22,restaurant,33,1598,0,17.23,6.24,76.99,0,0,1,0,0
TXN-00011537,44.8,20,restaurant,40,1909,2,20.98,3.58,82.16,1,0,1,0,0
TXN-00011538,12.82,6,online_shopping,75,2289,3,36.28,10.17,83.86,0,0,0,0,0
TXN-00011539,16.92,5,cash_withdrawal,22,668,2,36.97,7.28,78.64,0,0,1,1,0
TXN-00011540,192.9,23,travel,44,468,1,17.71,13.29,80.28,1,0,1,0,0
TXN-00011541,274.85,15,online_shopping,53,916,1,10.0,1.0,83.84,2,0,1,0,0
TXN-00011542,116.74,0,jewelry,24,599,1,10.44,2.82,94.88,1,0,1,0,1
TXN-00011543,161.62,12,pharmacy,20,1491,1,13.86,19.1,71.08,0,0,1,0,1
TXN-00011544,145.1,2,travel,74,888,4,25.98,23.74,86.0,1,0,1,0,0
TXN-00011545,72.59,0,fuel,33,839,6,24.37,5.81,80.15,0,0,0,1,1
TXN-00011546,57.14,4,restaurant,32,841,2,10.16,19.05,69.06,0,0,0,0,1
TXN-00011547,71.3,6,grocery,38,798,2,25.57,3.42,79.57,1,1,1,0,0
TXN-00011548,87.6,1,gaming,22,466,2,88.52,6.9,68.51,0,0,1,0,1
TXN-00011549,18.57,20,grocery,26,623,2,37.77,15.98,95.07,0,0,1,0,0
TXN-00011550,87.23,10,fuel,19,1344,1,110.08,26.07,95.44,0,0,1,0,0
TXN-00011551,187.08,13,electronics,49,560,0,30.06,18.86,70.25,1,0,1,0,0
TXN-00011552,32.57,20,jewelry,44,1319,0,29.47,11.35,92.33,1,0,0,0,0
TXN-00011553,29.11,20,grocery,33,1033,5,36.01,10.68,86.11,0,0,0,0,0
TXN-00011554,66.71,19,fuel,71,1603,7,97.86,5.35,66.3,0,0,0,0,0
TXN-00011555,20.45,4,restaurant,35,980,1,83.29,6.66,87.94,0,0,1,0,0
TXN-00011556,10.15,17,cash_withdrawal,18,645,0,49.05,8.74,73.97,3,0,0,0,0
TXN-00011557,134.98,23,online_shopping,23,632,2,39.56,2.43,92.66,2,1,0,0,1
TXN-00011558,25.19,0,electronics,60,391,3,17.16,28.23,78.61,0,0,1,0,0
TXN-00011559,41.24,20,restaurant,48,671,2,12.53,13.51,94.46,0,0,0,0,0
TXN-00011560,21.31,20,travel,33,872,2,22.41,4.04,96.57,0,1,0,0,0
TXN-00011561,154.56,20,electronics,32,1693,5,81.07,5.99,87.53,1,0,1,0,0
TXN-00011562,99.07,9,online_shopping,30,1348,1,95.68,46.16,64.34,1,0,1,0,0
TXN-00011563,31.41,4,electronics,42,823,2,10.53,19.56,85.0,0,0,0,0,0
TXN-00011564,11.72,17,gaming,58,578,3,72.04,31.0,64.46,1,0,0,0,0
TXN-00011565,28.1,14,restaurant,55,1220,2,98.26,6.2,85.59,3,0,1,0,0
TXN-00011566,73.6,17,fuel,61,697,2,67.46,5.6,88.45,2,0,1,0,0
TXN-00011567,49.31,6,grocery,20,583,5,22.32,29.05,73.21,0,1,1,0,1
TXN-00011568,45.36,4,electronics,50,1225,1,51.1,13.13,86.18,0,0,1,0,0
TXN-00011569,50.52,21,electronics,62,623,1,11.0,14.47,80.77,0,0,1,0,0
TXN-00011570,89.72,12,fuel,29,1450,2,12.05,25.29,54.61,1,0,0,0,0
TXN-00011571,38.71,20,electronics,51,402,0,152.3,69.89,76.39,1,0,0,0,0
TXN-00011572,64.88,22,travel,18,620,2,22.31,14.22,93.7,0,0,0,0,1
TXN-00011573,14.35,11,fuel,70,602,2,14.3,15.68,55.06,1,0,0,0,0
TXN-00011574,590.84,6,gaming,60,1389,4,23.81,8.26,85.94,0,0,1,0,1
TXN-00011575,30.02,21,grocery,54,956,6,100.9,23.79,92.78,0,0,0,0,0
TXN-00011576,50.09,17,restaurant,52,1372,2,63.97,15.38,85.71,0,0,1,0,0
TXN-00011577,73.32,15,pharmacy,56,541,2,19.49,64.02,95.62,0,0,0,0,0
TXN-00011578,26.28,22,online_shopping,42,1350,2,28.78,9.29,63.07,0,0,1,0,0
TXN-00011579,40.78,5,jewelry,74,1289,4,41.55,3.07,85.23,0,0,0,0,1
TXN-00011580,40.26,8,grocery,30,625,6,46.75,5.28,93.8,0,0,0,0,0
TXN-00011581,15.49,0,fuel,65,652,2,41.98,1.43,79.3,1,0,1,0,0
TXN-00011582,64.1,9,electronics,62,658,2,16.3,5.94,88.96,0,0,1,0,0
TXN-00011583,7.16,10,pharmacy,66,2076,2,26.02,8.91,54.53,0,0,0,1,0
TXN-00011584,254.77,10,electronics,22,922,2,14.72,6.94,56.69,1,0,0,0,0
TXN-00011585,93.0,3,restaurant,43,506,2,56.27,19.56,79.66,0,0,1,0,0
TXN-00011586,79.13,19,travel,55,641,2,28.45,99.37,67.74,0,0,0,0,0
TXN-00011587,6.53,11,online_shopping,53,2652,2,37.66,0.92,82.56,0,1,0,0,0
TXN-00011588,17.6,10,restaurant,57,1030,2,19.64,71.17,96.68,0,1,1,0,0
TXN-00011589,173.96,20,restaurant,54,868,3,45.9,8.48,91.64,1,1,0,0,0
TXN-00011590,3161.51,11,electronics,30,398,2,46.94,27.8,75.22,1,0,0,0,1
TXN-00011591,141.8,21,cash_withdrawal,66,596,2,11.99,29.75,78.54,0,0,0,0,0
TXN-00011592,120.16,5,electronics,46,1626,2,50.75,1.69,93.15,0,1,1,0,0
TXN-00011593,70.19,20,jewelry,74,1051,2,14.29,22.77,59.49,0,0,1,0,0
TXN-00011594,16.61,23,fuel,48,607,0,19.46,38.54,86.33,2,0,1,0,0
TXN-00011595,115.0,18,gaming,49,2554,3,55.1,1.13,87.7,1,0,1,0,0
TXN-00011596,12.73,21,online_shopping,52,1038,3,19.87,15.78,71.52,1,0,1,0,0
TXN-00011597,11.35,17,grocery,68,2851,2,32.77,45.93,84.48,0,0,0,0,0
TXN-00011598,10.62,14,cash_withdrawal,70,543,7,28.58,8.37,92.45,0,0,0,0,0
TXN-00011599,112.68,18,electronics,51,462,5,11.92,11.14,85.86,0,1,1,0,0
TXN-00011600,38.08,23,fuel,49,917,2,76.11,17.63,86.49,0,0,1,0,0
TXN-00011601,44.97,14,cash_withdrawal,21,402,2,76.76,13.78,86.75,0,0,1,0,0
TXN-00011602,39.8,16,online_shopping,21,775,1,41.07,7.54,83.33,2,0,0,0,0
TXN-00011603,12.4,1,online_shopping,60,1253,0,25.01,0.08,89.91,0,0,0,0,0
TXN-00011604,20.0,23,grocery,38,1180,1,32.36,38.56,95.83,0,0,0,0,0
TXN-00011605,21.08,18,online_shopping,43,1027,2,72.59,10.64,69.52,1,0,1,0,0
TXN-00011606,9.25,3,online_shopping,54,614,5,21.72,5.6,91.79,0,0,1,0,0
TXN-00011607,23.82,6,travel,30,1465,1,23.05,2.86,43.75,2,0,1,0,0
TXN-00011608,13.0,5,online_shopping,37,864,0,26.36,27.9,91.9,1,0,1,0,0
TXN-00011609,74.18,7,fuel,20,258,3,10.0,2.74,56.45,0,0,1,0,1
TXN-00011610,80.97,21,fuel,62,563,3,48.0,5.96,87.81,0,0,0,0,0
TXN-00011611,10.4,11,cash_withdrawal,47,568,3,34.61,3.59,94.21,0,0,0,0,0
TXN-00011612,29.62,10,grocery,29,1587,3,52.37,26.03,79.2,1,0,0,0,0
TXN-00011613,283.97,18,grocery,52,563,2,22.49,12.26,44.46,0,0,1,0,0
TXN-00011614,14.44,8,grocery,26,1155,2,11.92,21.7,44.76,1,0,1,0,0
TXN-00011615,63.31,21,electronics,63,333,2,33.42,13.65,75.92,0,0,1,0,0
TXN-00011616,45.19,18,gaming,31,1236,4,14.36,9.5,80.32,1,1,0,0,0
TXN-00011617,127.43,6,fuel,33,393,2,44.35,9.25,74.0,1,0,0,0,0
TXN-00011618,55.16,15,travel,68,1560,2,46.88,9.82,88.69,0,0,1,0,0
TXN-00011619,25.72,11,online_shopping,61,866,3,122.95,10.26,57.73,1,0,1,0,0
TXN-00011620,43.38,8,electronics,57,1367,3,76.32,36.24,80.94,0,0,1,0,0
TXN-00011621,44.05,21,online_shopping,52,840,3,36.58,5.53,81.34,0,0,1,0,0
TXN-00011622,36.73,9,electronics,48,666,1,25.95,16.86,70.73,1,0,0,0,0
TXN-00011623,10.12,2,restaurant,29,379,1,54.39,8.87,65.26,0,0,1,0,0
TXN-00011624,149.19,9,online_shopping,35,308,1,37.33,11.17,90.3,1,0,1,0,0
TXN-00011625,123.93,12,electronics,73,658,1,22.57,4.73,98.34,0,0,0,0,1
TXN-00011626,13.51,3,restaurant,71,934,1,10.0,3.04,97.56,0,0,0,0,0
TXN-00011627,29.5,17,fuel,60,479,3,136.55,12.26,62.6,0,0,0,0,0
TXN-00011628,31.93,5,electronics,69,2236,1,61.36,31.07,73.67,2,0,1,0,0
TXN-00011629,12.01,2,grocery,64,1743,3,46.58,5.4,61.09,1,0,1,0,0
TXN-00011630,5.7,12,cash_withdrawal,41,861,1,31.86,49.74,82.36,0,0,1,0,0
TXN-00011631,20.0,3,electronics,59,1855,3,105.32,6.36,59.47,2,0,1,0,0
TXN-00011632,27.82,18,fuel,61,873,2,54.6,9.93,77.1,1,0,0,0,0
TXN-00011633,8.91,1,travel,26,484,4,12.39,39.01,55.51,0,1,1,0,0
TXN-00011634,48.71,10,restaurant,70,802,3,25.93,18.11,97.65,1,0,1,0,0
TXN-00011635,137.14,1,restaurant,46,1292,2,50.06,10.06,86.72,0,0,1,0,0
TXN-00011636,97.93,9,electronics,36,615,3,67.12,17.6,79.21,1,0,1,0,0
TXN-00011637,35.41,22,electronics,45,2001,1,25.31,15.27,66.63,1,0,0,0,0
TXN-00011638,5.86,15,restaurant,37,712,3,82.65,26.52,95.54,0,0,1,0,0
TXN-00011639,85.75,12,electronics,37,1378,5,12.9,43.69,90.69,1,0,1,0,0
TXN-00011640,47.17,3,cash_withdrawal,49,834,3,25.88,3.08,79.35,0,0,1,0,0
TXN-00011641,63.15,7,electronics,75,584,2,26.59,23.97,93.11,0,0,0,0,0
TXN-00011642,308.87,9,fuel,41,453,5,56.75,4.49,75.98,0,0,1,0,0
TXN-00011643,17.01,13,online_shopping,30,1453,2,71.41,25.81,80.68,1,1,1,0,0
TXN-00011644,5.0,4,online_shopping,62,223,4,70.3,5.1,91.69,1,0,1,0,1
TXN-00011645,13.38,23,grocery,35,1096,6,12.39,22.75,42.1,1,0,1,0,0
TXN-00011646,67.38,15,pharmacy,49,637,0,33.58,3.9,86.06,0,0,0,0,0
TXN-00011647,41.61,7,pharmacy,32,1466,5,11.3,28.39,77.38,1,0,0,0,0
TXN-00011648,11.29,2,online_shopping,30,652,2,31.36,10.6,70.8,1,0,1,0,0
TXN-00011649,9.11,14,electronics,32,1068,2,90.36,5.33,79.32,0,1,0,0,0
TXN-00011650,27.87,10,electronics,38,1156,2,114.08,9.24,89.3,0,1,1,0,0
TXN-00011651,10.93,16,online_shopping,73,2406,4,41.8,9.32,95.28,1,0,1,0,1
TXN-00011652,69.87,14,electronics,56,2336,2,36.96,14.59,92.33,0,0,1,0,0
TXN-00011653,26.26,15,restaurant,58,658,0,27.35,1.05,57.43,0,0,1,0,0
TXN-00011654,20.94,20,online_shopping,21,579,5,30.17,14.59,95.19,0,0,0,0,0
TXN-00011655,18.24,12,jewelry,18,1019,0,78.77,0.16,82.53,0,0,1,0,0
TXN-00011656,53.32,17,fuel,37,1556,3,17.42,21.4,81.15,0,0,0,0,0
TXN-00011657,42.3,8,restaurant,69,297,0,25.66,27.63,94.08,0,0,0,0,0
TXN-00011658,50.0,22,jewelry,18,2060,7,30.87,8.04,89.59,1,0,0,0,0
TXN-00011659,48.87,9,cash_withdrawal,62,739,2,19.23,37.61,62.56,0,0,1,0,0
TXN-00011660,37.49,16,online_shopping,65,1525,3,42.26,7.53,85.61,1,0,0,0,0
TXN-00011661,13.67,23,online_shopping,34,744,1,83.27,8.75,80.16,0,0,0,0,0
TXN-00011662,18.79,8,fuel,24,1959,2,45.76,6.1,89.66,1,0,1,0,0
TXN-00011663,26.72,2,online_shopping,26,737,4,19.22,3.05,79.56,0,0,0,0,0
TXN-00011664,353.7,5,electronics,22,1319,2,18.59,35.67,75.42,1,0,1,0,0
TXN-00011665,9.81,5,fuel,66,945,0,13.22,0.43,45.15,1,0,0,0,0
TXN-00011666,26.05,1,online_shopping,63,471,3,28.07,8.52,73.24,1,0,1,0,1
TXN-00011667,44.84,13,online_shopping,57,719,2,17.53,9.08,97.1,0,1,0,0,0
TXN-00011668,29.41,6,travel,23,267,1,35.24,28.79,92.74,1,0,1,0,0
TXN-00011669,124.92,2,fuel,73,665,4,19.07,17.01,96.25,0,0,1,1,0
TXN-00011670,29.26,3,travel,57,1134,2,12.04,32.41,77.91,0,0,1,0,0
TXN-00011671,31.62,6,online_shopping,66,1910,3,10.0,38.9,72.8,0,1,0,0,0
TXN-00011672,95.14,8,online_shopping,40,918,2,45.09,13.88,82.67,0,0,0,0,0
TXN-00011673,270.76,23,grocery,29,2794,0,12.14,23.32,97.19,0,1,0,0,0
TXN-00011674,177.31,16,jewelry,65,1637,3,41.38,6.95,79.71,0,0,0,0,1
TXN-00011675,35.04,17,online_shopping,20,596,3,19.63,21.83,96.39,0,0,1,0,0
TXN-00011676,38.4,16,online_shopping,28,954,2,35.52,27.98,54.63,2,0,1,0,0
TXN-00011677,42.48,19,online_shopping,26,1252,1,29.04,8.07,69.25,0,0,0,0,0
TXN-00011678,47.2,7,fuel,22,751,4,32.99,19.5,84.21,0,0,1,0,0
TXN-00011679,16.61,2,online_shopping,49,1128,1,55.72,66.58,69.78,0,0,1,0,0
TXN-00011680,108.14,12,gaming,31,684,2,18.91,6.12,91.31,1,0,1,0,0
TXN-00011681,50.25,0,pharmacy,74,939,3,78.79,0.55,69.69,1,0,1,0,0
TXN-00011682,38.59,5,online_shopping,72,1790,5,49.21,18.63,77.65,2,0,0,0,0
TXN-00011683,10.65,18,travel,27,716,1,24.06,3.83,63.21,1,0,0,0,0
TXN-00011684,43.18,12,grocery,66,391,1,25.75,25.1,79.63,0,0,0,0,0
TXN-00011685,5.54,16,pharmacy,20,2382,2,32.26,26.4,91.26,1,0,1,0,0
TXN-00011686,21.96,12,cash_withdrawal,34,1473,1,22.68,8.35,77.06,1,0,1,0,0
TXN-00011687,22.39,13,pharmacy,56,1220,3,10.0,2.61,57.26,0,1,0,0,0
TXN-00011688,54.67,7,restaurant,29,2028,2,15.82,3.17,76.6,0,0,1,0,0
TXN-00011689,291.15,5,online_shopping,22,1521,0,15.79,14.31,92.64,0,0,1,0,0
TXN-00011690,73.74,6,restaurant,27,746,2,26.32,9.58,88.12,0,0,1,0,0
TXN-00011691,185.09,19,online_shopping,56,2366,2,13.56,17.29,85.52,0,1,0,0,0
TXN-00011692,79.64,23,electronics,30,1132,3,51.31,4.28,63.77,0,0,0,0,0
TXN-00011693,131.8,1,restaurant,32,1397,4,32.53,6.67,76.51,0,0,1,0,0
TXN-00011694,284.29,12,travel,29,318,2,22.84,62.0,59.24,1,0,0,0,0
TXN-00011695,18.76,11,pharmacy,69,519,3,17.57,13.02,74.08,0,0,0,0,0
TXN-00011696,17.51,13,restaurant,69,454,3,30.3,20.27,90.85,0,0,0,0,0
TXN-00011697,81.63,5,restaurant,64,435,2,55.08,19.81,76.16,0,0,0,0,0
TXN-00011698,40.29,0,online_shopping,19,1276,3,10.0,10.68,76.74,0,0,1,0,1
TXN-00011699,50.98,4,fuel,32,584,4,11.27,0.94,54.52,1,0,1,0,0
TXN-00011700,31.15,4,restaurant,69,1103,4,15.3,12.57,69.61,0,0,1,0,0
TXN-00011701,21.63,1,grocery,50,1498,4,12.74,6.09,64.83,0,0,1,0,0
TXN-00011702,221.81,8,restaurant,20,656,3,11.66,3.42,68.35,0,0,1,0,0
TXN-00011703,12.75,16,pharmacy,32,576,3,30.07,16.52,84.03,0,0,0,0,0
TXN-00011704,83.16,23,pharmacy,65,330,1,29.16,48.54,74.83,0,0,0,0,0
TXN-00011705,70.14,15,electronics,68,1727,1,23.38,17.1,76.46,0,0,1,0,0
TXN-00011706,7.71,4,cash_withdrawal,42,673,4,34.06,3.53,65.28,0,0,0,0,1
TXN-00011707,16.91,8,jewelry,26,2087,5,28.39,22.91,69.05,0,0,0,0,0
TXN-00011708,20.17,7,cash_withdrawal,22,1208,5,18.25,3.36,68.52,0,0,1,0,0
TXN-00011709,73.17,5,cash_withdrawal,31,1868,0,22.57,5.06,59.59,0,1,1,0,0
TXN-00011710,27.51,23,online_shopping,64,412,3,34.4,12.15,76.98,0,1,1,0,0
TXN-00011711,36.97,15,restaurant,65,1365,2,13.57,0.57,58.41,0,0,1,0,0
TXN-00011712,8.75,11,electronics,32,1387,2,36.25,20.77,83.21,1,0,0,0,0
TXN-00011713,465.08,10,pharmacy,74,1675,0,10.0,1.75,61.75,0,0,0,0,0
TXN-00011714,43.59,7,pharmacy,68,596,2,29.29,4.23,79.38,0,0,1,0,0
TXN-00011715,68.3,10,restaurant,75,692,3,36.79,7.03,61.11,3,1,0,0,0
TXN-00011716,22.93,15,online_shopping,61,1700,6,15.97,3.78,92.58,1,0,1,0,0
TXN-00011717,20.38,22,travel,51,361,1,59.79,10.65,79.95,0,0,1,0,0
TXN-00011718,301.36,11,cash_withdrawal,74,552,2,63.01,2.82,74.88,0,0,1,0,1
TXN-00011719,5.41,4,electronics,57,1346,4,34.32,1.73,90.1,0,0,1,0,0
TXN-00011720,54.19,22,fuel,66,745,4,85.82,13.71,36.17,0,0,0,0,0
TXN-00011721,11.34,7,online_shopping,41,817,3,17.79,22.86,98.59,0,0,1,0,0
TXN-00011722,26.44,1,electronics,31,197,2,53.08,2.89,85.52,0,1,1,0,0
TXN-00011723,20.7,13,restaurant,51,2003,2,75.01,4.71,68.92,1,0,1,1,0
TXN-00011724,14.36,18,electronics,41,778,7,14.26,28.92,55.24,0,0,1,0,0
TXN-00011725,41.98,6,cash_withdrawal,38,1301,2,31.5,47.78,90.77,0,0,0,0,0
TXN-00011726,5.0,6,travel,58,1726,1,11.46,17.05,77.52,1,0,0,0,0
TXN-00011727,29.04,6,fuel,53,806,2,51.56,8.67,87.2,0,0,1,1,1
TXN-00011728,36.79,19,online_shopping,36,249,5,88.52,13.13,64.64,0,0,1,1,0
TXN-00011729,9.71,22,restaurant,32,1309,1,21.0,22.25,71.51,0,1,0,1,0
TXN-00011730,198.12,20,electronics,49,2030,1,29.31,18.07,85.47,1,0,0,0,0
TXN-00011731,21.67,5,online_shopping,36,1447,1,21.49,8.58,77.04,0,0,1,0,0
TXN-00011732,31.52,20,fuel,31,1177,1,151.41,24.49,73.58,0,0,1,0,0
TXN-00011733,21.72,7,restaurant,30,1442,1,16.6,12.89,67.76,0,0,1,0,0
TXN-00011734,37.13,20,fuel,56,1550,1,16.56,3.34,91.36,1,0,1,0,0
TXN-00011735,159.74,23,pharmacy,42,913,4,43.06,7.62,86.29,0,0,1,1,0
TXN-00011736,542.76,17,electronics,37,2055,2,28.29,0.55,75.74,0,0,1,0,1
TXN-00011737,88.49,22,electronics,24,1058,4,153.36,4.67,64.95,0,0,1,0,0
TXN-00011738,126.77,3,grocery,21,1602,3,108.95,11.4,80.04,0,0,0,0,1
TXN-00011739,245.24,15,restaurant,58,528,2,44.73,2.0,74.39,1,0,1,0,0
TXN-00011740,52.53,1,electronics,74,939,2,54.9,11.75,74.5,0,0,1,0,0
TXN-00011741,210.35,15,restaurant,36,613,1,48.2,14.22,81.81,0,0,0,0,0
TXN-00011742,92.95,8,gaming,66,1231,1,59.11,37.92,64.82,1,0,1,0,0
TXN-00011743,47.05,23,grocery,52,501,4,42.12,0.6,57.13,1,0,0,0,0
TXN-00011744,58.43,11,pharmacy,35,1449,3,15.55,19.07,90.22,0,0,0,0,0
TXN-00011745,5.97,18,restaurant,50,1288,1,17.55,6.7,84.22,0,0,0,0,0
TXN-00011746,54.97,7,grocery,25,870,3,56.32,27.29,68.65,5,0,1,0,0
TXN-00011747,8.0,1,restaurant,37,1518,3,21.63,30.9,73.0,1,0,1,0,0
TXN-00011748,7.34,17,pharmacy,60,530,3,71.69,4.59,85.53,0,0,0,0,0
TXN-00011749,49.53,5,travel,67,1444,2,48.05,15.39,99.01,1,1,1,0,0
TXN-00011750,12.56,17,fuel,30,566,5,13.86,7.37,56.42,0,0,1,1,0
TXN-00011751,40.15,11,online_shopping,70,672,3,14.21,2.05,81.57,1,1,0,1,1
TXN-00011752,46.78,23,fuel,53,1728,1,12.82,7.71,87.07,0,0,0,0,0
TXN-00011753,49.02,8,online_shopping,31,1745,1,49.91,13.17,92.96,0,0,0,1,1
TXN-00011754,15.65,9,restaurant,63,1227,1,63.85,0.32,83.87,0,0,1,0,0
TXN-00011755,103.92,17,electronics,69,2762,5,23.26,4.78,48.21,1,0,1,0,0
TXN-00011756,36.83,18,online_shopping,33,2156,3,29.87,2.81,91.04,1,0,0,0,0
TXN-00011757,64.27,3,fuel,24,865,1,36.89,10.35,83.91,1,0,0,0,1
TXN-00011758,11.52,17,pharmacy,34,558,5,52.94,20.97,82.01,0,0,1,0,0
TXN-00011759,33.54,11,pharmacy,61,1447,2,23.88,17.05,66.12,1,0,0,0,0
TXN-00011760,128.02,23,fuel,21,1083,4,39.72,9.69,97.51,1,0,0,0,0
TXN-00011761,112.02,15,cash_withdrawal,34,1315,1,28.57,3.19,81.87,2,1,0,1,1
TXN-00011762,17.51,18,travel,36,1377,3,10.87,2.35,94.2,0,1,1,0,0
TXN-00011763,22.81,8,online_shopping,18,633,0,72.91,10.58,65.16,0,0,1,1,0
TXN-00011764,14.32,6,travel,52,533,4,36.8,18.34,85.45,1,0,0,0,0
TXN-00011765,20.3,18,electronics,64,1329,2,26.47,21.58,95.9,1,0,1,0,0
TXN-00011766,9.31,0,electronics,27,1307,2,18.32,79.84,75.36,0,0,0,0,0
TXN-00011767,34.98,13,grocery,69,437,5,18.91,37.21,85.81,2,0,0,0,0
TXN-00011768,78.63,23,grocery,73,671,2,11.71,26.36,88.1,0,0,1,0,0
TXN-00011769,17.74,23,grocery,68,535,2,14.44,8.93,70.87,0,0,0,0,1
TXN-00011770,36.78,17,restaurant,59,1010,2,16.29,15.7,95.08,1,0,1,0,0
TXN-00011771,32.09,11,travel,43,936,1,20.89,15.16,95.89,0,1,1,0,0
TXN-00011772,122.47,19,grocery,29,311,3,70.77,2.08,71.07,1,0,1,0,0
TXN-00011773,21.28,0,grocery,70,1015,1,44.16,14.94,61.68,2,0,1,1,0
TXN-00011774,22.11,19,gaming,48,1135,1,16.48,36.33,86.77,2,0,1,0,0
TXN-00011775,16.64,4,electronics,44,1166,2,10.63,11.38,80.52,0,0,0,0,0
TXN-00011776,12.25,17,electronics,40,537,1,16.51,21.25,65.11,0,0,0,0,0
TXN-00011777,70.5,8,travel,30,953,4,76.67,27.65,67.96,2,0,1,0,0
TXN-00011778,35.1,18,electronics,40,1906,2,46.13,3.66,75.13,0,0,1,0,0
TXN-00011779,42.84,14,fuel,64,1852,2,26.65,29.08,79.76,0,0,1,0,0
TXN-00011780,154.22,22,travel,50,676,2,29.63,5.64,63.51,1,0,0,0,0
TXN-00011781,163.81,18,online_shopping,40,1799,1,63.08,11.79,74.37,1,0,1,0,0
TXN-00011782,7.18,21,electronics,24,754,0,29.53,5.32,66.54,0,0,1,0,0
TXN-00011783,79.86,3,online_shopping,42,1620,1,130.67,20.46,76.62,0,0,1,1,1
TXN-00011784,51.26,9,restaurant,30,1300,3,31.61,51.48,85.56,1,0,1,0,0
TXN-00011785,24.91,10,electronics,41,990,2,16.35,2.21,67.51,0,1,0,0,1
TXN-00011786,57.06,0,grocery,26,1192,5,10.0,47.12,86.44,1,1,0,0,0
TXN-00011787,6.6,0,electronics,72,229,1,39.93,6.92,70.75,1,0,1,0,0
TXN-00011788,187.87,0,grocery,28,1533,2,26.15,6.08,54.88,0,1,1,0,1
TXN-00011789,69.46,18,electronics,25,485,4,16.29,10.74,61.93,0,0,0,0,0
TXN-00011790,16.31,10,jewelry,56,1938,4,46.98,9.35,66.65,0,0,0,0,0
TXN-00011791,21.87,18,electronics,37,1212,2,35.71,6.91,89.15,0,1,1,0,0
TXN-00011792,6.76,20,gaming,75,539,2,22.23,12.18,71.37,0,0,0,0,0
TXN-00011793,29.09,0,travel,41,1534,0,36.55,9.28,75.69,1,0,1,0,1
TXN-00011794,24.36,20,electronics,55,1032,2,27.41,2.86,95.72,2,0,0,0,0
TXN-00011795,10.06,5,electronics,66,1353,3,54.64,26.1,89.07,0,0,1,0,0
TXN-00011796,91.43,9,fuel,75,928,2,31.78,24.87,82.54,0,1,0,0,0
TXN-00011797,154.57,23,grocery,64,1439,2,23.37,13.08,98.14,0,0,0,0,1
TXN-00011798,39.3,7,grocery,51,691,5,67.34,13.69,94.19,0,0,1,0,0
TXN-00011799,29.34,22,online_shopping,65,808,3,14.96,8.45,85.13,0,0,1,0,0
TXN-00011800,63.86,12,travel,34,1293,3,12.0,26.3,71.08,0,0,1,0,0
TXN-00011801,39.62,0,grocery,68,1951,1,20.31,3.54,46.52,1,0,1,0,0
TXN-00011802,12.98,19,online_shopping,68,987,3,10.0,73.74,55.17,0,0,0,1,0
TXN-00011803,20.38,1,online_shopping,40,1473,0,11.04,22.04,78.11,1,0,0,0,0
TXN-00011804,29.63,15,fuel,21,1408,5,25.66,1.92,68.32,0,1,1,0,0
TXN-00011805,52.49,11,gaming,57,1885,4,31.15,18.41,58.03,0,0,1,0,0
TXN-00011806,40.85,3,fuel,23,583,1,25.24,31.34,61.51,0,0,1,1,0
TXN-00011807,50.45,12,grocery,19,1177,2,41.57,26.11,75.79,1,0,1,0,0
TXN-00011808,8.16,8,grocery,72,1120,2,22.11,3.24,67.12,0,0,0,0,0
TXN-00011809,81.33,2,restaurant,50,1177,0,10.0,1.72,75.86,0,1,1,0,0
TXN-00011810,40.59,13,cash_withdrawal,55,743,2,48.69,4.74,85.32,0,0,1,1,0
TXN-00011811,590.13,1,pharmacy,69,1001,3,28.39,5.37,71.61,1,0,0,0,1
TXN-00011812,26.92,12,electronics,71,1614,5,47.14,21.72,99.03,2,0,0,0,0
TXN-00011813,56.81,5,electronics,73,601,3,45.0,11.83,82.44,0,0,1,1,0
TXN-00011814,788.93,19,pharmacy,25,1289,4,60.55,1.95,89.87,1,1,1,0,1
TXN-00011815,49.59,22,fuel,36,888,2,16.84,0.17,80.31,0,0,0,0,0
TXN-00011816,37.67,22,fuel,62,1141,1,13.84,6.93,82.9,1,0,1,0,0
TXN-00011817,14.35,22,online_shopping,19,868,2,28.26,3.87,83.41,0,0,0,0,0
TXN-00011818,201.28,2,restaurant,31,1613,3,27.19,22.8,84.19,4,0,0,0,0
TXN-00011819,11.98,12,electronics,47,545,1,67.43,36.42,75.62,0,1,0,0,0
TXN-00011820,63.34,5,restaurant,37,1147,2,41.78,36.93,90.73,0,1,0,0,0
TXN-00011821,24.6,2,online_shopping,28,1682,5,32.99,15.39,41.41,0,0,1,0,0
TXN-00011822,33.16,9,pharmacy,70,1185,2,13.61,15.55,73.81,2,0,1,0,0
TXN-00011823,9.07,10,online_shopping,43,658,5,18.94,41.34,66.76,0,0,1,1,0
TXN-00011824,165.72,7,pharmacy,41,645,1,10.49,42.63,59.5,0,0,1,0,0
TXN-00011825,30.21,2,fuel,56,1137,1,17.61,6.64,95.3,0,0,1,0,0
TXN-00011826,11.29,9,pharmacy,56,375,5,33.76,36.93,91.23,0,0,1,0,0
TXN-00011827,150.71,3,electronics,46,1316,3,40.18,0.12,45.98,1,0,1,1,1
TXN-00011828,23.82,0,cash_withdrawal,69,446,5,45.48,14.17,79.9,0,1,0,0,1
TXN-00011829,57.47,10,electronics,35,551,2,49.27,11.73,78.67,0,0,0,0,0
TXN-00011830,97.86,1,travel,68,2123,3,43.39,2.17,81.21,0,0,1,0,0
TXN-00011831,66.54,23,grocery,68,1931,3,20.28,0.93,94.72,0,0,1,0,0
TXN-00011832,5.0,20,online_shopping,18,814,2,18.24,1.38,59.13,0,0,1,0,0
TXN-00011833,83.94,22,grocery,61,1741,1,69.76,8.44,94.27,1,0,1,0,0
TXN-00011834,36.39,2,grocery,27,660,3,23.26,4.55,63.89,0,0,1,0,0
TXN-00011835,28.63,11,cash_withdrawal,46,1322,2,23.95,12.66,70.58,0,0,1,0,0
TXN-00011836,36.07,19,electronics,71,1806,0,27.77,0.14,72.34,2,0,0,0,0
TXN-00011837,7.46,13,jewelry,29,717,4,11.37,57.41,91.87,0,0,1,0,0
TXN-00011838,49.49,7,restaurant,50,443,4,26.6,0.69,81.49,0,0,1,0,0
TXN-00011839,9.65,19,electronics,63,1075,5,10.85,12.18,75.9,2,0,1,0,0
TXN-00011840,29.96,7,restaurant,45,699,4,45.1,17.92,69.18,0,0,1,0,0
TXN-00011841,47.66,23,cash_withdrawal,22,726,0,22.48,8.49,78.37,2,0,0,0,0
TXN-00011842,124.93,2,travel,21,549,4,20.52,2.44,87.36,1,0,0,0,1
TXN-00011843,17.11,16,travel,48,185,3,10.0,1.97,93.71,0,0,1,0,0
TXN-00011844,185.71,0,cash_withdrawal,19,761,3,36.91,10.08,85.23,0,1,1,0,1
TXN-00011845,109.31,21,grocery,18,803,4,141.99,4.22,86.1,1,0,0,0,0
TXN-00011846,25.77,8,electronics,73,659,2,20.66,25.73,43.7,0,0,1,0,0
TXN-00011847,12.63,0,cash_withdrawal,48,538,2,29.04,2.3,82.46,0,0,0,0,0
TXN-00011848,8.88,20,fuel,45,1546,2,83.63,10.71,68.51,2,0,0,1,0
TXN-00011849,53.8,23,pharmacy,23,1189,3,139.83,11.56,92.18,0,0,1,0,0
TXN-00011850,18.65,22,restaurant,63,462,3,13.66,27.32,73.53,2,0,0,0,0
TXN-00011851,142.5,11,restaurant,47,1105,4,65.84,21.9,83.14,1,0,1,0,0
TXN-00011852,19.82,1,online_shopping,30,618,2,10.0,21.15,77.54,0,0,1,0,0
TXN-00011853,15.71,5,restaurant,61,1481,3,10.0,15.56,96.27,0,0,1,0,0
TXN-00011854,51.69,0,grocery,31,665,2,10.0,4.87,76.05,0,0,0,0,0
TXN-00011855,19.68,1,fuel,47,1621,2,23.55,8.36,65.24,1,0,0,0,1
TXN-00011856,40.81,3,fuel,50,1565,3,10.0,44.78,59.13,2,0,1,0,1
TXN-00011857,113.9,13,electronics,34,1256,1,70.21,3.94,83.15,0,0,1,1,0
TXN-00011858,45.75,18,online_shopping,68,656,1,30.79,34.0,68.48,0,0,1,0,0
TXN-00011859,45.93,14,travel,58,867,1,44.81,15.54,68.37,1,0,1,0,0
TXN-00011860,50.17,4,electronics,34,923,0,23.92,23.84,81.7,0,0,1,0,0
TXN-00011861,6.84,14,pharmacy,27,1048,2,20.39,31.98,55.97,0,1,0,0,0
TXN-00011862,61.03,5,restaurant,37,1687,2,28.37,35.09,95.4,0,0,0,0,0
TXN-00011863,47.84,11,grocery,44,818,2,106.29,11.66,73.74,0,0,1,0,0
TXN-00011864,103.29,21,travel,49,1466,0,34.11,1.69,33.1,0,0,1,0,0
TXN-00011865,76.41,3,pharmacy,41,510,0,33.29,10.3,77.65,1,0,0,0,1
TXN-00011866,32.72,20,online_shopping,20,694,2,15.12,7.36,56.73,2,0,0,0,0
TXN-00011867,119.58,6,online_shopping,57,625,2,15.61,24.27,95.76,1,0,1,0,0
TXN-00011868,29.75,16,fuel,39,1477,2,19.29,0.38,66.34,0,0,0,0,1
TXN-00011869,52.43,6,pharmacy,37,1841,3,44.7,17.31,65.43,0,0,1,0,0
TXN-00011870,29.17,3,electronics,50,747,4,37.03,4.36,73.73,1,0,0,0,0
TXN-00011871,65.68,10,fuel,66,645,4,10.0,29.17,86.0,1,1,0,0,0
TXN-00011872,27.24,9,grocery,18,881,1,40.09,9.5,60.71,0,0,0,0,0
TXN-00011873,228.13,12,restaurant,73,603,2,47.83,80.94,84.5,2,0,1,0,1
TXN-00011874,336.38,5,fuel,55,760,3,43.96,17.99,83.76,0,0,1,0,1
TXN-00011875,101.25,23,grocery,49,882,2,43.41,0.82,73.25,0,1,0,1,0
TXN-00011876,204.05,16,electronics,20,887,2,44.13,8.13,71.18,3,0,1,0,0
TXN-00011877,8.04,20,cash_withdrawal,59,398,3,38.04,18.6,64.33,1,0,1,0,0
TXN-00011878,9.09,18,fuel,59,741,2,12.58,6.15,69.18,1,0,1,0,0
TXN-00011879,28.86,17,jewelry,50,2063,3,56.21,12.25,97.36,2,0,0,0,0
TXN-00011880,42.24,3,restaurant,64,439,2,91.77,38.41,73.5,0,0,1,0,0
TXN-00011881,32.85,14,restaurant,66,1042,4,68.24,7.55,96.13,0,0,0,0,0
TXN-00011882,7.21,21,travel,66,992,3,35.81,8.12,68.43,0,0,1,0,0
TXN-00011883,135.53,2,electronics,36,2359,2,28.56,8.1,63.64,0,0,1,0,0
TXN-00011884,388.35,11,fuel,57,1019,3,19.93,17.59,85.31,0,0,1,0,0
TXN-00011885,155.25,4,online_shopping,21,1979,5,10.0,39.57,98.04,1,0,1,0,1
TXN-00011886,126.44,19,pharmacy,50,1005,4,56.18,29.75,61.47,0,0,1,0,0
TXN-00011887,51.29,22,fuel,26,727,4,11.43,5.52,90.26,1,0,1,0,0
TXN-00011888,16.69,1,online_shopping,35,1033,1,23.73,20.53,94.62,0,1,0,0,0
TXN-00011889,43.65,19,online_shopping,57,500,4,23.4,4.27,81.93,1,0,1,0,0
TXN-00011890,369.03,8,jewelry,42,1077,0,67.8,21.27,87.7,1,0,0,0,0
TXN-00011891,27.95,23,grocery,68,763,4,46.15,0.29,76.93,1,0,0,0,0
TXN-00011892,25.09,0,online_shopping,23,730,0,20.1,40.76,56.04,0,0,1,0,0
TXN-00011893,129.37,4,pharmacy,74,1537,3,27.84,22.93,84.08,1,0,0,0,1
TXN-00011894,138.71,17,cash_withdrawal,59,837,1,26.17,9.76,87.97,0,0,0,1,0
TXN-00011895,16.6,18,fuel,42,327,1,44.95,7.1,82.86,0,0,0,0,0
TXN-00011896,30.74,1,fuel,19,1214,2,15.54,2.92,44.97,0,0,0,0,0
TXN-00011897,23.88,3,restaurant,20,1341,3,36.28,7.88,87.81,0,0,0,1,1
TXN-00011898,43.52,8,travel,41,2519,1,26.26,4.36,62.81,0,0,1,0,0
TXN-00011899,128.88,0,electronics,51,1075,2,147.34,0.68,79.53,0,0,1,0,0
TXN-00011900,17.39,18,restaurant,47,802,2,17.94,12.22,96.84,0,0,0,0,0
TXN-00011901,127.0,16,grocery,35,1223,3,66.4,10.39,84.28,0,0,1,0,0
TXN-00011902,45.0,17,grocery,55,519,2,22.76,5.08,87.16,1,0,1,0,0
TXN-00011903,465.22,11,restaurant,53,728,5,28.26,14.19,73.38,1,0,1,0,0
TXN-00011904,56.53,15,pharmacy,37,1285,2,72.37,51.78,56.11,1,0,0,0,0
TXN-00011905,36.53,13,fuel,36,867,0,42.84,19.31,65.36,0,0,0,0,0
TXN-00011906,73.95,16,restaurant,43,370,2,27.91,28.93,96.03,1,0,1,1,1
TXN-00011907,28.39,10,electronics,61,833,1,23.84,17.96,81.28,2,0,1,1,0
TXN-00011908,6.14,15,electronics,52,1026,1,74.11,6.64,64.66,0,0,0,0,0
TXN-00011909,31.42,15,pharmacy,25,850,4,23.79,0.12,96.47,0,0,0,0,0
TXN-00011910,30.9,15,electronics,71,398,3,23.76,29.65,78.2,1,0,1,0,0
TXN-00011911,7.6,20,online_shopping,29,229,5,19.29,5.71,70.83,0,0,0,0,0
TXN-00011912,37.46,8,travel,56,1401,1,97.18,7.31,37.73,0,0,0,0,1
TXN-00011913,5.0,21,electronics,18,1327,3,13.25,84.16,71.61,1,1,1,0,0
TXN-00011914,28.08,0,restaurant,32,688,1,36.14,33.51,82.95,0,0,0,0,0
TXN-00011915,52.24,11,pharmacy,50,674,0,37.28,1.63,93.42,0,0,0,0,0
TXN-00011916,44.78,10,grocery,67,809,1,13.76,11.89,91.02,0,1,1,0,0
TXN-00011917,26.27,20,grocery,50,1437,1,25.14,10.02,53.65,2,0,1,0,0
TXN-00011918,36.97,1,grocery,21,1032,1,23.54,1.83,50.37,0,0,1,0,0
TXN-00011919,17.76,5,restaurant,73,1767,2,20.25,33.89,85.83,2,0,0,1,0
TXN-00011920,40.91,11,online_shopping,33,1019,3,32.12,16.64,79.12,0,0,1,0,0
TXN-00011921,42.99,19,cash_withdrawal,39,618,2,36.74,27.89,88.5,1,0,0,1,0
TXN-00011922,15.72,11,electronics,24,702,3,24.87,7.46,87.24,0,0,1,0,0
TXN-00011923,53.58,15,cash_withdrawal,58,1236,4,110.53,43.43,82.6,0,1,1,1,0
TXN-00011924,53.22,4,grocery,43,1976,6,19.55,3.93,86.63,1,0,0,0,1
TXN-00011925,33.97,22,grocery,30,1056,3,35.49,10.98,96.63,1,0,0,0,0
TXN-00011926,513.94,18,online_shopping,54,1557,3,32.45,24.04,73.92,1,0,1,0,0
TXN-00011927,34.89,1,jewelry,29,1169,2,44.55,18.64,88.72,0,0,0,0,0
TXN-00011928,30.17,16,pharmacy,48,1112,1,34.41,15.08,82.69,0,0,0,0,0
TXN-00011929,25.96,3,grocery,56,2085,1,17.4,1.86,88.8,1,0,1,0,0
TXN-00011930,14.59,13,electronics,65,554,2,45.8,25.04,58.99,0,0,1,0,0
TXN-00011931,83.11,17,restaurant,58,816,2,30.39,15.49,79.06,1,0,1,0,0
TXN-00011932,19.68,22,grocery,50,743,1,56.75,7.38,97.24,0,0,0,0,0
TXN-00011933,22.28,1,grocery,19,951,5,49.95,44.61,84.12,2,0,0,0,0
TXN-00011934,22.99,6,pharmacy,31,432,5,44.38,33.62,89.26,0,0,1,0,0
TXN-00011935,14.38,16,electronics,51,929,0,55.04,9.06,95.84,1,0,1,0,0
TXN-00011936,6.43,6,travel,49,675,4,20.79,6.07,93.1,0,0,1,1,0
TXN-00011937,24.88,17,online_shopping,48,699,2,31.88,1.73,76.29,0,0,1,0,0
TXN-00011938,101.19,4,restaurant,60,1627,5,61.83,35.58,73.54,0,0,1,0,0
TXN-00011939,49.74,3,restaurant,70,636,2,34.98,2.06,80.77,2,0,1,0,0
TXN-00011940,208.22,13,restaurant,47,2370,4,18.2,3.53,81.13,0,0,1,1,1
TXN-00011941,88.99,16,pharmacy,25,1036,0,15.29,47.43,86.95,0,1,1,0,0
TXN-00011942,70.12,4,online_shopping,43,269,4,49.6,3.37,66.43,1,0,0,0,0
TXN-00011943,292.01,20,cash_withdrawal,32,1559,3,20.95,8.81,76.37,1,0,0,0,0
TXN-00011944,36.53,20,cash_withdrawal,48,225,3,29.01,6.87,99.04,0,0,1,0,0
TXN-00011945,43.22,1,electronics,52,492,2,74.97,6.99,66.83,0,0,1,0,0
TXN-00011946,39.96,7,online_shopping,49,1150,3,17.37,44.33,76.16,2,0,1,0,0
TXN-00011947,204.58,13,fuel,51,848,1,64.75,0.33,73.58,0,0,0,0,0
TXN-00011948,40.55,11,pharmacy,36,1323,3,15.64,27.99,71.19,0,0,0,1,0
TXN-00011949,20.48,6,fuel,28,703,1,65.34,19.68,86.18,0,0,1,0,0
TXN-00011950,74.97,12,travel,67,699,2,33.5,20.96,74.51,1,0,1,0,0
TXN-00011951,17.17,23,pharmacy,41,763,1,10.0,19.33,83.17,0,0,0,0,0
TXN-00011952,70.82,7,online_shopping,30,1183,1,13.58,3.91,85.06,1,0,0,1,0
TXN-00011953,62.46,5,restaurant,75,1341,2,17.14,2.42,76.61,1,1,0,0,1
TXN-00011954,33.15,17,gaming,19,508,4,32.69,0.85,63.2,1,0,0,0,1
TXN-00011955,73.27,13,restaurant,38,1664,4,62.29,8.27,38.99,0,0,1,0,0
TXN-00011956,8.48,16,electronics,61,2308,7,38.59,3.48,80.3,1,1,0,0,0
TXN-00011957,48.0,15,fuel,41,936,3,17.13,25.19,60.68,0,0,1,0,0
TXN-00011958,24.88,18,electronics,66,1081,1,76.69,14.71,67.76,1,0,1,0,0
TXN-00011959,816.79,17,grocery,38,676,2,28.79,0.06,71.15,0,0,0,0,0
TXN-00011960,47.64,14,electronics,55,1525,4,16.54,1.19,91.43,0,0,1,0,1
TXN-00011961,21.62,10,restaurant,42,231,0,27.79,18.03,76.7,2,0,0,0,0
TXN-00011962,9.51,11,cash_withdrawal,45,1908,3,30.16,12.21,92.41,0,0,1,0,0
TXN-00011963,159.28,6,restaurant,46,1803,0,17.2,1.95,80.25,0,0,1,0,0
TXN-00011964,28.01,10,travel,74,485,2,55.62,15.99,97.59,0,0,1,0,0
TXN-00011965,17.62,14,electronics,62,627,4,23.68,0.81,76.15,0,0,1,0,0
TXN-00011966,57.58,17,pharmacy,39,865,2,17.48,46.25,66.19,0,0,0,0,1
TXN-00011967,80.01,18,electronics,42,1441,5,44.56,32.58,96.01,0,0,1,0,0
TXN-00011968,78.7,9,online_shopping,41,407,2,38.76,24.57,67.43,0,0,1,0,0
TXN-00011969,41.29,17,restaurant,60,719,4,49.99,2.82,97.18,0,0,1,0,0
TXN-00011970,47.81,10,cash_withdrawal,52,1252,2,49.25,4.62,66.16,0,0,1,0,0
TXN-00011971,51.61,8,electronics,48,461,1,19.5,2.76,78.06,2,0,0,0,1
TXN-00011972,57.58,3,restaurant,42,898,4,27.8,9.43,85.81,0,0,0,0,1
TXN-00011973,63.19,6,online_shopping,41,986,3,10.0,0.46,77.87,0,0,0,0,0
TXN-00011974,127.64,16,grocery,50,545,4,32.73,17.82,81.66,2,0,0,1,1
TXN-00011975,42.92,5,electronics,66,961,3,35.03,7.74,96.43,1,0,1,0,0
TXN-00011976,17.16,1,restaurant,74,1004,5,26.27,51.2,74.8,1,0,1,0,1
TXN-00011977,34.76,6,grocery,21,671,1,16.07,0.17,62.04,0,0,1,1,0
TXN-00011978,89.25,23,electronics,31,378,4,59.55,4.79,91.36,1,0,1,0,0
TXN-00011979,6.2,3,grocery,57,358,5,13.65,8.26,94.79,1,0,0,0,0
TXN-00011980,6.24,3,fuel,26,1208,2,79.57,29.62,72.79,3,0,1,0,0
TXN-00011981,106.08,9,gaming,53,1206,2,11.16,5.51,66.27,0,0,0,0,0
TXN-00011982,199.56,9,cash_withdrawal,42,784,1,25.22,4.92,71.92,1,0,1,0,0
TXN-00011983,10.71,22,gaming,29,858,3,10.0,25.21,49.94,1,0,0,0,0
TXN-00011984,44.95,5,cash_withdrawal,47,726,3,18.32,8.19,77.42,0,0,1,0,0
TXN-00011985,26.59,10,cash_withdrawal,47,1697,2,35.05,3.5,68.52,0,0,1,1,0
TXN-00011986,30.76,6,online_shopping,59,733,2,36.76,41.9,84.2,1,0,1,0,0
TXN-00011987,55.75,5,restaurant,65,2122,3,25.62,12.15,76.61,0,0,1,0,0
TXN-00011988,10.41,7,gaming,73,603,1,21.6,1.55,81.01,2,0,1,0,0
TXN-00011989,12.65,6,pharmacy,43,1532,4,138.95,10.28,85.36,2,0,1,0,0
TXN-00011990,29.48,17,grocery,57,462,3,28.4,1.31,72.51,0,0,0,0,0
TXN-00011991,34.72,18,jewelry,63,1115,0,189.09,1.71,77.08,0,0,1,0,0
TXN-00011992,12.4,4,online_shopping,75,429,3,81.17,0.49,69.47,0,0,1,0,0
TXN-00011993,92.68,11,online_shopping,55,675,0,19.39,0.11,76.02,1,0,0,1,0
TXN-00011994,26.09,6,restaurant,32,1515,2,21.85,18.64,70.5,0,1,1,0,0
TXN-00011995,25.97,20,online_shopping,37,440,5,85.73,1.92,82.7,0,0,0,0,0
TXN-00011996,54.42,2,grocery,30,1856,2,12.13,31.82,73.29,0,0,1,0,0
TXN-00011997,35.33,9,electronics,29,1389,3,74.52,11.82,76.33,0,0,0,0,0
TXN-00011998,97.45,7,cash_withdrawal,35,1383,1,27.84,16.12,51.2,2,0,1,0,0
TXN-00011999,15.18,8,cash_withdrawal,46,1381,1,10.0,12.2,92.85,0,0,0,0,0
TXN-00012000,9.33,22,cash_withdrawal,63,1924,0,14.35,4.88,80.9,0,0,1,0,0
